loop_i,t_sec,rss_mb,total_chefs,active,gone,track_to_chef,_exit,_cam,_pending_exit,_world,_vel,m4_seen_camera_6,m4_seen_camera_7,m4_history_camera_6,m4_history_camera_7,m4_prev_removed_camera_6,m4_prev_removed_camera_7
0,424.83,255.8,1,1,0,1,0,1,0,0,0,1,0,1,0,0,0
50,426.5,256.3,1,1,0,1,0,1,0,0,0,1,0,1,0,0,0
100,428.17,256.4,5,5,0,5,0,5,4,0,0,4,1,4,1,0,0
150,429.83,256.5,7,3,4,3,4,3,2,0,0,4,3,0,3,0,0
200,431.5,256.5,7,1,6,1,6,1,0,0,0,4,3,0,1,0,0
250,433.17,256.5,7,1,6,1,6,1,0,0,0,4,3,0,1,0,0
300,434.83,256.5,7,1,6,1,6,1,0,0,0,4,3,0,1,0,0
350,436.5,256.6,9,3,6,3,6,3,1,0,0,6,3,2,1,0,0
400,438.17,256.6,9,1,8,1,8,1,0,0,0,6,3,1,0,0,0
