bound_rate,c0,c_star,cameras,chef_switch_rate,chef_switches,chef_switches_interleaved,clip_id,duration_s,exclusive,first_bound_fid,frac_iou_ge_075,gap_band,gaps_s,ghost_box_rate,ghost_track_rate,gt_id,handoff_type,l2_detail_k1,l2_detail_k5,l2_n_pairs_dropped_k1,l2_n_pairs_dropped_k5,l2_n_pairs_k1,l2_n_pairs_k5,l2_p_reacquire_ci_k1,l2_p_reacquire_ci_k5,l2_p_reacquire_k1,l2_p_reacquire_k5,l3_chef_per_camera,l3_n_camera_pairs,l3_n_chef_ids_per_camera,l3_n_pairs_dropped,l3_n_pairs_usable,l3_n_simul_frames,l3_p_handoff,l3_p_handoff_ci,l3_p_simul_agree,l3_p_simul_agree_ci,level,majority_tie,mean_iou,mean_iou_matched,median_iou,n_B,n_boxes,n_chefs_created_before_target_bound,n_distinct_chef_ids,n_ghost_boxes,n_ghost_tracks,n_matched,n_other_ids,n_sampled_cells,n_target_cells,n_track_ids,n_tracks_in_window,p10_iou,p90_iou,p_chef_shared_with_other_box,p_continuity,p_continuity_ci,p_exclusive,p_exclusive_ci,p_majority,p_majority_ci,recall_ci,recall_target,rule,seq,stride,track_switch_rate,track_switches,visibility
1.0,1,1,camera_1,0.0,0,0,L1-seq_026-c1-1-001870,15.5,True,1870,0.9468,,,0.0,0.0,1,,,,,,,,,,,,,,,,,,,,,,L1,False,0.8999,0.8999,0.9127,94,94,0,1,0,0,94,0,94,94,1,1,0.8692,0.9395,0.0,1.0,"(0.9607, 1.0)",,"(None, None)",1.0,"(0.9607, 1.0)","(0.9607, 1.0)",1.0,L1,seq_026,5,0.0,0,1.0
1.0,1,1,camera_1,0.0,0,0,L1-seq_026-c1-1-001870,15.5,True,1870,0.9442,,,0.0,0.0,1,,,,,,,,,,,,,,,,,,,,,,L1,False,0.9001,0.9001,0.9132,466,466,0,1,0,0,466,0,466,466,1,1,0.8704,0.936,0.0,1.0,"(0.9918, 1.0)",,"(None, None)",1.0,"(0.9918, 1.0)","(0.9918, 1.0)",1.0,L1,seq_026,1,0.0,0,1.0
1.0,1,1,camera_4,0.0,0,0,L1-seq_000-c4-1-001520,19.0,True,1520,0.9739,,,0.0,0.0,1,,,,,,,,,,,,,,,,,,,,,,L1,False,0.9077,0.9077,0.9267,115,115,0,1,0,0,115,0,115,115,1,1,0.835,0.9552,0.0,1.0,"(0.9677, 1.0)",,"(None, None)",1.0,"(0.9677, 1.0)","(0.9677, 1.0)",1.0,L1,seq_000,5,0.0,0,1.0
1.0,1,1,camera_4,0.0,0,0,L1-seq_000-c4-1-001520,19.0,True,1520,0.979,,,0.0,0.0,1,,,,,,,,,,,,,,,,,,,,,,L1,False,0.908,0.908,0.9266,571,571,0,1,0,0,571,0,571,571,1,1,0.8315,0.9542,0.0,1.0,"(0.9933, 1.0)",,"(None, None)",1.0,"(0.9933, 1.0)","(0.9933, 1.0)",1.0,L1,seq_000,1,0.0,0,1.0
0.9388,1,1,camera_1,0.0,0,0,L1-seq_024-c1-2-015670,8.0,True,15670,0.8776,,,0.0,0.0,2,,,,,,,,,,,,,,,,,,,,,,L1,False,0.8138,0.8669,0.8753,46,46,0,1,0,0,46,0,49,49,1,1,0.6887,0.9431,0.0,1.0,"(0.9229, 1.0)",,"(None, None)",1.0,"(0.9229, 1.0)","(0.8348, 0.979)",0.9388,L1,seq_024,5,0.0,0,1.0
0.9876,1,1,camera_1,0.0,0,0,L1-seq_024-c1-2-015670,8.0,True,15670,0.8797,,,0.0,0.0,2,,,,,,,,,,,,,,,,,,,,,,L1,False,0.847,0.8576,0.8758,238,238,0,1,0,0,238,0,241,241,1,1,0.7365,0.9451,0.0,1.0,"(0.9841, 1.0)",,"(None, None)",1.0,"(0.9841, 1.0)","(0.964, 0.9958)",0.9876,L1,seq_024,1,0.0,0,1.0
0.9825,1,1,camera_5,0.0,0,0,L1-seq_026-c5-2-007160,9.333,True,7160,0.9474,,,0.1642,0.6667,2,,,,,,,,,,,,,,,,,,,,,,L1,False,0.9315,0.9481,0.9622,56,67,0,1,11,2,56,0,57,57,1,3,0.9316,0.9794,0.0,1.0,"(0.9358, 1.0)",,"(None, None)",1.0,"(0.9358, 1.0)","(0.9071, 0.9969)",0.9825,L1,seq_026,5,0.0,0,1.0
0.9858,1,1,camera_5,0.0,0,0,L1-seq_026-c5-2-007160,9.333,True,7160,0.9253,,,0.2432,0.8333,2,,,,,,,,,,,,,,,,,,,,,,L1,False,0.9261,0.9394,0.9654,277,366,0,1,89,5,277,0,281,281,1,6,0.9161,0.9806,0.0,1.0,"(0.9863, 1.0)",,"(None, None)",1.0,"(0.9863, 1.0)","(0.964, 0.9945)",0.9858,L1,seq_026,1,0.0,0,1.0
1.0,1,1,camera_1,0.0,0,0,L1-seq_000-c1-3-004345,15.0,True,4345,0.956,,,0.09,0.5,3,,,,,,,,,,,,,,,,,,,,,,L1,False,0.9055,0.9055,0.9169,91,100,0,1,9,1,91,0,91,91,1,2,0.8457,0.9674,0.0,1.0,"(0.9595, 1.0)",,"(None, None)",1.0,"(0.9595, 1.0)","(0.9595, 1.0)",1.0,L1,seq_000,5,0.0,0,1.0
1.0,1,1,camera_1,0.0,0,0,L1-seq_000-c1-3-004345,15.0,True,4345,0.9601,,,0.1844,0.6667,3,,,,,,,,,,,,,,,,,,,,,,L1,False,0.9026,0.9026,0.9142,451,553,0,1,102,2,451,0,451,451,1,3,0.8449,0.9642,0.0,1.0,"(0.9916, 1.0)",,"(None, None)",1.0,"(0.9916, 1.0)","(0.9916, 1.0)",1.0,L1,seq_000,1,0.0,0,1.0
1.0,1,1,camera_7,0.0,0,0,L1-seq_000-c7-3-002915,20.0,True,2915,1.0,,,0.0,0.0,3,,,,,,,,,,,,,,,,,,,,,,L1,False,0.9426,0.9426,0.9491,121,121,0,1,0,0,121,0,121,121,1,1,0.8969,0.9783,0.0,1.0,"(0.9692, 1.0)",,"(None, None)",1.0,"(0.9692, 1.0)","(0.9692, 1.0)",1.0,L1,seq_000,5,0.0,0,1.0
1.0,1,1,camera_7,0.0,0,0,L1-seq_000-c7-3-002915,20.0,True,2915,1.0,,,0.0,0.0,3,,,,,,,,,,,,,,,,,,,,,,L1,False,0.9426,0.9426,0.9507,601,601,0,1,0,0,601,0,601,601,1,1,0.9003,0.9789,0.0,1.0,"(0.9936, 1.0)",,"(None, None)",1.0,"(0.9936, 1.0)","(0.9936, 1.0)",1.0,L1,seq_000,1,0.0,0,1.0
0.9677,1,1,camera_1,0.0169,1,1,L1-seq_020-c1-4-007505,10.167,True,7505,0.871,,,0.0625,0.0,4,,,,,,,,,,,,,,,,,,,,,,L1,False,0.8637,0.8924,0.9259,60,64,0,2,4,0,60,0,62,62,2,2,0.7295,0.9714,0.0,0.8667,"(0.7583, 0.9309)",,"(None, None)",0.8667,"(0.7583, 0.9309)","(0.8898, 0.9911)",0.9677,L1,seq_020,5,0.0169,1,1.0
0.9739,1,2,camera_1,0.0135,4,4,L1-seq_020-c1-4-007505,10.167,True,7505,0.8889,,,0.1183,0.3333,4,,,,,,,,,,,,,,,,,,,,,,L1,False,0.8674,0.8906,0.922,298,338,0,4,40,2,298,0,306,306,4,6,0.7293,0.9679,0.0,0.0638,"(0.0412, 0.0974)",,"(None, None)",0.802,"(0.7531, 0.8433)","(0.9493, 0.9867)",0.9739,L1,seq_020,1,0.0135,4,1.0
1.0,1,1,camera_3,0.0,0,0,L1-seq_020-c3-4-007425,11.167,True,7425,1.0,,,0.3131,0.5,4,,,,,,,,,,,,,,,,,,,,,,L1,False,0.9359,0.9359,0.944,68,99,0,1,31,1,68,0,68,68,1,2,0.8774,0.9806,0.0,1.0,"(0.9465, 1.0)",,"(None, None)",1.0,"(0.9465, 1.0)","(0.9465, 1.0)",1.0,L1,seq_020,5,0.0,0,1.0
1.0,1,1,camera_3,0.0,0,0,L1-seq_020-c3-4-007425,11.167,True,7425,0.997,,,0.2985,0.5,4,,,,,,,,,,,,,,,,,,,,,,L1,False,0.9366,0.9366,0.9459,336,479,0,1,143,1,336,0,336,336,1,2,0.8791,0.98,0.0,1.0,"(0.9887, 1.0)",,"(None, None)",1.0,"(0.9887, 1.0)","(0.9887, 1.0)",1.0,L1,seq_020,1,0.0,0,1.0
1.0,1,1,camera_3,0.0,0,0,L1-seq_004-c3-5-007450,27.5,True,7450,1.0,,,0.0,0.0,5,,,,,,,,,,,,,,,,,,,,,,L1,False,0.9355,0.9355,0.9383,166,166,0,1,0,0,166,0,166,166,1,1,0.9068,0.9542,0.0,1.0,"(0.9774, 1.0)",,"(None, None)",1.0,"(0.9774, 1.0)","(0.9774, 1.0)",1.0,L1,seq_004,5,0.0,0,1.0
1.0,1,1,camera_3,0.0,0,0,L1-seq_004-c3-5-007450,27.5,True,7450,1.0,,,0.0,0.0,5,,,,,,,,,,,,,,,,,,,,,,L1,False,0.9364,0.9364,0.9395,826,826,0,1,0,0,826,0,826,826,1,1,0.9083,0.9547,0.0,1.0,"(0.9954, 1.0)",,"(None, None)",1.0,"(0.9954, 1.0)","(0.9954, 1.0)",1.0,L1,seq_004,1,0.0,0,1.0
0.9925,1,1,camera_1,0.0,0,0,L1-seq_000-c1-5-000385,22.167,True,385,0.9104,,,0.3109,0.6667,5,,,,,,,,,,,,,,,,,,,,,,L1,False,0.8771,0.8837,0.9099,133,193,0,1,60,2,133,0,134,134,1,3,0.7582,0.9663,0.0,1.0,"(0.9719, 1.0)",,"(None, None)",1.0,"(0.9719, 1.0)","(0.9589, 0.9987)",0.9925,L1,seq_000,5,0.0,0,1.0
1.0,1,4,camera_1,0.0015,1,1,L1-seq_000-c1-5-000385,22.167,True,385,0.9294,,,0.3313,0.7143,5,,,,,,,,,,,,,,,,,,,,,,L1,False,0.8821,0.8821,0.9073,666,996,0,2,330,5,666,0,666,666,2,7,0.7727,0.9652,0.0,0.0285,"(0.0183, 0.0441)",,"(None, None)",0.9715,"(0.9559, 0.9817)","(0.9943, 1.0)",1.0,L1,seq_000,1,0.0015,1,1.0
1.0,1,1,camera_4,0.0,0,0,L1-seq_024-c4-6-015905,13.5,True,15905,0.9634,,,0.0,0.0,6,,,,,,,,,,,,,,,,,,,,,,L1,False,0.9349,0.9349,0.9589,82,82,0,1,0,0,82,0,82,82,1,1,0.8616,0.9783,0.0,1.0,"(0.9552, 1.0)",,"(None, None)",1.0,"(0.9552, 1.0)","(0.9552, 1.0)",1.0,L1,seq_024,5,0.0,0,1.0
1.0,1,1,camera_4,0.0,0,0,L1-seq_024-c4-6-015905,13.5,True,15905,0.9828,,,0.0,0.0,6,,,,,,,,,,,,,,,,,,,,,,L1,False,0.9413,0.9413,0.9574,406,406,0,1,0,0,406,0,406,406,1,1,0.89,0.9791,0.0,1.0,"(0.9906, 1.0)",,"(None, None)",1.0,"(0.9906, 1.0)","(0.9906, 1.0)",1.0,L1,seq_024,1,0.0,0,1.0
1.0,1,1,camera_5,0.0,0,0,L1-seq_000-c5-6-004035,11.667,True,4035,0.9296,,,0.5069,0.8571,6,,,,,,,,,,,,,,,,,,,,,,L1,False,0.8441,0.8441,0.8372,71,144,0,1,73,6,71,0,71,71,1,7,0.7753,0.937,0.0,1.0,"(0.9487, 1.0)",,"(None, None)",1.0,"(0.9487, 1.0)","(0.9487, 1.0)",1.0,L1,seq_000,5,0.0,0,1.0
1.0,1,1,camera_5,0.0,0,0,L1-seq_000-c5-6-004035,11.667,True,4035,0.9231,,,0.597,0.875,6,,,,,,,,,,,,,,,,,,,,,,L1,False,0.8481,0.8481,0.8431,351,871,0,1,520,7,351,0,351,351,1,8,0.7626,0.9393,0.0,1.0,"(0.9892, 1.0)",,"(None, None)",1.0,"(0.9892, 1.0)","(0.9892, 1.0)",1.0,L1,seq_000,1,0.0,0,1.0
0.9826,1,1,camera_3,0.0,0,0,L1-seq_024-c3-7-015855,19.0,True,15855,0.913,,,0.3067,0.6667,7,,,,,,,,,,,,,,,,,,,,,,L1,False,0.8344,0.8492,0.8566,113,163,0,1,50,2,113,0,115,115,1,3,0.7638,0.9174,0.0,1.0,"(0.9671, 1.0)",,"(None, None)",1.0,"(0.9671, 1.0)","(0.9388, 0.9952)",0.9826,L1,seq_024,5,0.0,0,1.0
0.9825,1,1,camera_3,0.0214,12,12,L1-seq_024-c3-7-015855,19.0,True,15855,0.9282,,,0.4796,0.8,7,,,,,,,,,,,,,,,,,,,,,,L1,False,0.8343,0.8492,0.8571,561,1078,0,5,517,8,561,0,571,571,5,10,0.7658,0.9216,0.0,0.943,"(0.9206, 0.9593)",,"(None, None)",0.943,"(0.9206, 0.9593)","(0.9681, 0.9905)",0.9825,L1,seq_024,1,0.0214,12,1.0
1.0,1,1,camera_3,0.0238,2,2,L1-seq_025-c3-7-002520,14.0,True,2520,0.9647,,,0.5,0.5,7,,,,,,,,,,,,,,,,,,,,,,L1,False,0.9179,0.9179,0.9391,85,170,0,2,85,2,85,0,85,85,2,4,0.841,0.9684,0.0,0.9647,"(0.9013, 0.9879)",,"(None, None)",0.9647,"(0.9013, 0.9879)","(0.9568, 1.0)",1.0,L1,seq_025,5,0.0238,2,1.0
1.0,1,5,camera_3,0.0167,7,7,L1-seq_025-c3-7-002520,14.0,True,2520,0.9311,,,0.5155,0.6,7,,,,,,,,,,,,,,,,,,,,,,L1,False,0.9182,0.9182,0.9441,421,869,0,3,448,3,421,0,421,421,3,5,0.8325,0.9705,0.0,0.4537,"(0.4068, 0.5014)",,"(None, None)",0.5439,"(0.4962, 0.5909)","(0.991, 1.0)",1.0,L1,seq_025,1,0.0167,7,1.0
1.0,1,1,camera_4,0.0,0,0,L1-seq_002-c4-8-001820,10.0,True,1820,0.0,,,0.0,0.0,8,,,,,,,,,,,,,,,,,,,,,,L1,False,0.6511,0.6511,0.6505,61,61,0,1,0,0,61,0,61,61,1,1,0.6425,0.6591,0.0,1.0,"(0.9408, 1.0)",,"(None, None)",1.0,"(0.9408, 1.0)","(0.9408, 1.0)",1.0,L1,seq_002,5,0.0,0,1.0
1.0,1,1,camera_4,0.0,0,0,L1-seq_002-c4-8-001820,10.0,True,1820,0.0,,,0.0,0.0,8,,,,,,,,,,,,,,,,,,,,,,L1,False,0.6512,0.6512,0.6503,301,301,0,1,0,0,301,0,301,301,1,1,0.6427,0.6602,0.0,1.0,"(0.9874, 1.0)",,"(None, None)",1.0,"(0.9874, 1.0)","(0.9874, 1.0)",1.0,L1,seq_002,1,0.0,0,1.0
1.0,1,1,camera_7,0.0,0,0,L1-seq_004-c7-8-008115,13.0,True,8115,0.9873,,,0.0,0.0,8,,,,,,,,,,,,,,,,,,,,,,L1,False,0.9408,0.9408,0.954,79,79,0,1,0,0,79,0,79,79,1,1,0.8963,0.9758,0.0,1.0,"(0.9536, 1.0)",,"(None, None)",1.0,"(0.9536, 1.0)","(0.9536, 1.0)",1.0,L1,seq_004,5,0.0,0,1.0
1.0,1,1,camera_7,0.0,0,0,L1-seq_004-c7-8-008115,13.0,True,8115,0.9795,,,0.0,0.0,8,,,,,,,,,,,,,,,,,,,,,,L1,False,0.94,0.94,0.9545,391,391,0,1,0,0,391,0,391,391,1,1,0.9023,0.9787,0.0,1.0,"(0.9903, 1.0)",,"(None, None)",1.0,"(0.9903, 1.0)","(0.9903, 1.0)",1.0,L1,seq_004,1,0.0,0,1.0
0.9872,1,1,camera_7,0.0,0,0,L1-seq_026-c7-9-002475,12.833,True,2475,0.859,,,0.0128,0.0,9,,,,,,,,,,,,,,,,,,,,,,L1,False,0.858,0.8692,0.8999,77,78,0,1,1,0,77,0,78,78,1,1,0.7327,0.9605,0.0,1.0,"(0.9525, 1.0)",,"(None, None)",1.0,"(0.9525, 1.0)","(0.9309, 0.9977)",0.9872,L1,seq_026,5,0.0,0,1.0
0.9922,1,1,camera_7,0.0026,1,1,L1-seq_026-c7-9-002475,12.833,True,2475,0.8549,,,0.023,0.0,9,,,,,,,,,,,,,,,,,,,,,,L1,False,0.8612,0.868,0.9046,383,392,0,2,9,0,383,0,386,386,2,2,0.7278,0.9608,0.0,0.6997,"(0.652, 0.7435)",,"(None, None)",0.6997,"(0.652, 0.7435)","(0.9774, 0.9974)",0.9922,L1,seq_026,1,0.0026,1,1.0
1.0,1,1,camera_7,0.0,0,0,L1-seq_020-c7-9-013530,12.333,True,13530,1.0,,,0.0,0.0,9,,,,,,,,,,,,,,,,,,,,,,L1,False,0.9249,0.9249,0.9328,75,75,0,1,0,0,75,0,75,75,1,1,0.8921,0.9524,0.0,1.0,"(0.9513, 1.0)",,"(None, None)",1.0,"(0.9513, 1.0)","(0.9513, 1.0)",1.0,L1,seq_020,5,0.0,0,1.0
1.0,1,1,camera_7,0.0,0,0,L1-seq_020-c7-9-013530,12.333,True,13530,1.0,,,0.0,0.0,9,,,,,,,,,,,,,,,,,,,,,,L1,False,0.9256,0.9256,0.9342,371,371,0,1,0,0,371,0,371,371,1,1,0.8918,0.9509,0.0,1.0,"(0.9898, 1.0)",,"(None, None)",1.0,"(0.9898, 1.0)","(0.9898, 1.0)",1.0,L1,seq_020,1,0.0,0,1.0
1.0,1,1,camera_4,0.0,0,0,L1-seq_026-c4-10-004865,10.667,True,4865,1.0,,,0.0,0.0,10,,,,,,,,,,,,,,,,,,,,,,L1,False,0.9691,0.9691,0.9754,65,65,0,1,0,0,65,0,65,65,1,1,0.9477,0.9824,0.0,1.0,"(0.9442, 1.0)",,"(None, None)",1.0,"(0.9442, 1.0)","(0.9442, 1.0)",1.0,L1,seq_026,5,0.0,0,1.0
1.0,1,1,camera_4,0.0,0,0,L1-seq_026-c4-10-004865,10.667,True,4865,1.0,,,0.0,0.0,10,,,,,,,,,,,,,,,,,,,,,,L1,False,0.97,0.97,0.9743,321,321,0,1,0,0,321,0,321,321,1,1,0.9512,0.9826,0.0,1.0,"(0.9882, 1.0)",,"(None, None)",1.0,"(0.9882, 1.0)","(0.9882, 1.0)",1.0,L1,seq_026,1,0.0,0,1.0
1.0,1,1,camera_6,0.0,0,0,L1-seq_000-c6-10-001710,11.833,True,1710,1.0,,,0.3143,0.5,10,,,,,,,,,,,,,,,,,,,,,,L1,False,0.9561,0.9561,0.9626,72,105,0,1,33,1,72,0,72,72,1,2,0.9225,0.9815,0.0,1.0,"(0.9493, 1.0)",,"(None, None)",1.0,"(0.9493, 1.0)","(0.9493, 1.0)",1.0,L1,seq_000,5,0.0,0,1.0
1.0,1,1,camera_6,0.0,0,0,L1-seq_000-c6-10-001710,11.833,True,1710,1.0,,,0.3539,0.6667,10,,,,,,,,,,,,,,,,,,,,,,L1,False,0.9568,0.9568,0.9646,356,551,0,1,195,2,356,0,356,356,1,3,0.9184,0.983,0.0,1.0,"(0.9893, 1.0)",,"(None, None)",1.0,"(0.9893, 1.0)","(0.9893, 1.0)",1.0,L1,seq_000,1,0.0,0,1.0
0.3636,1,1,camera_2,0.0,0,0,L1-seq_024-c2-11-015940,12.667,True,15940,0.1818,,,0.4043,0.5,11,,,,,,,,,,,,,,,,,,,,,,L1,False,0.2733,0.7515,0.0,28,47,0,1,19,1,28,0,77,77,1,2,0.0,0.8021,0.0,1.0,"(0.8794, 1.0)",,"(None, None)",1.0,"(0.8794, 1.0)","(0.2651, 0.4752)",0.3636,L1,seq_024,5,0.0,0,1.0
0.3202,1,4,camera_2,0.0744,9,9,L1-seq_024-c2-11-015940,12.667,True,15940,0.1785,,,0.6694,0.7,11,,,,,,,,,,,,,,,,,,,,,,L1,False,0.2436,0.7608,0.0,122,369,0,5,247,7,122,0,381,381,5,10,0.0,0.8104,0.0,0.2541,"(0.1852, 0.338)",,"(None, None)",0.3525,"(0.2734, 0.4406)","(0.2754, 0.3687)",0.3202,L1,seq_024,1,0.0744,9,1.0
1.0,1,1,camera_7,0.0,0,0,L1-seq_026-c7-11-004120,8.667,True,4120,0.8679,,,0.0,0.0,11,,,,,,,,,,,,,,,,,,,,,,L1,False,0.8905,0.8905,0.936,53,53,0,1,0,0,53,0,53,53,1,1,0.6787,0.9795,0.0,1.0,"(0.9324, 1.0)",,"(None, None)",1.0,"(0.9324, 1.0)","(0.9324, 1.0)",1.0,L1,seq_026,5,0.0,0,1.0
0.9962,1,1,camera_7,0.0077,2,2,L1-seq_026-c7-11-004120,8.667,True,4120,0.8659,,,0.0877,0.6667,11,,,,,,,,,,,,,,,,,,,,,,L1,False,0.8924,0.8958,0.9368,260,285,0,2,25,2,260,0,261,261,2,3,0.6684,0.9783,0.0,0.9962,"(0.9785, 0.9993)",,"(None, None)",0.9962,"(0.9785, 0.9993)","(0.9786, 0.9993)",0.9962,L1,seq_026,1,0.0077,2,1.0
0.9529,1,1,camera_1,0.0,0,0,L1-seq_020-c1-12-003195,14.0,True,3205,0.8824,,,0.0471,0.0,12,,,,,,,,,,,,,,,,,,,,,,L1,False,0.8705,0.9135,0.9429,81,85,0,1,4,0,81,0,85,85,1,1,0.7102,0.9809,0.0,1.0,"(0.9547, 1.0)",,"(None, None)",1.0,"(0.9547, 1.0)","(0.8852, 0.9816)",0.9529,L1,seq_020,5,0.0,0,1.0
0.9596,1,2,camera_1,0.0025,1,1,L1-seq_020-c1-12-003195,14.0,True,3203,0.8789,,,0.067,0.75,12,,,,,,,,,,,,,,,,,,,,,,L1,False,0.8757,0.9125,0.9452,404,433,0,2,29,3,404,0,421,421,2,4,0.7101,0.9797,0.0,0.0124,"(0.0053, 0.0286)",,"(None, None)",0.9876,"(0.9714, 0.9947)","(0.9363, 0.9746)",0.9596,L1,seq_020,1,0.0025,1,1.0
1.0,1,1,camera_4,0.0,0,0,L1-seq_025-c4-12-000120,12.5,True,120,0.9737,,,0.0,0.0,12,,,,,,,,,,,,,,,,,,,,,,L1,False,0.9584,0.9584,0.9726,76,76,0,1,0,0,76,0,76,76,1,1,0.9364,0.9855,0.0,1.0,"(0.9519, 1.0)",,"(None, None)",1.0,"(0.9519, 1.0)","(0.9519, 1.0)",1.0,L1,seq_025,5,0.0,0,1.0
1.0,1,1,camera_4,0.0,0,0,L1-seq_025-c4-12-000120,12.5,True,120,0.9787,,,0.0,0.0,12,,,,,,,,,,,,,,,,,,,,,,L1,False,0.9615,0.9615,0.9734,376,376,0,1,0,0,376,0,376,376,1,1,0.9386,0.9861,0.0,1.0,"(0.9899, 1.0)",,"(None, None)",1.0,"(0.9899, 1.0)","(0.9899, 1.0)",1.0,L1,seq_025,1,0.0,0,1.0
1.0,1,1,camera_4,0.0,0,0,L1-seq_020-c4-13-005720,7.0,True,5720,0.9767,,,0.0,0.0,13,,,,,,,,,,,,,,,,,,,,,,L1,False,0.9347,0.9347,0.9558,43,43,0,1,0,0,43,0,43,43,1,1,0.8619,0.9844,0.0,1.0,"(0.918, 1.0)",,"(None, None)",1.0,"(0.918, 1.0)","(0.918, 1.0)",1.0,L1,seq_020,5,0.0,0,1.0
1.0,1,1,camera_4,0.0,0,0,L1-seq_020-c4-13-005720,7.0,True,5720,0.981,,,0.0,0.0,13,,,,,,,,,,,,,,,,,,,,,,L1,False,0.9388,0.9388,0.9595,211,211,0,1,0,0,211,0,211,211,1,1,0.869,0.9827,0.0,1.0,"(0.9821, 1.0)",,"(None, None)",1.0,"(0.9821, 1.0)","(0.9821, 1.0)",1.0,L1,seq_020,1,0.0,0,1.0
1.0,1,1,camera_5,0.0,0,0,L1-seq_020-c5-13-006950,6.333,True,6950,0.9744,,,0.4091,0.8,13,,,,,,,,,,,,,,,,,,,,,,L1,False,0.9151,0.9151,0.9344,39,66,0,1,27,4,39,0,39,39,1,5,0.8406,0.9677,0.0,1.0,"(0.9103, 1.0)",,"(None, None)",1.0,"(0.9103, 1.0)","(0.9103, 1.0)",1.0,L1,seq_020,5,0.0,0,1.0
1.0,1,1,camera_5,0.0,0,0,L1-seq_020-c5-13-006950,6.333,True,6950,0.9686,,,0.405,0.8333,13,,,,,,,,,,,,,,,,,,,,,,L1,False,0.9147,0.9147,0.9307,191,321,0,1,130,5,191,0,191,191,1,6,0.8557,0.9688,0.0,1.0,"(0.9803, 1.0)",,"(None, None)",1.0,"(0.9803, 1.0)","(0.9803, 1.0)",1.0,L1,seq_020,1,0.0,0,1.0
0.9846,1,1,camera_7,0.0,0,0,L1-seq_024-c7-14-015805,10.667,True,15805,0.9077,,,0.0154,0.0,14,,,,,,,,,,,,,,,,,,,,,,L1,False,0.8862,0.9001,0.9257,64,65,0,1,1,0,64,0,65,65,1,1,0.769,0.9661,0.0,1.0,"(0.9434, 1.0)",,"(None, None)",1.0,"(0.9434, 1.0)","(0.9179, 0.9973)",0.9846,L1,seq_024,5,0.0,0,1.0
0.9938,1,2,camera_7,0.0031,1,1,L1-seq_024-c7-14-015805,10.667,True,15805,0.9439,,,0.0185,0.3333,14,,,,,,,,,,,,,,,,,,,,,,L1,False,0.9009,0.9066,0.9286,319,325,0,2,6,1,319,0,321,321,2,3,0.7831,0.9717,0.0,0.0219,"(0.0107, 0.0446)",,"(None, None)",0.9781,"(0.9554, 0.9893)","(0.9776, 0.9983)",0.9938,L1,seq_024,1,0.0031,1,1.0
0.9057,1,1,camera_7,0.0,0,0,L1-seq_024-c7-14-012820,8.667,True,12820,0.7358,,,0.04,0.0,14,,,,,,,,,,,,,,,,,,,,,,L1,False,0.7953,0.8781,0.9075,48,50,0,1,2,0,48,0,53,53,1,1,0.5639,0.9724,0.0,1.0,"(0.9259, 1.0)",,"(None, None)",1.0,"(0.9259, 1.0)","(0.7975, 0.959)",0.9057,L1,seq_024,5,0.0,0,1.0
0.9387,1,2,camera_7,0.0041,1,1,L1-seq_024-c7-14-012820,8.667,True,12820,0.7739,,,0.0316,0.3333,14,,,,,,,,,,,,,,,,,,,,,,L1,False,0.8183,0.8718,0.9175,245,253,0,2,8,1,245,0,261,261,2,3,0.5868,0.97,0.0,0.2857,"(0.2328, 0.3453)",,"(None, None)",0.7143,"(0.6547, 0.7672)","(0.9028, 0.9619)",0.9387,L1,seq_024,1,0.0041,1,1.0
1.0,1,1,camera_4,0.0,0,0,L1-seq_020-c4-15-002795,13.833,True,2795,0.9881,,,0.0,0.0,15,,,,,,,,,,,,,,,,,,,,,,L1,False,0.9481,0.9481,0.9578,84,84,0,1,0,0,84,0,84,84,1,1,0.9103,0.9768,0.0,1.0,"(0.9563, 1.0)",,"(None, None)",1.0,"(0.9563, 1.0)","(0.9563, 1.0)",1.0,L1,seq_020,5,0.0,0,1.0
1.0,1,1,camera_4,0.0,0,0,L1-seq_020-c4-15-002795,13.833,True,2795,0.9808,,,0.0,0.0,15,,,,,,,,,,,,,,,,,,,,,,L1,False,0.9457,0.9457,0.9558,416,416,0,1,0,0,416,0,416,416,1,1,0.9112,0.9779,0.0,1.0,"(0.9908, 1.0)",,"(None, None)",1.0,"(0.9908, 1.0)","(0.9908, 1.0)",1.0,L1,seq_020,1,0.0,0,1.0
1.0,1,1,camera_4,0.0,0,0,L1-seq_020-c4-15-003245,6.167,True,3245,1.0,,,0.0256,0.5,15,,,,,,,,,,,,,,,,,,,,,,L1,False,0.9479,0.9479,0.9525,38,39,0,1,1,1,38,0,38,38,1,2,0.9256,0.9675,0.0,1.0,"(0.9082, 1.0)",,"(None, None)",1.0,"(0.9082, 1.0)","(0.9082, 1.0)",1.0,L1,seq_020,5,0.0,0,1.0
1.0,1,1,camera_4,0.0,0,0,L1-seq_020-c4-15-003245,6.167,True,3245,1.0,,,0.0106,0.5,15,,,,,,,,,,,,,,,,,,,,,,L1,False,0.9486,0.9486,0.9507,186,188,0,1,2,1,186,0,186,186,1,2,0.9276,0.969,0.0,1.0,"(0.9798, 1.0)",,"(None, None)",1.0,"(0.9798, 1.0)","(0.9798, 1.0)",1.0,L1,seq_020,1,0.0,0,1.0
1.0,1,1,camera_3,0.0,0,0,L1-seq_020-c3-16-002975,7.667,True,2975,1.0,,,0.0,0.0,16,,,,,,,,,,,,,,,,,,,,,,L1,False,0.9524,0.9524,0.9603,47,47,0,1,0,0,47,0,47,47,1,1,0.9121,0.9855,0.0,1.0,"(0.9244, 1.0)",,"(None, None)",1.0,"(0.9244, 1.0)","(0.9244, 1.0)",1.0,L1,seq_020,5,0.0,0,1.0
1.0,1,1,camera_3,0.0,0,0,L1-seq_020-c3-16-002975,7.667,True,2975,1.0,,,0.0,0.0,16,,,,,,,,,,,,,,,,,,,,,,L1,False,0.9498,0.9498,0.9592,231,231,0,1,0,0,231,0,231,231,1,1,0.9062,0.9864,0.0,1.0,"(0.9836, 1.0)",,"(None, None)",1.0,"(0.9836, 1.0)","(0.9836, 1.0)",1.0,L1,seq_020,1,0.0,0,1.0
1.0,1,1,camera_3,0.0,0,0,L1-seq_000-c3-18-000540,8.833,True,540,0.8889,,,0.0,0.0,18,,,,,,,,,,,,,,,,,,,,,,L1,False,0.7978,0.7978,0.8107,54,54,0,1,0,0,54,0,54,54,1,1,0.7449,0.8462,0.0,1.0,"(0.9336, 1.0)",,"(None, None)",1.0,"(0.9336, 1.0)","(0.9336, 1.0)",1.0,L1,seq_000,5,0.0,0,1.0
1.0,1,1,camera_3,0.0113,3,3,L1-seq_000-c3-18-000540,8.833,True,540,0.9023,,,0.0397,0.0,18,,,,,,,,,,,,,,,,,,,,,,L1,False,0.801,0.801,0.8065,266,277,0,2,11,0,266,0,266,266,2,2,0.7519,0.8479,0.0,0.9737,"(0.9467, 0.9872)",,"(None, None)",0.9737,"(0.9467, 0.9872)","(0.9858, 1.0)",1.0,L1,seq_000,1,0.0113,3,1.0
1.0,1,1,camera_3,0.0,0,0,L1-seq_000-c3-18-001400,14.333,True,1400,0.6782,,,0.0114,0.5,18,,,,,,,,,,,,,,,,,,,,,,L1,False,0.7712,0.7712,0.7773,87,88,0,1,1,1,87,0,87,87,1,2,0.6959,0.8425,0.0,1.0,"(0.9577, 1.0)",,"(None, None)",1.0,"(0.9577, 1.0)","(0.9577, 1.0)",1.0,L1,seq_000,5,0.0,0,1.0
1.0,1,1,camera_3,0.0,0,0,L1-seq_000-c3-18-001400,14.333,True,1400,0.6566,,,0.0069,0.5,18,,,,,,,,,,,,,,,,,,,,,,L1,False,0.7695,0.7695,0.7737,431,434,0,1,3,1,431,0,431,431,1,2,0.6889,0.8422,0.0,1.0,"(0.9912, 1.0)",,"(None, None)",1.0,"(0.9912, 1.0)","(0.9912, 1.0)",1.0,L1,seq_000,1,0.0,0,1.0
1.0,1,1,camera_2,0.0,0,0,L1-seq_006-c2-24-002915,14.333,True,2915,1.0,,,0.0114,0.5,24,,,,,,,,,,,,,,,,,,,,,,L1,False,0.8701,0.8701,0.8686,87,88,0,1,1,1,87,0,87,87,1,2,0.8475,0.8951,0.0,1.0,"(0.9577, 1.0)",,"(None, None)",1.0,"(0.9577, 1.0)","(0.9577, 1.0)",1.0,L1,seq_006,5,0.0,0,1.0
1.0,1,1,camera_2,0.0,0,0,L1-seq_006-c2-24-002915,14.333,True,2915,1.0,,,0.0046,0.5,24,,,,,,,,,,,,,,,,,,,,,,L1,False,0.8697,0.8697,0.8692,431,433,0,1,2,1,431,0,431,431,1,2,0.8478,0.8904,0.0,1.0,"(0.9912, 1.0)",,"(None, None)",1.0,"(0.9912, 1.0)","(0.9912, 1.0)",1.0,L1,seq_006,1,0.0,0,1.0
0.993,1,4,camera_1,0.0143,2,2,L2-seq_000-c1-3-003910,29.5,True,3910,0.9014,within_buffer,"[2.967, 3.033]",0.338,0.4,3,,"[{'before': 1, 'after': 3, 'same': False}, {'before': 3, 'after': 4, 'same': False}]","[{'before': 1, 'after': 3, 'same': False}, {'before': 3, 'after': 4, 'same': False}]",0,0,2,2,"(0.0, 0.6576)","(0.0, 0.6576)",0.0,0.0,,,,,,,,,,,L2,False,0.8773,0.8835,0.9062,141,213,0,3,72,2,141,0,178,142,3,5,0.7706,0.9641,0.0,0.0426,"(0.0196, 0.0897)",,"(None, None)",0.6383,"(0.5563, 0.713)","(0.9612, 0.9988)",0.993,L2,seq_000,5,0.0143,2,0.7978
1.0,1,4,camera_1,0.0014,1,1,L2-seq_000-c1-3-003910,29.5,True,3910,0.9181,within_buffer,"[2.967, 3.033]",0.3944,0.6667,3,,"[{'before': 1, 'after': 1, 'same': True}, {'before': 1, 'after': 4, 'same': False}]","[{'before': 1, 'after': 1, 'same': True}, {'before': 1, 'after': 4, 'same': False}]",0,0,2,2,"(0.0945, 0.9055)","(0.0945, 0.9055)",0.5,0.5,,,,,,,,,,,L2,False,0.8825,0.8825,0.9019,708,1169,0,2,461,4,708,0,886,708,2,6,0.776,0.9606,0.0,0.3602,"(0.3257, 0.3962)",,"(None, None)",0.6398,"(0.6038, 0.6743)","(0.9946, 1.0)",1.0,L2,seq_000,1,0.0014,1,0.7991
0.9492,1,1,camera_7,0.0182,1,1,L2-seq_000-c7-10-001530,13.833,True,1530,0.9322,within_buffer,[4.2],0.0508,0.3333,10,,"[{'before': 1, 'after': 3, 'same': False}]","[{'before': 1, 'after': 3, 'same': False}]",0,0,1,1,"(0.0, 0.7935)","(0.0, 0.7935)",0.0,0.0,,,,,,,,,,,L2,False,0.8766,0.9235,0.9271,56,59,0,2,3,1,56,0,84,59,2,3,0.8446,0.9704,0.0,0.8929,"(0.7853, 0.95)",,"(None, None)",0.8929,"(0.7853, 0.95)","(0.8608, 0.9826)",0.9492,L2,seq_000,5,0.0182,1,0.7024
0.9897,1,1,camera_7,0.0035,1,1,L2-seq_000-c7-10-001530,13.833,True,1530,0.9519,within_buffer,[4.2],0.0336,0.3333,10,,"[{'before': 1, 'after': 3, 'same': False}]","[{'before': 1, 'after': 3, 'same': False}]",0,0,1,1,"(0.0, 0.7935)","(0.0, 0.7935)",0.0,0.0,,,,,,,,,,,L2,False,0.9128,0.9223,0.9358,288,298,0,2,10,1,288,0,416,291,2,3,0.8491,0.9753,0.0,0.8715,"(0.8279, 0.9053)",,"(None, None)",0.8715,"(0.8279, 0.9053)","(0.9701, 0.9965)",0.9897,L2,seq_000,1,0.0035,1,0.6995
0.9091,1,1,camera_4,0.0345,1,1,L2-seq_004-c4-6-004585,9.333,True,4595,0.9091,within_buffer,[4.067],0.0,0.0,6,,"[{'before': 1, 'after': 2, 'same': False}]","[{'before': 1, 'after': 2, 'same': False}]",0,0,1,1,"(0.0, 0.7935)","(0.0, 0.7935)",0.0,0.0,,,,,,,,,,,L2,False,0.8706,0.9577,0.9619,30,30,0,2,0,0,30,0,57,33,2,2,0.8407,0.9795,0.0,0.7667,"(0.5907, 0.8821)",,"(None, None)",0.7667,"(0.5907, 0.8821)","(0.7643, 0.9686)",0.9091,L2,seq_004,5,0.0345,1,0.5789
0.9625,1,1,camera_4,0.0065,1,1,L2-seq_004-c4-6-004585,9.333,True,4591,0.9625,within_buffer,[4.067],0.0065,0.0,6,,"[{'before': 1, 'after': 2, 'same': False}]","[{'before': 1, 'after': 2, 'same': False}]",0,0,1,1,"(0.0, 0.7935)","(0.0, 0.7935)",0.0,0.0,,,,,,,,,,,L2,False,0.9257,0.9618,0.967,154,155,0,2,1,0,154,0,281,160,2,2,0.928,0.983,0.0,0.7468,"(0.6726, 0.8089)",,"(None, None)",0.7468,"(0.6726, 0.8089)","(0.9206, 0.9827)",0.9625,L2,seq_004,1,0.0065,1,0.5694
0.9474,1,1,camera_6,0.0286,1,1,L2-seq_004-c6-6-007585,8.333,True,7585,0.9474,within_buffer,[2.2],0.3793,0.5,6,,"[{'before': 1, 'after': 2, 'same': False}]","[{'before': 1, 'after': 2, 'same': False}]",0,0,1,1,"(0.0, 0.7935)","(0.0, 0.7935)",0.0,0.0,,,,,,,,,,,L2,False,0.9126,0.9633,0.9749,36,58,0,2,22,2,36,0,51,38,2,4,0.8949,0.9863,0.0,0.6111,"(0.4486, 0.7522)",,"(None, None)",0.6111,"(0.4486, 0.7522)","(0.8271, 0.9854)",0.9474,L2,seq_004,5,0.0286,1,0.7451
0.9516,1,1,camera_6,0.017,3,3,L2-seq_004-c6-6-007585,8.333,True,7585,0.9462,within_buffer,[2.2],0.484,0.75,6,,"[{'before': 1, 'after': 4, 'same': False}]","[{'before': 1, 'after': 4, 'same': False}]",0,0,1,1,"(0.0, 0.7935)","(0.0, 0.7935)",0.0,0.0,,,,,,,,,,,L2,False,0.9163,0.9629,0.974,177,343,0,3,166,6,177,0,251,186,3,8,0.8944,0.9869,0.0,0.6158,"(0.5424, 0.6843)",,"(None, None)",0.6158,"(0.5424, 0.6843)","(0.9106, 0.9743)",0.9516,L2,seq_004,1,0.017,3,0.741
0.8936,1,4,camera_7,0.0732,3,3,L2-seq_004-c7-7-004775,10.5,True,4775,0.766,within_buffer,[2.9],0.0667,0.0,7,,"[{'before': 2, 'after': 3, 'same': False}]","[{'before': 2, 'after': 3, 'same': False}]",0,0,1,1,"(0.0, 0.7935)","(0.0, 0.7935)",0.0,0.0,,,,,,,,,,,L2,False,0.7854,0.8789,0.9058,42,45,0,4,3,0,42,0,64,47,4,4,0.355,0.9674,0.0,0.3333,"(0.2101, 0.4845)",,"(None, None)",0.3571,"(0.2299, 0.5083)","(0.7741, 0.9537)",0.8936,L2,seq_004,5,0.0732,3,0.7344
0.9609,1,5,camera_7,0.0182,4,4,L2-seq_004-c7-7-004775,10.5,True,4775,0.8304,within_buffer,[2.9],0.0556,0.0,7,,"[{'before': 4, 'after': 5, 'same': False}]","[{'before': 4, 'after': 5, 'same': False}]",0,0,1,1,"(0.0, 0.7935)","(0.0, 0.7935)",0.0,0.0,,,,,,,,,,,L2,False,0.8402,0.8744,0.9062,221,234,0,5,13,0,221,0,316,230,5,5,0.6324,0.9668,0.0,0.0588,"(0.0347, 0.098)",,"(None, None)",0.5158,"(0.4502, 0.5809)","(0.9273, 0.9793)",0.9609,L2,seq_004,1,0.0182,4,0.7278
0.9583,1,2,camera_1,0.0222,1,1,L2-seq_020-c1-12-007830,12.667,True,7830,0.9375,within_buffer,[4.833],0.0213,0.0,12,,"[{'before': 1, 'after': 2, 'same': False}]","[{'before': 1, 'after': 2, 'same': False}]",0,0,1,1,"(0.0, 0.7935)","(0.0, 0.7935)",0.0,0.0,,,,,,,,,,,L2,False,0.859,0.8964,0.9152,46,47,0,2,1,0,46,0,77,48,2,2,0.7722,0.9573,0.0,0.1522,"(0.0757, 0.2822)",,"(None, None)",0.8478,"(0.7178, 0.9243)","(0.8602, 0.9885)",0.9583,L2,seq_020,5,0.0222,1,0.6234
0.9831,1,3,camera_1,0.0043,1,1,L2-seq_020-c1-12-007830,12.667,True,7830,0.9451,within_buffer,[4.833],0.0127,0.3333,12,,"[{'before': 1, 'after': 3, 'same': False}]","[{'before': 1, 'after': 3, 'same': False}]",0,0,1,1,"(0.0, 0.7935)","(0.0, 0.7935)",0.0,0.0,,,,,,,,,,,L2,False,0.8754,0.8904,0.9086,233,236,0,2,3,1,233,0,381,237,2,3,0.793,0.9556,0.0,0.1459,"(0.1063, 0.197)",,"(None, None)",0.8541,"(0.803, 0.8937)","(0.9574, 0.9934)",0.9831,L2,seq_020,1,0.0043,1,0.622
0.9231,1,2,camera_1,0.0435,1,1,L2-seq_024-c1-7-014705,7.667,True,14715,0.9231,within_buffer,[3.433],0.0769,0.0,7,,"[{'before': 1, 'after': 2, 'same': False}]","[{'before': 1, 'after': 2, 'same': False}]",0,0,1,1,"(0.0, 0.7935)","(0.0, 0.7935)",0.0,0.0,,,,,,,,,,,L2,False,0.8532,0.9243,0.9397,24,26,0,2,2,0,24,0,47,26,2,2,0.7968,0.9728,0.0,0.4167,"(0.2447, 0.6117)",,"(None, None)",0.5833,"(0.3883, 0.7553)","(0.7586, 0.9786)",0.9231,L2,seq_024,5,0.0435,1,0.5532
0.969,1,2,camera_1,0.0081,1,1,L2-seq_024-c1-7-014705,7.667,True,14709,0.9302,within_buffer,[3.433],0.0876,0.0,7,,"[{'before': 1, 'after': 2, 'same': False}]","[{'before': 1, 'after': 2, 'same': False}]",0,0,1,1,"(0.0, 0.7935)","(0.0, 0.7935)",0.0,0.0,,,,,,,,,,,L2,False,0.889,0.9175,0.9374,125,137,0,2,12,0,125,0,231,129,2,2,0.8107,0.9707,0.0,0.44,"(0.3561, 0.5275)",,"(None, None)",0.56,"(0.4725, 0.6439)","(0.923, 0.9879)",0.969,L2,seq_024,1,0.0081,1,0.5584
0.8947,1,2,camera_3,0.0625,1,1,L2-seq_024-c3-7-011320,7.5,True,11320,0.8421,within_buffer,[4.5],0.0,0.0,7,,"[{'before': 1, 'after': 2, 'same': False}]","[{'before': 1, 'after': 2, 'same': False}]",0,0,1,1,"(0.0, 0.7935)","(0.0, 0.7935)",0.0,0.0,,,,,,,,,,,L2,False,0.8194,0.9158,0.9379,17,17,0,2,0,0,17,0,46,19,2,2,0.5271,0.9782,0.0,0.4706,"(0.2616, 0.6904)",,"(None, None)",0.5294,"(0.3096, 0.7384)","(0.6861, 0.9706)",0.8947,L2,seq_024,5,0.0625,1,0.413
0.9674,1,1,camera_3,0.0227,2,2,L2-seq_024-c3-7-011320,7.5,True,11320,0.8478,within_buffer,[4.5],0.1359,0.0,7,,"[{'before': 1, 'after': 2, 'same': False}]","[{'before': 1, 'after': 2, 'same': False}]",0,0,1,1,"(0.0, 0.7935)","(0.0, 0.7935)",0.0,0.0,,,,,,,,,,,L2,False,0.8665,0.8957,0.9385,89,103,0,3,14,0,89,0,226,92,3,3,0.6738,0.9751,0.0,0.4831,"(0.3822, 0.5855)",,"(None, None)",0.4831,"(0.3822, 0.5855)","(0.9085, 0.9888)",0.9674,L2,seq_024,1,0.0227,2,0.4071
0.9655,1,1,camera_4,0.0,0,0,L2-seq_024-c4-7-012085,5.833,True,12085,0.9655,within_buffer,[1.233],0.0,0.0,7,,"[{'before': 1, 'after': 1, 'same': True}]","[{'before': 1, 'after': 1, 'same': True}]",0,0,1,1,"(0.2065, 1.0)","(0.2065, 1.0)",1.0,1.0,,,,,,,,,,,L2,False,0.9442,0.9779,0.9832,28,28,0,1,0,0,28,0,36,29,1,1,0.9536,0.9923,0.0,1.0,"(0.8794, 1.0)",,"(None, None)",1.0,"(0.8794, 1.0)","(0.8282, 0.9939)",0.9655,L2,seq_024,5,0.0,0,0.8056
0.9786,1,1,camera_4,0.0,0,0,L2-seq_024-c4-7-012085,5.833,True,12085,0.9714,within_buffer,[1.233],0.0,0.0,7,,"[{'before': 1, 'after': 1, 'same': True}]","[{'before': 1, 'after': 1, 'same': True}]",0,0,1,1,"(0.2065, 1.0)","(0.2065, 1.0)",1.0,1.0,,,,,,,,,,,L2,False,0.9534,0.9743,0.9807,137,137,0,1,0,0,137,0,176,140,2,2,0.9565,0.9912,0.0,1.0,"(0.9727, 1.0)",,"(None, None)",1.0,"(0.9727, 1.0)","(0.9389, 0.9927)",0.9786,L2,seq_024,1,0.0074,1,0.7955
0.8462,1,1,camera_4,0.1,1,1,L2-seq_024-c4-10-014700,3.167,True,14700,0.8462,within_buffer,[1.133],0.0,0.0,10,,"[{'before': 1, 'after': 2, 'same': False}]","[{'before': 1, 'after': 2, 'same': False}]",0,0,1,1,"(0.0, 0.7935)","(0.0, 0.7935)",0.0,0.0,,,,,,,,,,,L2,False,0.8266,0.9769,0.9772,11,11,0,2,0,0,11,0,20,13,2,2,0.1901,0.9893,0.0,0.5455,"(0.2801, 0.7873)",,"(None, None)",0.5455,"(0.2801, 0.7873)","(0.5776, 0.9567)",0.8462,L2,seq_024,5,0.1,1,0.65
0.9841,1,1,camera_4,0.0164,1,1,L2-seq_024-c4-10-014700,3.167,True,14700,0.9841,within_buffer,[1.133],0.0746,0.3333,10,,"[{'before': 1, 'after': 2, 'same': False}]","[{'before': 1, 'after': 2, 'same': False}]",0,0,1,1,"(0.0, 0.7935)","(0.0, 0.7935)",0.0,0.0,,,,,,,,,,,L2,False,0.9412,0.9564,0.9638,62,67,0,2,5,1,62,0,96,63,2,3,0.9166,0.9855,0.0,0.5323,"(0.4098, 0.6509)",,"(None, None)",0.5323,"(0.4098, 0.6509)","(0.9154, 0.9972)",0.9841,L2,seq_024,1,0.0164,1,0.6562
0.8333,1,1,camera_2,0.0714,1,1,L2-seq_025-c2-7-005185,4.167,True,5185,0.8333,within_buffer,[1.467],0.0,0.0,7,,"[{'before': 1, 'after': 2, 'same': False}]","[{'before': 1, 'after': 2, 'same': False}]",0,0,1,1,"(0.0, 0.7935)","(0.0, 0.7935)",0.0,0.0,,,,,,,,,,,L2,False,0.7989,0.9587,0.9541,15,15,0,2,0,0,15,0,26,18,2,2,0.0,0.9808,0.0,0.7333,"(0.4805, 0.891)",,"(None, None)",0.7333,"(0.4805, 0.891)","(0.6078, 0.9416)",0.8333,L2,seq_025,5,0.0714,1,0.6923
0.9639,1,1,camera_2,0.0,0,0,L2-seq_025-c2-7-005185,4.167,True,5185,0.9518,within_buffer,[1.467],0.0244,0.0,7,,"[{'before': 1, 'after': 1, 'same': True}]","[{'before': 1, 'after': 1, 'same': True}]",0,0,1,1,"(0.2065, 1.0)","(0.2065, 1.0)",1.0,1.0,,,,,,,,,,,L2,False,0.9038,0.9377,0.9502,80,82,0,1,2,0,80,0,126,83,2,2,0.8818,0.9728,0.0,1.0,"(0.9542, 1.0)",,"(None, None)",1.0,"(0.9542, 1.0)","(0.899, 0.9876)",0.9639,L2,seq_025,1,0.0127,1,0.6587
0.9661,1,4,camera_3,0.0893,5,5,L2-seq_025-c3-7-007115,14.5,True,7115,0.8983,within_buffer,[4.867],0.1094,0.0,7,,"[{'before': 3, 'after': 4, 'same': False}]","[{'before': 3, 'after': 4, 'same': False}]",0,0,1,1,"(0.0, 0.7935)","(0.0, 0.7935)",0.0,0.0,,,,,,,,,,,L2,False,0.8669,0.8973,0.9138,57,64,0,4,7,0,57,0,88,59,4,4,0.7476,0.9658,0.0,0.2982,"(0.1953, 0.4266)",,"(None, None)",0.3509,"(0.24, 0.4806)","(0.8846, 0.9907)",0.9661,L2,seq_025,5,0.0893,5,0.6705
0.9794,1,3,camera_3,0.0141,4,4,L2-seq_025-c3-7-007115,14.5,True,7115,0.9416,within_buffer,[4.867],0.0952,0.5,7,,"[{'before': 3, 'after': 5, 'same': False}]","[{'before': 3, 'after': 5, 'same': False}]",0,0,1,1,"(0.0, 0.7935)","(0.0, 0.7935)",0.0,0.0,,,,,,,,,,,L2,False,0.8806,0.8991,0.9173,285,315,0,3,30,3,285,0,436,291,3,6,0.7962,0.9661,0.0,0.1018,"(0.0718, 0.1423)",,"(None, None)",0.5404,"(0.4823, 0.5973)","(0.9558, 0.9905)",0.9794,L2,seq_025,1,0.0141,4,0.6674
0.9524,1,1,camera_5,0.0256,1,1,L2-seq_025-c5-6-002540,10.667,True,2540,0.881,within_buffer,[3.733],0.6226,0.6667,6,,"[{'before': 1, 'after': 4, 'same': False}]","[{'before': 1, 'after': 4, 'same': False}]",0,0,1,1,"(0.0, 0.7935)","(0.0, 0.7935)",0.0,0.0,,,,,,,,,,,L2,False,0.8456,0.8879,0.9071,40,106,0,2,66,4,40,0,65,42,2,6,0.7134,0.9589,0.0,0.65,"(0.4951, 0.7787)",,"(None, None)",0.65,"(0.4951, 0.7787)","(0.8421, 0.9868)",0.9524,L2,seq_025,5,0.0256,1,0.6462
0.981,1,1,camera_5,0.0049,1,1,L2-seq_025-c5-6-002540,10.667,True,2540,0.9143,within_buffer,[3.733],0.7749,0.7778,6,,"[{'before': 1, 'after': 5, 'same': False}]","[{'before': 1, 'after': 5, 'same': False}]",0,0,1,1,"(0.0, 0.7935)","(0.0, 0.7935)",0.0,0.0,,,,,,,,,,,L2,False,0.87,0.8869,0.904,206,915,0,2,709,7,206,0,321,210,2,9,0.7562,0.9545,0.0,0.6311,"(0.5633, 0.694)",,"(None, None)",0.6311,"(0.5633, 0.694)","(0.9521, 0.9926)",0.981,L2,seq_025,1,0.0049,1,0.6542
0.9667,1,1,camera_6,0.0357,1,1,L2-seq_025-c6-2-006810,7.5,True,6810,0.9667,within_buffer,[2.7],0.2162,0.3333,2,,"[{'before': 1, 'after': 3, 'same': False}]","[{'before': 1, 'after': 3, 'same': False}]",0,0,1,1,"(0.0, 0.7935)","(0.0, 0.7935)",0.0,0.0,,,,,,,,,,,L2,False,0.9185,0.9502,0.9673,29,37,0,2,8,1,29,0,46,30,2,3,0.8715,0.9871,0.0,0.5862,"(0.4074, 0.7449)",,"(None, None)",0.5862,"(0.4074, 0.7449)","(0.8333, 0.9941)",0.9667,L2,seq_025,5,0.0357,1,0.6522
0.9726,1,1,camera_6,0.0071,1,1,L2-seq_025-c6-2-006810,7.5,True,6810,0.9726,within_buffer,[2.7],0.4008,0.6667,2,,"[{'before': 1, 'after': 5, 'same': False}]","[{'before': 1, 'after': 5, 'same': False}]",0,0,1,1,"(0.0, 0.7935)","(0.0, 0.7935)",0.0,0.0,,,,,,,,,,,L2,False,0.9248,0.9508,0.9679,142,237,0,2,95,4,142,0,226,146,2,6,0.873,0.9857,0.0,0.5704,"(0.4882, 0.6489)",,"(None, None)",0.5704,"(0.4882, 0.6489)","(0.9317, 0.9893)",0.9726,L2,seq_025,1,0.0071,1,0.646
0.9355,1,1,camera_4,0.0,0,0,L2-seq_026-c4-11-002005,9.5,True,2010,0.9355,within_buffer,[4.567],0.0333,0.0,11,,"[{'before': 1, 'after': 1, 'same': True}]","[{'before': 1, 'after': 1, 'same': True}]",0,0,1,1,"(0.2065, 1.0)","(0.2065, 1.0)",1.0,1.0,,,,,,,,,,,L2,False,0.8884,0.9497,0.9539,29,30,0,1,1,0,29,0,58,31,1,1,0.8938,0.9771,0.0,1.0,"(0.883, 1.0)",,"(None, None)",1.0,"(0.883, 1.0)","(0.7928, 0.9821)",0.9355,L2,seq_026,5,0.0,0,0.5345
0.98,1,2,camera_4,0.0068,1,1,L2-seq_026-c4-11-002005,9.5,True,2006,0.98,within_buffer,[4.567],0.02,0.0,11,,"[{'before': 1, 'after': 2, 'same': False}]","[{'before': 1, 'after': 2, 'same': False}]",0,0,1,1,"(0.0, 0.7935)","(0.0, 0.7935)",0.0,0.0,,,,,,,,,,,L2,False,0.928,0.947,0.9511,147,150,0,2,3,0,147,0,286,150,2,2,0.9063,0.9765,0.0,0.4898,"(0.4103, 0.5698)",,"(None, None)",0.5102,"(0.4302, 0.5897)","(0.9429, 0.9932)",0.98,L2,seq_026,1,0.0068,1,0.5245
0.9667,1,2,camera_4,0.0357,1,1,L2-seq_026-c4-10-005820,9.667,True,5820,0.9333,within_buffer,[4.9],0.0,0.0,10,,"[{'before': 1, 'after': 2, 'same': False}]","[{'before': 1, 'after': 2, 'same': False}]",0,0,1,1,"(0.0, 0.7935)","(0.0, 0.7935)",0.0,0.0,,,,,,,,,,,L2,False,0.9324,0.9646,0.9788,29,29,0,2,0,0,29,0,59,30,2,2,0.9031,0.9882,0.0,0.3448,"(0.1994, 0.5266)",,"(None, None)",0.6552,"(0.4734, 0.8006)","(0.8333, 0.9941)",0.9667,L2,seq_026,5,0.0357,1,0.5085
0.9931,1,2,camera_4,0.007,1,1,L2-seq_026-c4-10-005820,9.667,True,5820,0.9931,within_buffer,[4.9],0.0,0.0,10,,"[{'before': 1, 'after': 2, 'same': False}]","[{'before': 1, 'after': 2, 'same': False}]",0,0,1,1,"(0.0, 0.7935)","(0.0, 0.7935)",0.0,0.0,,,,,,,,,,,L2,False,0.9647,0.9714,0.9795,144,144,0,2,0,0,144,0,291,145,2,2,0.9537,0.9893,0.0,0.3194,"(0.2488, 0.3994)",,"(None, None)",0.6806,"(0.6006, 0.7512)","(0.962, 0.9988)",0.9931,L2,seq_026,1,0.007,1,0.4983
1.0,1,1,camera_6+camera_7,0.0,0,20,L3S-seq_000-c6+c7-9-004450,5.667,True,4450,0.9556,,,0.2742,0.3333,9,overlapping,,,,,,,,,,,"{'camera_6': 1, 'camera_7': 3}",1,"{'camera_6': 1, 'camera_7': 1}",0,1,10,0.0,"(0.0, 0.7935)",0.0,"(0.0, 0.2775)",L3,False,0.9222,0.9222,0.9339,45,62,0,2,17,1,45,0,70,45,1,3,0.8495,0.9825,0.0,0.7778,"(0.6373, 0.8746)",,"(None, None)",0.7778,"(0.6373, 0.8746)","(0.9213, 1.0)",1.0,L3S,seq_000,5,0.0,0,0.6429
1.0,1,1,camera_6+camera_7,0.0,0,96,L3S-seq_000-c6+c7-9-004450,5.667,True,4450,0.968,,,0.3303,0.5,9,overlapping,,,,,,,,,,,"{'camera_6': 1, 'camera_7': 3}",1,"{'camera_6': 1, 'camera_7': 1}",0,1,48,0.0,"(0.0, 0.7935)",0.0,"(0.0, 0.0741)",L3,False,0.9238,0.9238,0.9461,219,327,0,2,108,2,219,0,342,219,1,4,0.8408,0.9803,0.0,0.7808,"(0.7214, 0.8305)",,"(None, None)",0.7808,"(0.7214, 0.8305)","(0.9828, 1.0)",1.0,L3S,seq_000,1,0.0,0,0.6404
0.9789,1,1,camera_6+camera_7,0.011,1,42,L3S-seq_000-c6+c7-10-001710,11.833,True,1710,0.9684,,,0.2677,0.25,10,overlapping,,,,,,,,,,,"{'camera_6': 1, 'camera_7': 2}",1,"{'camera_6': 1, 'camera_7': 2}",0,1,21,0.0,"(0.0, 0.7935)",0.0,"(0.0, 0.1546)",L3,False,0.9243,0.9441,0.9542,93,127,0,3,34,1,93,0,144,95,2,4,0.9021,0.9805,0.0,0.7742,"(0.6793, 0.8473)",,"(None, None)",0.7742,"(0.6793, 0.8473)","(0.9265, 0.9942)",0.9789,L3S,seq_000,5,0.011,1,0.6597
0.9979,1,1,camera_6+camera_7,0.0022,1,220,L3S-seq_000-c6+c7-10-001710,11.833,True,1710,0.9764,,,0.3024,0.4,10,overlapping,,,,,,,,,,,"{'camera_6': 1, 'camera_7': 2}",1,"{'camera_6': 1, 'camera_7': 2}",0,1,110,0.0,"(0.0, 0.7935)",0.0,"(0.0, 0.0337)",L3,False,0.9401,0.9421,0.9568,466,668,0,3,202,2,466,0,712,467,2,5,0.8929,0.9814,0.0,0.7639,"(0.7233, 0.8002)",,"(None, None)",0.7639,"(0.7233, 0.8002)","(0.988, 0.9996)",0.9979,L3S,seq_000,1,0.0022,1,0.6559
0.9,1,1,camera_6+camera_7,0.0294,1,2,L3T-seq_004-c6+c7-7-004590,9.833,True,4590,0.8,,,0.1429,0.25,7,sequential,,,,,,,,,,,"{'camera_6': 1, 'camera_7': 3}",1,"{'camera_6': 1, 'camera_7': 2}",0,1,0,0.0,"(0.0, 0.7935)",,"(None, None)",L3,False,0.8196,0.9106,0.9407,36,42,0,3,6,1,36,0,120,40,2,4,0.5837,0.9827,0.0,0.4722,"(0.3199, 0.6299)",,"(None, None)",0.4722,"(0.3199, 0.6299)","(0.7695, 0.9604)",0.9,L3T,seq_004,5,0.0294,1,0.3333
0.9391,1,1,camera_6+camera_7,0.0164,3,4,L3T-seq_004-c6+c7-7-004590,9.833,True,4590,0.8426,,,0.1591,0.1667,7,sequential,,,,,,,,,,,"{'camera_6': 1, 'camera_7': 4}",1,"{'camera_6': 1, 'camera_7': 4}",0,1,0,0.0,"(0.0, 0.7935)",,"(None, None)",L3,False,0.848,0.903,0.9378,185,220,0,5,35,1,185,0,592,197,4,6,0.6243,0.9783,0.0,0.4216,"(0.3528, 0.4937)",,"(None, None)",0.4216,"(0.3528, 0.4937)","(0.8966, 0.9648)",0.9391,L3T,seq_004,1,0.0164,3,0.3328
1.0,1,2,camera_4+camera_6,0.0,0,13,L3S-seq_004-c4+c6-8-007880,2.833,True,7880,1.0,,,0.1935,0.3333,8,overlapping,,,,,,,,,,,"{'camera_4': 1, 'camera_6': 2}",1,"{'camera_4': 1, 'camera_6': 1}",0,1,7,0.0,"(0.0, 0.7935)",0.0,"(0.0, 0.3543)",L3,False,0.9542,0.9542,0.9688,25,31,0,2,6,1,25,0,36,25,1,3,0.9109,0.9814,0.0,0.28,"(0.1428, 0.4758)",,"(None, None)",0.72,"(0.5242, 0.8572)","(0.8668, 1.0)",1.0,L3S,seq_004,5,0.0,0,0.6944
0.9917,1,2,camera_4+camera_6,0.0,0,67,L3S-seq_004-c4+c6-8-007880,2.833,True,7880,0.9917,,,0.2453,0.5,8,overlapping,,,,,,,,,,,"{'camera_4': 1, 'camera_6': 2}",1,"{'camera_4': 1, 'camera_6': 1}",0,1,34,0.0,"(0.0, 0.7935)",0.0,"(0.0, 0.1015)",L3,False,0.9535,0.9615,0.971,120,159,0,2,39,2,120,0,172,121,1,4,0.9287,0.9842,0.0,0.2833,"(0.2104, 0.3697)",,"(None, None)",0.7167,"(0.6303, 0.7896)","(0.9547, 0.9985)",0.9917,L3S,seq_004,1,0.0,0,0.7035
0.9919,1,1,camera_6+camera_7,0.0,0,73,L3S-seq_004-c6+c7-8-008115,14.167,True,8115,0.9837,,,0.0543,0.3333,8,overlapping,,,,,,,,,,,"{'camera_6': 2, 'camera_7': 1}",1,"{'camera_6': 1, 'camera_7': 1}",0,1,36,0.0,"(0.0, 0.7935)",0.0,"(0.0, 0.0964)",L3,False,0.9425,0.9503,0.9598,122,129,0,2,7,1,122,0,172,123,1,3,0.9033,0.9831,0.0,0.6475,"(0.5594, 0.7266)",,"(None, None)",0.6475,"(0.5594, 0.7266)","(0.9554, 0.9986)",0.9919,L3S,seq_004,5,0.0,0,0.7151
0.9918,1,1,camera_6+camera_7,0.0017,1,359,L3S-seq_004-c6+c7-8-008115,14.167,True,8115,0.9754,,,0.0678,0.5,8,overlapping,,,,,,,,,,,"{'camera_6': 3, 'camera_7': 1}",1,"{'camera_6': 2, 'camera_7': 1}",0,1,179,0.0,"(0.0, 0.7935)",0.0,"(0.0, 0.021)",L3,False,0.9406,0.9484,0.9608,605,649,0,3,44,2,605,0,852,610,2,4,0.9093,0.9849,0.0,0.6479,"(0.6091, 0.685)",,"(None, None)",0.6479,"(0.6091, 0.685)","(0.981, 0.9965)",0.9918,L3S,seq_004,1,0.0017,1,0.716
0.8919,2,3,camera_5+camera_6,0.0,0,1,L3T-seq_020-c5+c6-10-000385,7.0,True,395,0.9189,,,0.1053,0.4,10,sequential,,,,,,,,,,,"{'camera_5': 2, 'camera_6': 3}",1,"{'camera_5': 1, 'camera_6': 1}",0,1,0,0.0,"(0.0, 0.7935)",,"(None, None)",L3,False,0.8824,0.9602,0.9738,33,38,0,2,4,2,34,0,86,37,2,5,0.7902,0.9844,0.0,0.3636,"(0.2219, 0.5338)",,"(None, None)",0.6364,"(0.4662, 0.7781)","(0.787, 0.972)",0.9189,L3T,seq_020,5,0.0,0,0.4302
0.9832,2,5,camera_5+camera_6,0.0057,1,2,L3T-seq_020-c5+c6-10-000385,7.0,True,387,0.9385,,,0.1611,0.3333,10,sequential,,,,,,,,,,,"{'camera_5': 2, 'camera_6': 5}",1,"{'camera_5': 1, 'camera_6': 2}",0,1,0,0.0,"(0.0, 0.7935)",,"(None, None)",L3,False,0.9389,0.9496,0.9729,176,211,0,3,34,2,177,0,422,179,2,6,0.9296,0.9855,0.0,0.375,"(0.3069, 0.4485)",,"(None, None)",0.5966,"(0.5228, 0.6663)","(0.9602, 0.9969)",0.9888,L3T,seq_020,1,0.0057,1,0.4242
0.913,1,1,camera_5+camera_6,0.0,0,1,L3T-seq_024-c5+c6-2-014825,4.5,True,14825,0.8696,,,0.087,0.3333,2,sequential,,,,,,,,,,,"{'camera_5': 2, 'camera_6': 1}",1,"{'camera_5': 1, 'camera_6': 1}",0,1,0,0.0,"(0.0, 0.7935)",,"(None, None)",L3,False,0.8716,0.9546,0.977,21,23,0,2,2,1,21,0,56,23,1,3,0.65,0.9858,0.0,0.619,"(0.4088, 0.7925)",,"(None, None)",0.619,"(0.4088, 0.7925)","(0.732, 0.9758)",0.913,L3T,seq_024,5,0.0,0,0.4107
0.9821,1,1,camera_5+camera_6,0.0,0,0,L3T-seq_024-c5+c6-2-014825,4.5,True,14825,0.9732,,,0.1538,0.5,2,sequential,,,,,,,,,,,"{'camera_5': 1, 'camera_6': 1}",1,"{'camera_5': 1, 'camera_6': 1}",0,1,0,1.0,"(0.2065, 1.0)",,"(None, None)",L3,False,0.9499,0.9671,0.9774,110,130,0,1,20,2,110,0,272,112,1,4,0.9388,0.987,0.0,1.0,"(0.9663, 1.0)",,"(None, None)",1.0,"(0.9663, 1.0)","(0.9372, 0.9951)",0.9821,L3T,seq_024,1,0.0,0,0.4118
0.8696,1,3,camera_5+camera_6,0.0,0,1,L3T-seq_024-c5+c6-6-013975,4.667,True,13980,0.913,,,0.125,0.4,6,sequential,,,,,,,,,,,"{'camera_5': 1, 'camera_6': 3}",1,"{'camera_5': 1, 'camera_6': 1}",0,1,0,0.0,"(0.0, 0.7935)",,"(None, None)",L3,False,0.8819,0.9658,0.975,20,24,0,2,3,2,21,0,58,23,1,5,0.8801,0.9869,0.0,0.45,"(0.2582, 0.6579)",,"(None, None)",0.55,"(0.3421, 0.7418)","(0.732, 0.9758)",0.913,L3T,seq_024,5,0.0,0,0.3966
1.0,2,2,camera_5+camera_6,0.0,0,0,L3T-seq_024-c5+c6-6-013975,4.667,True,13975,1.0,,,0.1429,0.6,6,sequential,,,,,,,,,,,"{'camera_5': 2, 'camera_6': 2}",1,"{'camera_5': 1, 'camera_6': 1}",0,1,0,1.0,"(0.2065, 1.0)",,"(None, None)",L3,False,0.965,0.965,0.9746,114,133,1,1,19,3,114,0,282,114,2,5,0.9394,0.9882,0.0,1.0,"(0.9674, 1.0)",,"(None, None)",1.0,"(0.9674, 1.0)","(0.9674, 1.0)",1.0,L3T,seq_024,1,0.0,0,0.4043
0.8065,1,4,camera_6+camera_7,0.0435,1,2,L3S-seq_024-c6+c7-6-016490,4.0,True,16490,0.8065,,,0.2188,0.4,6,overlapping,,,,,,,,,,,"{'camera_6': 4, 'camera_7': 3}",1,"{'camera_6': 2, 'camera_7': 1}",0,1,1,0.0,"(0.0, 0.7935)",0.0,"(0.0, 0.7935)",L3,False,0.7638,0.9472,0.9491,25,32,0,3,7,2,25,0,50,31,2,5,0.0,0.9816,0.0,0.12,"(0.0417, 0.2996)",,"(None, None)",0.56,"(0.3707, 0.7333)","(0.6372, 0.9081)",0.8065,L3S,seq_024,5,0.0435,1,0.62
0.9262,1,1,camera_6+camera_7,0.0147,2,36,L3S-seq_024-c6+c7-6-016490,4.0,True,16490,0.8725,,,0.2333,0.3333,6,overlapping,,,,,,,,,,,"{'camera_6': 1, 'camera_7': 3}",1,"{'camera_6': 2, 'camera_7': 1}",0,1,18,0.0,"(0.0, 0.7935)",0.0,"(0.0, 0.1759)",L3,False,0.8515,0.9194,0.9482,138,180,0,3,42,2,138,0,242,149,3,6,0.6561,0.9814,0.0,0.5725,"(0.4891, 0.6519)",,"(None, None)",0.5725,"(0.4891, 0.6519)","(0.8726, 0.9583)",0.9262,L3S,seq_024,1,0.0147,2,0.6157
0.9487,1,3,camera_6+camera_7,0.0139,1,2,L3S-seq_024-c6+c7-7-010250,12.333,True,10250,0.9359,,,0.0633,0.4,7,overlapping,,,,,,,,,,,"{'camera_6': 1, 'camera_7': 3}",1,"{'camera_6': 2, 'camera_7': 1}",0,1,0,0.0,"(0.0, 0.7935)",,"(None, None)",L3,False,0.9007,0.9494,0.9701,74,79,0,3,5,2,74,0,150,78,2,5,0.8417,0.9854,0.0,0.1892,"(0.1162, 0.2929)",,"(None, None)",0.6216,"(0.5077, 0.7235)","(0.8754, 0.9799)",0.9487,L3S,seq_024,5,0.0139,1,0.52
0.9741,1,3,camera_6+camera_7,0.0053,2,15,L3S-seq_024-c6+c7-7-010250,12.333,True,10250,0.9326,,,0.1005,0.3333,7,overlapping,,,,,,,,,,,"{'camera_6': 5, 'camera_7': 3}",1,"{'camera_6': 2, 'camera_7': 2}",0,1,7,0.0,"(0.0, 0.7935)",0.0,"(0.0, 0.3543)",L3,False,0.9184,0.9428,0.9707,376,418,0,4,42,2,376,0,742,386,3,6,0.8331,0.9858,0.0,0.1755,"(0.1404, 0.2172)",,"(None, None)",0.625,"(0.575, 0.6724)","(0.953, 0.9859)",0.9741,L3S,seq_024,1,0.0053,2,0.5202
0.96,1,1,camera_5+camera_6,0.0,0,1,L3T-seq_024-c5+c6-10-000625,4.833,True,625,0.96,,,0.1111,0.5,10,sequential,,,,,,,,,,,"{'camera_5': 3, 'camera_6': 1}",1,"{'camera_5': 1, 'camera_6': 1}",0,1,0,0.0,"(0.0, 0.7935)",,"(None, None)",L3,False,0.9273,0.966,0.9789,24,27,0,2,3,2,24,0,60,25,1,4,0.8864,0.9849,0.0,0.5833,"(0.3883, 0.7553)",,"(None, None)",0.5833,"(0.3883, 0.7553)","(0.8046, 0.9929)",0.96,L3T,seq_024,5,0.0,0,0.4167
0.9918,1,1,camera_5+camera_6,0.0,0,0,L3T-seq_024-c5+c6-10-000625,4.833,True,625,0.9836,,,0.1655,0.6,10,sequential,,,,,,,,,,,"{'camera_5': 1, 'camera_6': 1}",1,"{'camera_5': 1, 'camera_6': 1}",0,1,0,1.0,"(0.2065, 1.0)",,"(None, None)",L3,False,0.9619,0.9699,0.9788,121,145,0,1,24,3,121,0,292,122,1,5,0.9514,0.9888,0.0,1.0,"(0.9692, 1.0)",,"(None, None)",1.0,"(0.9692, 1.0)","(0.955, 0.9986)",0.9918,L3T,seq_024,1,0.0,0,0.4178
0.9213,1,3,camera_6+camera_7,0.0125,1,6,L3S-seq_024-c6+c7-14-012745,13.833,True,12745,0.8315,,,0.1368,0.4,14,overlapping,,,,,,,,,,,"{'camera_6': 4, 'camera_7': 3}",1,"{'camera_6': 2, 'camera_7': 1}",0,1,3,0.0,"(0.0, 0.7935)",0.0,"(0.0, 0.5615)",L3,False,0.8485,0.9209,0.9552,82,95,0,3,13,2,82,0,168,89,2,5,0.6392,0.9806,0.0,0.2073,"(0.1337, 0.3072)",,"(None, None)",0.5732,"(0.4652, 0.6746)","(0.8464, 0.9614)",0.9213,L3S,seq_024,5,0.0125,1,0.5298
0.9508,1,6,camera_6+camera_7,0.0047,2,45,L3S-seq_024-c6+c7-14-012745,13.833,True,12745,0.8501,,,0.1397,0.5556,14,overlapping,,,,,,,,,,,"{'camera_6': 8, 'camera_7': 6}",1,"{'camera_6': 2, 'camera_7': 2}",0,1,22,0.0,"(0.0, 0.7935)",0.0,"(0.0, 0.1487)",L3,False,0.865,0.9097,0.9514,425,494,0,4,69,5,425,0,832,447,3,9,0.6475,0.9803,0.0,0.1976,"(0.1626, 0.2381)",,"(None, None)",0.4188,"(0.3728, 0.4663)","(0.9266, 0.9673)",0.9508,L3S,seq_024,1,0.0047,2,0.5373
0.9714,1,1,camera_2+camera_3+camera_4,0.0,0,0,L3S-seq_025-c2+c3+c4-6-004395,4.0,True,4395,0.9714,,,0.4333,0.25,6,overlapping,,,,,,,,,,,"{'camera_2': 1, 'camera_3': 1, 'camera_4': 1}",3,"{'camera_2': 1, 'camera_3': 1, 'camera_4': 1}",0,3,9,1.0,"(0.4385, 1.0)",1.0,"(0.7008, 1.0)",L3,False,0.9235,0.9507,0.9599,34,60,0,1,26,1,34,0,75,35,1,4,0.8886,0.9862,0.3529,1.0,"(0.8985, 1.0)",,"(None, None)",1.0,"(0.8985, 1.0)","(0.8547, 0.9949)",0.9714,L3S,seq_025,5,0.0,0,0.4667
0.9942,1,1,camera_2+camera_3+camera_4,0.0,0,0,L3S-seq_025-c2+c3+c4-6-004395,4.0,True,4395,0.9827,,,0.4169,0.25,6,overlapping,,,,,,,,,,,"{'camera_2': 1, 'camera_3': 1, 'camera_4': 1}",3,"{'camera_2': 1, 'camera_3': 1, 'camera_4': 1}",0,3,51,1.0,"(0.4385, 1.0)",1.0,"(0.93, 1.0)",L3,False,0.9425,0.948,0.9642,172,295,0,1,123,1,172,0,363,173,1,4,0.8859,0.9865,0.343,1.0,"(0.9782, 1.0)",,"(None, None)",1.0,"(0.9782, 1.0)","(0.968, 0.999)",0.9942,L3S,seq_025,1,0.0,0,0.4766
1.0,1,2,camera_1+camera_2+camera_3,0.0,0,31,L3S-seq_025-c1+c2+c3-7-001780,3.667,True,1780,0.92,,,0.1667,0.25,7,overlapping,,,,,,,,,,,"{'camera_1': 1, 'camera_2': 2, 'camera_3': 2}",3,"{'camera_1': 1, 'camera_2': 1, 'camera_3': 1}",0,3,20,0.3333,"(0.0615, 0.7923)",0.2,"(0.0807, 0.416)",L3,False,0.9042,0.9042,0.9368,50,60,0,2,10,1,50,0,69,50,1,4,0.8046,0.9666,0.18,0.32,"(0.2076, 0.4581)",,"(None, None)",0.68,"(0.5419, 0.7924)","(0.9286, 1.0)",1.0,L3S,seq_025,5,0.0,0,0.7246
1.0,1,2,camera_1+camera_2+camera_3,0.0,0,155,L3S-seq_025-c1+c2+c3-7-001780,3.667,True,1780,0.9757,,,0.1954,0.25,7,overlapping,,,,,,,,,,,"{'camera_1': 1, 'camera_2': 2, 'camera_3': 2}",3,"{'camera_1': 1, 'camera_2': 1, 'camera_3': 1}",0,3,99,0.3333,"(0.0615, 0.7923)",0.2121,"(0.1431, 0.3026)",L3,False,0.9114,0.9114,0.9273,247,307,0,2,60,1,247,0,333,247,1,4,0.8329,0.9692,0.2227,0.3158,"(0.261, 0.3762)",,"(None, None)",0.6842,"(0.6238, 0.739)","(0.9847, 1.0)",1.0,L3S,seq_025,1,0.0,0,0.7417
0.7778,1,1,camera_1+camera_2+camera_3,0.0,0,0,L3S-seq_025-c1+c2+c3-7-002520,2.833,True,2520,0.7778,,,0.2222,0.3333,7,overlapping,,,,,,,,,,,"{'camera_1': None, 'camera_2': 1, 'camera_3': 1}",3,"{'camera_1': 0, 'camera_2': 1, 'camera_3': 1}",2,1,10,1.0,"(0.2065, 1.0)",1.0,"(0.7225, 1.0)",L3,False,0.724,0.9308,0.9335,28,36,0,1,8,1,28,0,54,36,1,3,0.0,0.967,0.2857,1.0,"(0.8794, 1.0)",,"(None, None)",1.0,"(0.8794, 1.0)","(0.6191, 0.8828)",0.7778,L3S,seq_025,5,0.0,0,0.6667
0.9368,1,1,camera_1+camera_2+camera_3,0.0,0,48,L3S-seq_025-c1+c2+c3-7-002520,2.833,True,2520,0.9195,,,0.201,0.25,7,overlapping,,,,,,,,,,,"{'camera_1': 2, 'camera_2': 1, 'camera_3': 1}",3,"{'camera_1': 1, 'camera_2': 1, 'camera_3': 1}",0,3,54,0.3333,"(0.0615, 0.7923)",0.5556,"(0.4238, 0.68)",L3,False,0.8639,0.9222,0.9409,163,204,0,2,41,1,163,0,258,174,1,4,0.7673,0.9722,0.2454,0.8528,"(0.7903, 0.899)",,"(None, None)",0.8528,"(0.7903, 0.899)","(0.8904, 0.9643)",0.9368,L3S,seq_025,1,0.0,0,0.6744
0.975,1,3,camera_6+camera_7,0.0132,1,4,L3S-seq_025-c6+c7-10-004360,12.5,True,4360,0.95,,,0.1789,0.4,10,overlapping,,,,,,,,,,,"{'camera_6': 4, 'camera_7': 3}",1,"{'camera_6': 2, 'camera_7': 1}",0,1,2,0.0,"(0.0, 0.7935)",0.0,"(0.0, 0.6576)",L3,False,0.9255,0.9493,0.9685,78,95,0,3,17,2,78,0,152,80,2,5,0.8892,0.9883,0.0,0.2308,"(0.1513, 0.3356)",,"(None, None)",0.5256,"(0.4162, 0.6326)","(0.9134, 0.9931)",0.975,L3S,seq_025,5,0.0132,1,0.5263
0.9875,1,5,camera_6+camera_7,0.0051,2,36,L3S-seq_025-c6+c7-10-004360,12.5,True,4360,0.9774,,,0.204,0.5,10,overlapping,,,,,,,,,,,"{'camera_6': 6, 'camera_7': 5}",1,"{'camera_6': 2, 'camera_7': 2}",0,1,18,0.0,"(0.0, 0.7935)",0.0,"(0.0, 0.1759)",L3,False,0.9404,0.9524,0.9674,394,495,0,4,101,4,394,0,752,399,3,8,0.9085,0.9887,0.0,0.2259,"(0.1874, 0.2697)",,"(None, None)",0.5152,"(0.466, 0.5642)","(0.971, 0.9946)",0.9875,L3S,seq_025,1,0.0051,2,0.5306
0.961,1,1,camera_6+camera_7,0.0139,1,27,L3S-seq_026-c6+c7-3-005890,9.833,True,5890,0.9351,,,0.3621,0.25,3,overlapping,,,,,,,,,,,"{'camera_6': 1, 'camera_7': 4}",1,"{'camera_6': 1, 'camera_7': 2}",0,1,14,0.0,"(0.0, 0.7935)",0.0,"(0.0, 0.2153)",L3,False,0.8987,0.9352,0.9491,74,116,0,3,42,1,74,0,120,77,2,4,0.8508,0.9814,0.0,0.8108,"(0.7071, 0.8838)",,"(None, None)",0.8108,"(0.7071, 0.8838)","(0.8916, 0.9867)",0.961,L3S,seq_026,5,0.0139,1,0.6417
0.9869,1,1,camera_6+camera_7,0.0053,2,163,L3S-seq_026-c6+c7-3-005890,9.833,True,5890,0.9634,,,0.3769,0.3333,3,overlapping,,,,,,,,,,,"{'camera_6': 1, 'camera_7': 6}",1,"{'camera_6': 1, 'camera_7': 3}",0,1,82,0.0,"(0.0, 0.7935)",0.0,"(0.0, 0.0448)",L3,False,0.9194,0.9316,0.947,377,605,0,4,228,2,377,0,592,382,3,6,0.8549,0.9816,0.0,0.7825,"(0.7381, 0.8212)",,"(None, None)",0.7825,"(0.7381, 0.8212)","(0.9697, 0.9944)",0.9869,L3S,seq_026,1,0.0053,2,0.6453
