clip_id,rule,stride,ttl,tracker,returncode,wall_s,git_sha,argv
L1-seq_026-c1-1-001870,L1,5,600,configs/tracker_rf_cbiou.yaml,0,1.51,6e14742e1f6cf990387af196ac6ac9e376b829d9,D:\yizhen\smart_kitchen\.venv\Scripts\python.exe scripts/m5_track_video.py --videos D:/yizhen/CHIRLA/CHIRLA_data/CHIRLA/videos/seq_026/camera_1_2023-12-05-12_12_13.avi --cameras camera_1 --topology configs/fix_grid/base.yaml --tracker configs/tracker_rf_cbiou.yaml --variant nano --thr 0.10 --person-cls 1 --embedder none --fps 30.0 --max-frames -1 --ttl 600 --stride 5 --start-fid 1870 --end-fid 2335 --det-cache results/det_cache/coco_nano/seq_026 --clip-id L1-seq_026-c1-1-001870 --out results/clips/runs/L1-seq_026-c1-1-001870/s5/chef_events.jsonl
L1-seq_026-c1-1-001870,L1,1,600,configs/tracker_rf_cbiou.yaml,0,1.59,6e14742e1f6cf990387af196ac6ac9e376b829d9,D:\yizhen\smart_kitchen\.venv\Scripts\python.exe scripts/m5_track_video.py --videos D:/yizhen/CHIRLA/CHIRLA_data/CHIRLA/videos/seq_026/camera_1_2023-12-05-12_12_13.avi --cameras camera_1 --topology configs/fix_grid/base.yaml --tracker configs/tracker_rf_cbiou.yaml --variant nano --thr 0.10 --person-cls 1 --embedder none --fps 30.0 --max-frames -1 --ttl 600 --stride 1 --start-fid 1870 --end-fid 2335 --det-cache results/det_cache/coco_nano/seq_026 --clip-id L1-seq_026-c1-1-001870 --out results/clips/runs/L1-seq_026-c1-1-001870/s1/chef_events.jsonl
L1-seq_000-c4-1-001520,L1,5,600,configs/tracker_rf_cbiou.yaml,0,1.63,6e14742e1f6cf990387af196ac6ac9e376b829d9,D:\yizhen\smart_kitchen\.venv\Scripts\python.exe scripts/m5_track_video.py --videos D:/yizhen/CHIRLA/CHIRLA_data/CHIRLA/videos/seq_000/camera_4_2023-06-02-11_14_26.avi --cameras camera_4 --topology configs/fix_grid/base.yaml --tracker configs/tracker_rf_cbiou.yaml --variant nano --thr 0.10 --person-cls 1 --embedder none --fps 30.0 --max-frames -1 --ttl 600 --stride 5 --start-fid 1520 --end-fid 2090 --det-cache results/det_cache/coco_nano/seq_000 --clip-id L1-seq_000-c4-1-001520 --out results/clips/runs/L1-seq_000-c4-1-001520/s5/chef_events.jsonl
L1-seq_000-c4-1-001520,L1,1,600,configs/tracker_rf_cbiou.yaml,0,1.61,6e14742e1f6cf990387af196ac6ac9e376b829d9,D:\yizhen\smart_kitchen\.venv\Scripts\python.exe scripts/m5_track_video.py --videos D:/yizhen/CHIRLA/CHIRLA_data/CHIRLA/videos/seq_000/camera_4_2023-06-02-11_14_26.avi --cameras camera_4 --topology configs/fix_grid/base.yaml --tracker configs/tracker_rf_cbiou.yaml --variant nano --thr 0.10 --person-cls 1 --embedder none --fps 30.0 --max-frames -1 --ttl 600 --stride 1 --start-fid 1520 --end-fid 2090 --det-cache results/det_cache/coco_nano/seq_000 --clip-id L1-seq_000-c4-1-001520 --out results/clips/runs/L1-seq_000-c4-1-001520/s1/chef_events.jsonl
L1-seq_024-c1-2-015670,L1,5,600,configs/tracker_rf_cbiou.yaml,0,2.4,6e14742e1f6cf990387af196ac6ac9e376b829d9,D:\yizhen\smart_kitchen\.venv\Scripts\python.exe scripts/m5_track_video.py --videos D:/yizhen/CHIRLA/CHIRLA_data/CHIRLA/videos/seq_024/camera_1_2023-12-01-11_05_52.avi --cameras camera_1 --topology configs/fix_grid/base.yaml --tracker configs/tracker_rf_cbiou.yaml --variant nano --thr 0.10 --person-cls 1 --embedder none --fps 30.0 --max-frames -1 --ttl 600 --stride 5 --start-fid 15670 --end-fid 15910 --det-cache results/det_cache/coco_nano/seq_024 --clip-id L1-seq_024-c1-2-015670 --out results/clips/runs/L1-seq_024-c1-2-015670/s5/chef_events.jsonl
L1-seq_024-c1-2-015670,L1,1,600,configs/tracker_rf_cbiou.yaml,0,2.47,6e14742e1f6cf990387af196ac6ac9e376b829d9,D:\yizhen\smart_kitchen\.venv\Scripts\python.exe scripts/m5_track_video.py --videos D:/yizhen/CHIRLA/CHIRLA_data/CHIRLA/videos/seq_024/camera_1_2023-12-01-11_05_52.avi --cameras camera_1 --topology configs/fix_grid/base.yaml --tracker configs/tracker_rf_cbiou.yaml --variant nano --thr 0.10 --person-cls 1 --embedder none --fps 30.0 --max-frames -1 --ttl 600 --stride 1 --start-fid 15670 --end-fid 15910 --det-cache results/det_cache/coco_nano/seq_024 --clip-id L1-seq_024-c1-2-015670 --out results/clips/runs/L1-seq_024-c1-2-015670/s1/chef_events.jsonl
L1-seq_026-c5-2-007160,L1,5,600,configs/tracker_rf_cbiou.yaml,0,1.74,6e14742e1f6cf990387af196ac6ac9e376b829d9,D:\yizhen\smart_kitchen\.venv\Scripts\python.exe scripts/m5_track_video.py --videos D:/yizhen/CHIRLA/CHIRLA_data/CHIRLA/videos/seq_026/camera_5_2023-12-05-12_12_13.avi --cameras camera_5 --topology configs/fix_grid/base.yaml --tracker configs/tracker_rf_cbiou.yaml --variant nano --thr 0.10 --person-cls 1 --embedder none --fps 30.0 --max-frames -1 --ttl 600 --stride 5 --start-fid 7160 --end-fid 7440 --det-cache results/det_cache/coco_nano/seq_026 --clip-id L1-seq_026-c5-2-007160 --out results/clips/runs/L1-seq_026-c5-2-007160/s5/chef_events.jsonl
L1-seq_026-c5-2-007160,L1,1,600,configs/tracker_rf_cbiou.yaml,0,1.79,6e14742e1f6cf990387af196ac6ac9e376b829d9,D:\yizhen\smart_kitchen\.venv\Scripts\python.exe scripts/m5_track_video.py --videos D:/yizhen/CHIRLA/CHIRLA_data/CHIRLA/videos/seq_026/camera_5_2023-12-05-12_12_13.avi --cameras camera_5 --topology configs/fix_grid/base.yaml --tracker configs/tracker_rf_cbiou.yaml --variant nano --thr 0.10 --person-cls 1 --embedder none --fps 30.0 --max-frames -1 --ttl 600 --stride 1 --start-fid 7160 --end-fid 7440 --det-cache results/det_cache/coco_nano/seq_026 --clip-id L1-seq_026-c5-2-007160 --out results/clips/runs/L1-seq_026-c5-2-007160/s1/chef_events.jsonl
L1-seq_000-c1-3-004345,L1,5,600,configs/tracker_rf_cbiou.yaml,0,1.79,6e14742e1f6cf990387af196ac6ac9e376b829d9,D:\yizhen\smart_kitchen\.venv\Scripts\python.exe scripts/m5_track_video.py --videos D:/yizhen/CHIRLA/CHIRLA_data/CHIRLA/videos/seq_000/camera_1_2023-06-02-11_14_25.avi --cameras camera_1 --topology configs/fix_grid/base.yaml --tracker configs/tracker_rf_cbiou.yaml --variant nano --thr 0.10 --person-cls 1 --embedder none --fps 30.0 --max-frames -1 --ttl 600 --stride 5 --start-fid 4345 --end-fid 4795 --det-cache results/det_cache/coco_nano/seq_000 --clip-id L1-seq_000-c1-3-004345 --out results/clips/runs/L1-seq_000-c1-3-004345/s5/chef_events.jsonl
L1-seq_000-c1-3-004345,L1,1,600,configs/tracker_rf_cbiou.yaml,0,1.83,6e14742e1f6cf990387af196ac6ac9e376b829d9,D:\yizhen\smart_kitchen\.venv\Scripts\python.exe scripts/m5_track_video.py --videos D:/yizhen/CHIRLA/CHIRLA_data/CHIRLA/videos/seq_000/camera_1_2023-06-02-11_14_25.avi --cameras camera_1 --topology configs/fix_grid/base.yaml --tracker configs/tracker_rf_cbiou.yaml --variant nano --thr 0.10 --person-cls 1 --embedder none --fps 30.0 --max-frames -1 --ttl 600 --stride 1 --start-fid 4345 --end-fid 4795 --det-cache results/det_cache/coco_nano/seq_000 --clip-id L1-seq_000-c1-3-004345 --out results/clips/runs/L1-seq_000-c1-3-004345/s1/chef_events.jsonl
L1-seq_000-c7-3-002915,L1,5,600,configs/tracker_rf_cbiou.yaml,0,1.79,6e14742e1f6cf990387af196ac6ac9e376b829d9,D:\yizhen\smart_kitchen\.venv\Scripts\python.exe scripts/m5_track_video.py --videos D:/yizhen/CHIRLA/CHIRLA_data/CHIRLA/videos/seq_000/camera_7_2023-06-02-11_14_26.avi --cameras camera_7 --topology configs/fix_grid/base.yaml --tracker configs/tracker_rf_cbiou.yaml --variant nano --thr 0.10 --person-cls 1 --embedder none --fps 30.0 --max-frames -1 --ttl 600 --stride 5 --start-fid 2915 --end-fid 3515 --det-cache results/det_cache/coco_nano/seq_000 --clip-id L1-seq_000-c7-3-002915 --out results/clips/runs/L1-seq_000-c7-3-002915/s5/chef_events.jsonl
L1-seq_000-c7-3-002915,L1,1,600,configs/tracker_rf_cbiou.yaml,0,1.81,6e14742e1f6cf990387af196ac6ac9e376b829d9,D:\yizhen\smart_kitchen\.venv\Scripts\python.exe scripts/m5_track_video.py --videos D:/yizhen/CHIRLA/CHIRLA_data/CHIRLA/videos/seq_000/camera_7_2023-06-02-11_14_26.avi --cameras camera_7 --topology configs/fix_grid/base.yaml --tracker configs/tracker_rf_cbiou.yaml --variant nano --thr 0.10 --person-cls 1 --embedder none --fps 30.0 --max-frames -1 --ttl 600 --stride 1 --start-fid 2915 --end-fid 3515 --det-cache results/det_cache/coco_nano/seq_000 --clip-id L1-seq_000-c7-3-002915 --out results/clips/runs/L1-seq_000-c7-3-002915/s1/chef_events.jsonl
L1-seq_020-c1-4-007505,L1,5,600,configs/tracker_rf_cbiou.yaml,0,1.93,6e14742e1f6cf990387af196ac6ac9e376b829d9,D:\yizhen\smart_kitchen\.venv\Scripts\python.exe scripts/m5_track_video.py --videos D:/yizhen/CHIRLA/CHIRLA_data/CHIRLA/videos/seq_020/camera_1_2023-07-26-13_21_40.avi --cameras camera_1 --topology configs/fix_grid/base.yaml --tracker configs/tracker_rf_cbiou.yaml --variant nano --thr 0.10 --person-cls 1 --embedder none --fps 30.0 --max-frames -1 --ttl 600 --stride 5 --start-fid 7505 --end-fid 7810 --det-cache results/det_cache/coco_nano/seq_020 --clip-id L1-seq_020-c1-4-007505 --out results/clips/runs/L1-seq_020-c1-4-007505/s5/chef_events.jsonl
L1-seq_020-c1-4-007505,L1,1,600,configs/tracker_rf_cbiou.yaml,0,1.93,6e14742e1f6cf990387af196ac6ac9e376b829d9,D:\yizhen\smart_kitchen\.venv\Scripts\python.exe scripts/m5_track_video.py --videos D:/yizhen/CHIRLA/CHIRLA_data/CHIRLA/videos/seq_020/camera_1_2023-07-26-13_21_40.avi --cameras camera_1 --topology configs/fix_grid/base.yaml --tracker configs/tracker_rf_cbiou.yaml --variant nano --thr 0.10 --person-cls 1 --embedder none --fps 30.0 --max-frames -1 --ttl 600 --stride 1 --start-fid 7505 --end-fid 7810 --det-cache results/det_cache/coco_nano/seq_020 --clip-id L1-seq_020-c1-4-007505 --out results/clips/runs/L1-seq_020-c1-4-007505/s1/chef_events.jsonl
L1-seq_020-c3-4-007425,L1,5,600,configs/tracker_rf_cbiou.yaml,0,1.99,6e14742e1f6cf990387af196ac6ac9e376b829d9,D:\yizhen\smart_kitchen\.venv\Scripts\python.exe scripts/m5_track_video.py --videos D:/yizhen/CHIRLA/CHIRLA_data/CHIRLA/videos/seq_020/camera_3_2023-07-26-13_21_40.avi --cameras camera_3 --topology configs/fix_grid/base.yaml --tracker configs/tracker_rf_cbiou.yaml --variant nano --thr 0.10 --person-cls 1 --embedder none --fps 30.0 --max-frames -1 --ttl 600 --stride 5 --start-fid 7425 --end-fid 7760 --det-cache results/det_cache/coco_nano/seq_020 --clip-id L1-seq_020-c3-4-007425 --out results/clips/runs/L1-seq_020-c3-4-007425/s5/chef_events.jsonl
L1-seq_020-c3-4-007425,L1,1,600,configs/tracker_rf_cbiou.yaml,0,2.04,6e14742e1f6cf990387af196ac6ac9e376b829d9,D:\yizhen\smart_kitchen\.venv\Scripts\python.exe scripts/m5_track_video.py --videos D:/yizhen/CHIRLA/CHIRLA_data/CHIRLA/videos/seq_020/camera_3_2023-07-26-13_21_40.avi --cameras camera_3 --topology configs/fix_grid/base.yaml --tracker configs/tracker_rf_cbiou.yaml --variant nano --thr 0.10 --person-cls 1 --embedder none --fps 30.0 --max-frames -1 --ttl 600 --stride 1 --start-fid 7425 --end-fid 7760 --det-cache results/det_cache/coco_nano/seq_020 --clip-id L1-seq_020-c3-4-007425 --out results/clips/runs/L1-seq_020-c3-4-007425/s1/chef_events.jsonl
L1-seq_004-c3-5-007450,L1,5,600,configs/tracker_rf_cbiou.yaml,0,2.53,6e14742e1f6cf990387af196ac6ac9e376b829d9,D:\yizhen\smart_kitchen\.venv\Scripts\python.exe scripts/m5_track_video.py --videos D:/yizhen/CHIRLA/CHIRLA_data/CHIRLA/videos/seq_004/camera_3_2023-06-08-12_29_08.avi --cameras camera_3 --topology configs/fix_grid/base.yaml --tracker configs/tracker_rf_cbiou.yaml --variant nano --thr 0.10 --person-cls 1 --embedder none --fps 30.0 --max-frames -1 --ttl 600 --stride 5 --start-fid 7450 --end-fid 8275 --det-cache results/det_cache/coco_nano/seq_004 --clip-id L1-seq_004-c3-5-007450 --out results/clips/runs/L1-seq_004-c3-5-007450/s5/chef_events.jsonl
L1-seq_004-c3-5-007450,L1,1,600,configs/tracker_rf_cbiou.yaml,0,2.61,6e14742e1f6cf990387af196ac6ac9e376b829d9,D:\yizhen\smart_kitchen\.venv\Scripts\python.exe scripts/m5_track_video.py --videos D:/yizhen/CHIRLA/CHIRLA_data/CHIRLA/videos/seq_004/camera_3_2023-06-08-12_29_08.avi --cameras camera_3 --topology configs/fix_grid/base.yaml --tracker configs/tracker_rf_cbiou.yaml --variant nano --thr 0.10 --person-cls 1 --embedder none --fps 30.0 --max-frames -1 --ttl 600 --stride 1 --start-fid 7450 --end-fid 8275 --det-cache results/det_cache/coco_nano/seq_004 --clip-id L1-seq_004-c3-5-007450 --out results/clips/runs/L1-seq_004-c3-5-007450/s1/chef_events.jsonl
L1-seq_000-c1-5-000385,L1,5,600,configs/tracker_rf_cbiou.yaml,0,1.9,6e14742e1f6cf990387af196ac6ac9e376b829d9,D:\yizhen\smart_kitchen\.venv\Scripts\python.exe scripts/m5_track_video.py --videos D:/yizhen/CHIRLA/CHIRLA_data/CHIRLA/videos/seq_000/camera_1_2023-06-02-11_14_25.avi --cameras camera_1 --topology configs/fix_grid/base.yaml --tracker configs/tracker_rf_cbiou.yaml --variant nano --thr 0.10 --person-cls 1 --embedder none --fps 30.0 --max-frames -1 --ttl 600 --stride 5 --start-fid 385 --end-fid 1050 --det-cache results/det_cache/coco_nano/seq_000 --clip-id L1-seq_000-c1-5-000385 --out results/clips/runs/L1-seq_000-c1-5-000385/s5/chef_events.jsonl
L1-seq_000-c1-5-000385,L1,1,600,configs/tracker_rf_cbiou.yaml,0,1.68,6e14742e1f6cf990387af196ac6ac9e376b829d9,D:\yizhen\smart_kitchen\.venv\Scripts\python.exe scripts/m5_track_video.py --videos D:/yizhen/CHIRLA/CHIRLA_data/CHIRLA/videos/seq_000/camera_1_2023-06-02-11_14_25.avi --cameras camera_1 --topology configs/fix_grid/base.yaml --tracker configs/tracker_rf_cbiou.yaml --variant nano --thr 0.10 --person-cls 1 --embedder none --fps 30.0 --max-frames -1 --ttl 600 --stride 1 --start-fid 385 --end-fid 1050 --det-cache results/det_cache/coco_nano/seq_000 --clip-id L1-seq_000-c1-5-000385 --out results/clips/runs/L1-seq_000-c1-5-000385/s1/chef_events.jsonl
L1-seq_024-c4-6-015905,L1,5,600,configs/tracker_rf_cbiou.yaml,0,2.59,6e14742e1f6cf990387af196ac6ac9e376b829d9,D:\yizhen\smart_kitchen\.venv\Scripts\python.exe scripts/m5_track_video.py --videos D:/yizhen/CHIRLA/CHIRLA_data/CHIRLA/videos/seq_024/camera_4_2023-12-01-11_05_52.avi --cameras camera_4 --topology configs/fix_grid/base.yaml --tracker configs/tracker_rf_cbiou.yaml --variant nano --thr 0.10 --person-cls 1 --embedder none --fps 30.0 --max-frames -1 --ttl 600 --stride 5 --start-fid 15905 --end-fid 16310 --det-cache results/det_cache/coco_nano/seq_024 --clip-id L1-seq_024-c4-6-015905 --out results/clips/runs/L1-seq_024-c4-6-015905/s5/chef_events.jsonl
L1-seq_024-c4-6-015905,L1,1,600,configs/tracker_rf_cbiou.yaml,0,2.64,6e14742e1f6cf990387af196ac6ac9e376b829d9,D:\yizhen\smart_kitchen\.venv\Scripts\python.exe scripts/m5_track_video.py --videos D:/yizhen/CHIRLA/CHIRLA_data/CHIRLA/videos/seq_024/camera_4_2023-12-01-11_05_52.avi --cameras camera_4 --topology configs/fix_grid/base.yaml --tracker configs/tracker_rf_cbiou.yaml --variant nano --thr 0.10 --person-cls 1 --embedder none --fps 30.0 --max-frames -1 --ttl 600 --stride 1 --start-fid 15905 --end-fid 16310 --det-cache results/det_cache/coco_nano/seq_024 --clip-id L1-seq_024-c4-6-015905 --out results/clips/runs/L1-seq_024-c4-6-015905/s1/chef_events.jsonl
L1-seq_000-c5-6-004035,L1,5,600,configs/tracker_rf_cbiou.yaml,0,1.95,6e14742e1f6cf990387af196ac6ac9e376b829d9,D:\yizhen\smart_kitchen\.venv\Scripts\python.exe scripts/m5_track_video.py --videos D:/yizhen/CHIRLA/CHIRLA_data/CHIRLA/videos/seq_000/camera_5_2023-06-02-11_14_26.avi --cameras camera_5 --topology configs/fix_grid/base.yaml --tracker configs/tracker_rf_cbiou.yaml --variant nano --thr 0.10 --person-cls 1 --embedder none --fps 30.0 --max-frames -1 --ttl 600 --stride 5 --start-fid 4035 --end-fid 4385 --det-cache results/det_cache/coco_nano/seq_000 --clip-id L1-seq_000-c5-6-004035 --out results/clips/runs/L1-seq_000-c5-6-004035/s5/chef_events.jsonl
L1-seq_000-c5-6-004035,L1,1,600,configs/tracker_rf_cbiou.yaml,0,1.61,6e14742e1f6cf990387af196ac6ac9e376b829d9,D:\yizhen\smart_kitchen\.venv\Scripts\python.exe scripts/m5_track_video.py --videos D:/yizhen/CHIRLA/CHIRLA_data/CHIRLA/videos/seq_000/camera_5_2023-06-02-11_14_26.avi --cameras camera_5 --topology configs/fix_grid/base.yaml --tracker configs/tracker_rf_cbiou.yaml --variant nano --thr 0.10 --person-cls 1 --embedder none --fps 30.0 --max-frames -1 --ttl 600 --stride 1 --start-fid 4035 --end-fid 4385 --det-cache results/det_cache/coco_nano/seq_000 --clip-id L1-seq_000-c5-6-004035 --out results/clips/runs/L1-seq_000-c5-6-004035/s1/chef_events.jsonl
L1-seq_024-c3-7-015855,L1,5,600,configs/tracker_rf_cbiou.yaml,0,3.04,6e14742e1f6cf990387af196ac6ac9e376b829d9,D:\yizhen\smart_kitchen\.venv\Scripts\python.exe scripts/m5_track_video.py --videos D:/yizhen/CHIRLA/CHIRLA_data/CHIRLA/videos/seq_024/camera_3_2023-12-01-11_05_52.avi --cameras camera_3 --topology configs/fix_grid/base.yaml --tracker configs/tracker_rf_cbiou.yaml --variant nano --thr 0.10 --person-cls 1 --embedder none --fps 30.0 --max-frames -1 --ttl 600 --stride 5 --start-fid 15855 --end-fid 16425 --det-cache results/det_cache/coco_nano/seq_024 --clip-id L1-seq_024-c3-7-015855 --out results/clips/runs/L1-seq_024-c3-7-015855/s5/chef_events.jsonl
L1-seq_024-c3-7-015855,L1,1,600,configs/tracker_rf_cbiou.yaml,0,3.17,6e14742e1f6cf990387af196ac6ac9e376b829d9,D:\yizhen\smart_kitchen\.venv\Scripts\python.exe scripts/m5_track_video.py --videos D:/yizhen/CHIRLA/CHIRLA_data/CHIRLA/videos/seq_024/camera_3_2023-12-01-11_05_52.avi --cameras camera_3 --topology configs/fix_grid/base.yaml --tracker configs/tracker_rf_cbiou.yaml --variant nano --thr 0.10 --person-cls 1 --embedder none --fps 30.0 --max-frames -1 --ttl 600 --stride 1 --start-fid 15855 --end-fid 16425 --det-cache results/det_cache/coco_nano/seq_024 --clip-id L1-seq_024-c3-7-015855 --out results/clips/runs/L1-seq_024-c3-7-015855/s1/chef_events.jsonl
L1-seq_025-c3-7-002520,L1,5,600,configs/tracker_rf_cbiou.yaml,0,1.57,6e14742e1f6cf990387af196ac6ac9e376b829d9,D:\yizhen\smart_kitchen\.venv\Scripts\python.exe scripts/m5_track_video.py --videos D:/yizhen/CHIRLA/CHIRLA_data/CHIRLA/videos/seq_025/camera_3_2023-12-04-12_11_17.avi --cameras camera_3 --topology configs/fix_grid/base.yaml --tracker configs/tracker_rf_cbiou.yaml --variant nano --thr 0.10 --person-cls 1 --embedder none --fps 30.0 --max-frames -1 --ttl 600 --stride 5 --start-fid 2520 --end-fid 2940 --det-cache results/det_cache/coco_nano/seq_025 --clip-id L1-seq_025-c3-7-002520 --out results/clips/runs/L1-seq_025-c3-7-002520/s5/chef_events.jsonl
L1-seq_025-c3-7-002520,L1,1,600,configs/tracker_rf_cbiou.yaml,0,1.64,6e14742e1f6cf990387af196ac6ac9e376b829d9,D:\yizhen\smart_kitchen\.venv\Scripts\python.exe scripts/m5_track_video.py --videos D:/yizhen/CHIRLA/CHIRLA_data/CHIRLA/videos/seq_025/camera_3_2023-12-04-12_11_17.avi --cameras camera_3 --topology configs/fix_grid/base.yaml --tracker configs/tracker_rf_cbiou.yaml --variant nano --thr 0.10 --person-cls 1 --embedder none --fps 30.0 --max-frames -1 --ttl 600 --stride 1 --start-fid 2520 --end-fid 2940 --det-cache results/det_cache/coco_nano/seq_025 --clip-id L1-seq_025-c3-7-002520 --out results/clips/runs/L1-seq_025-c3-7-002520/s1/chef_events.jsonl
L1-seq_002-c4-8-001820,L1,5,600,configs/tracker_rf_cbiou.yaml,0,1.37,6e14742e1f6cf990387af196ac6ac9e376b829d9,D:\yizhen\smart_kitchen\.venv\Scripts\python.exe scripts/m5_track_video.py --videos D:/yizhen/CHIRLA/CHIRLA_data/CHIRLA/videos/seq_002/camera_4_2023-06-02-12_09_07.avi --cameras camera_4 --topology configs/fix_grid/base.yaml --tracker configs/tracker_rf_cbiou.yaml --variant nano --thr 0.10 --person-cls 1 --embedder none --fps 30.0 --max-frames -1 --ttl 600 --stride 5 --start-fid 1820 --end-fid 2120 --det-cache results/det_cache/coco_nano/seq_002 --clip-id L1-seq_002-c4-8-001820 --out results/clips/runs/L1-seq_002-c4-8-001820/s5/chef_events.jsonl
L1-seq_002-c4-8-001820,L1,1,600,configs/tracker_rf_cbiou.yaml,0,1.35,6e14742e1f6cf990387af196ac6ac9e376b829d9,D:\yizhen\smart_kitchen\.venv\Scripts\python.exe scripts/m5_track_video.py --videos D:/yizhen/CHIRLA/CHIRLA_data/CHIRLA/videos/seq_002/camera_4_2023-06-02-12_09_07.avi --cameras camera_4 --topology configs/fix_grid/base.yaml --tracker configs/tracker_rf_cbiou.yaml --variant nano --thr 0.10 --person-cls 1 --embedder none --fps 30.0 --max-frames -1 --ttl 600 --stride 1 --start-fid 1820 --end-fid 2120 --det-cache results/det_cache/coco_nano/seq_002 --clip-id L1-seq_002-c4-8-001820 --out results/clips/runs/L1-seq_002-c4-8-001820/s1/chef_events.jsonl
L1-seq_004-c7-8-008115,L1,5,600,configs/tracker_rf_cbiou.yaml,0,1.95,6e14742e1f6cf990387af196ac6ac9e376b829d9,D:\yizhen\smart_kitchen\.venv\Scripts\python.exe scripts/m5_track_video.py --videos D:/yizhen/CHIRLA/CHIRLA_data/CHIRLA/videos/seq_004/camera_7_2023-06-08-12_29_08.avi --cameras camera_7 --topology configs/fix_grid/base.yaml --tracker configs/tracker_rf_cbiou.yaml --variant nano --thr 0.10 --person-cls 1 --embedder none --fps 30.0 --max-frames -1 --ttl 600 --stride 5 --start-fid 8115 --end-fid 8505 --det-cache results/det_cache/coco_nano/seq_004 --clip-id L1-seq_004-c7-8-008115 --out results/clips/runs/L1-seq_004-c7-8-008115/s5/chef_events.jsonl
L1-seq_004-c7-8-008115,L1,1,600,configs/tracker_rf_cbiou.yaml,0,1.99,6e14742e1f6cf990387af196ac6ac9e376b829d9,D:\yizhen\smart_kitchen\.venv\Scripts\python.exe scripts/m5_track_video.py --videos D:/yizhen/CHIRLA/CHIRLA_data/CHIRLA/videos/seq_004/camera_7_2023-06-08-12_29_08.avi --cameras camera_7 --topology configs/fix_grid/base.yaml --tracker configs/tracker_rf_cbiou.yaml --variant nano --thr 0.10 --person-cls 1 --embedder none --fps 30.0 --max-frames -1 --ttl 600 --stride 1 --start-fid 8115 --end-fid 8505 --det-cache results/det_cache/coco_nano/seq_004 --clip-id L1-seq_004-c7-8-008115 --out results/clips/runs/L1-seq_004-c7-8-008115/s1/chef_events.jsonl
L1-seq_026-c7-9-002475,L1,5,600,configs/tracker_rf_cbiou.yaml,0,1.49,6e14742e1f6cf990387af196ac6ac9e376b829d9,D:\yizhen\smart_kitchen\.venv\Scripts\python.exe scripts/m5_track_video.py --videos D:/yizhen/CHIRLA/CHIRLA_data/CHIRLA/videos/seq_026/camera_7_2023-12-05-12_12_13.avi --cameras camera_7 --topology configs/fix_grid/base.yaml --tracker configs/tracker_rf_cbiou.yaml --variant nano --thr 0.10 --person-cls 1 --embedder none --fps 30.0 --max-frames -1 --ttl 600 --stride 5 --start-fid 2475 --end-fid 2860 --det-cache results/det_cache/coco_nano/seq_026 --clip-id L1-seq_026-c7-9-002475 --out results/clips/runs/L1-seq_026-c7-9-002475/s5/chef_events.jsonl
L1-seq_026-c7-9-002475,L1,1,600,configs/tracker_rf_cbiou.yaml,0,1.52,6e14742e1f6cf990387af196ac6ac9e376b829d9,D:\yizhen\smart_kitchen\.venv\Scripts\python.exe scripts/m5_track_video.py --videos D:/yizhen/CHIRLA/CHIRLA_data/CHIRLA/videos/seq_026/camera_7_2023-12-05-12_12_13.avi --cameras camera_7 --topology configs/fix_grid/base.yaml --tracker configs/tracker_rf_cbiou.yaml --variant nano --thr 0.10 --person-cls 1 --embedder none --fps 30.0 --max-frames -1 --ttl 600 --stride 1 --start-fid 2475 --end-fid 2860 --det-cache results/det_cache/coco_nano/seq_026 --clip-id L1-seq_026-c7-9-002475 --out results/clips/runs/L1-seq_026-c7-9-002475/s1/chef_events.jsonl
L1-seq_020-c7-9-013530,L1,5,600,configs/tracker_rf_cbiou.yaml,0,2.46,6e14742e1f6cf990387af196ac6ac9e376b829d9,D:\yizhen\smart_kitchen\.venv\Scripts\python.exe scripts/m5_track_video.py --videos D:/yizhen/CHIRLA/CHIRLA_data/CHIRLA/videos/seq_020/camera_7_2023-07-26-13_21_40.avi --cameras camera_7 --topology configs/fix_grid/base.yaml --tracker configs/tracker_rf_cbiou.yaml --variant nano --thr 0.10 --person-cls 1 --embedder none --fps 30.0 --max-frames -1 --ttl 600 --stride 5 --start-fid 13530 --end-fid 13900 --det-cache results/det_cache/coco_nano/seq_020 --clip-id L1-seq_020-c7-9-013530 --out results/clips/runs/L1-seq_020-c7-9-013530/s5/chef_events.jsonl
L1-seq_020-c7-9-013530,L1,1,600,configs/tracker_rf_cbiou.yaml,0,2.48,6e14742e1f6cf990387af196ac6ac9e376b829d9,D:\yizhen\smart_kitchen\.venv\Scripts\python.exe scripts/m5_track_video.py --videos D:/yizhen/CHIRLA/CHIRLA_data/CHIRLA/videos/seq_020/camera_7_2023-07-26-13_21_40.avi --cameras camera_7 --topology configs/fix_grid/base.yaml --tracker configs/tracker_rf_cbiou.yaml --variant nano --thr 0.10 --person-cls 1 --embedder none --fps 30.0 --max-frames -1 --ttl 600 --stride 1 --start-fid 13530 --end-fid 13900 --det-cache results/det_cache/coco_nano/seq_020 --clip-id L1-seq_020-c7-9-013530 --out results/clips/runs/L1-seq_020-c7-9-013530/s1/chef_events.jsonl
L1-seq_026-c4-10-004865,L1,5,600,configs/tracker_rf_cbiou.yaml,0,1.58,6e14742e1f6cf990387af196ac6ac9e376b829d9,D:\yizhen\smart_kitchen\.venv\Scripts\python.exe scripts/m5_track_video.py --videos D:/yizhen/CHIRLA/CHIRLA_data/CHIRLA/videos/seq_026/camera_4_2023-12-05-12_12_13.avi --cameras camera_4 --topology configs/fix_grid/base.yaml --tracker configs/tracker_rf_cbiou.yaml --variant nano --thr 0.10 --person-cls 1 --embedder none --fps 30.0 --max-frames -1 --ttl 600 --stride 5 --start-fid 4865 --end-fid 5185 --det-cache results/det_cache/coco_nano/seq_026 --clip-id L1-seq_026-c4-10-004865 --out results/clips/runs/L1-seq_026-c4-10-004865/s5/chef_events.jsonl
L1-seq_026-c4-10-004865,L1,1,600,configs/tracker_rf_cbiou.yaml,0,1.61,6e14742e1f6cf990387af196ac6ac9e376b829d9,D:\yizhen\smart_kitchen\.venv\Scripts\python.exe scripts/m5_track_video.py --videos D:/yizhen/CHIRLA/CHIRLA_data/CHIRLA/videos/seq_026/camera_4_2023-12-05-12_12_13.avi --cameras camera_4 --topology configs/fix_grid/base.yaml --tracker configs/tracker_rf_cbiou.yaml --variant nano --thr 0.10 --person-cls 1 --embedder none --fps 30.0 --max-frames -1 --ttl 600 --stride 1 --start-fid 4865 --end-fid 5185 --det-cache results/det_cache/coco_nano/seq_026 --clip-id L1-seq_026-c4-10-004865 --out results/clips/runs/L1-seq_026-c4-10-004865/s1/chef_events.jsonl
L1-seq_000-c6-10-001710,L1,5,600,configs/tracker_rf_cbiou.yaml,0,1.45,6e14742e1f6cf990387af196ac6ac9e376b829d9,D:\yizhen\smart_kitchen\.venv\Scripts\python.exe scripts/m5_track_video.py --videos D:/yizhen/CHIRLA/CHIRLA_data/CHIRLA/videos/seq_000/camera_6_2023-06-02-11_14_26.avi --cameras camera_6 --topology configs/fix_grid/base.yaml --tracker configs/tracker_rf_cbiou.yaml --variant nano --thr 0.10 --person-cls 1 --embedder none --fps 30.0 --max-frames -1 --ttl 600 --stride 5 --start-fid 1710 --end-fid 2065 --det-cache results/det_cache/coco_nano/seq_000 --clip-id L1-seq_000-c6-10-001710 --out results/clips/runs/L1-seq_000-c6-10-001710/s5/chef_events.jsonl
L1-seq_000-c6-10-001710,L1,1,600,configs/tracker_rf_cbiou.yaml,0,1.41,6e14742e1f6cf990387af196ac6ac9e376b829d9,D:\yizhen\smart_kitchen\.venv\Scripts\python.exe scripts/m5_track_video.py --videos D:/yizhen/CHIRLA/CHIRLA_data/CHIRLA/videos/seq_000/camera_6_2023-06-02-11_14_26.avi --cameras camera_6 --topology configs/fix_grid/base.yaml --tracker configs/tracker_rf_cbiou.yaml --variant nano --thr 0.10 --person-cls 1 --embedder none --fps 30.0 --max-frames -1 --ttl 600 --stride 1 --start-fid 1710 --end-fid 2065 --det-cache results/det_cache/coco_nano/seq_000 --clip-id L1-seq_000-c6-10-001710 --out results/clips/runs/L1-seq_000-c6-10-001710/s1/chef_events.jsonl
L1-seq_024-c2-11-015940,L1,5,600,configs/tracker_rf_cbiou.yaml,0,2.89,6e14742e1f6cf990387af196ac6ac9e376b829d9,D:\yizhen\smart_kitchen\.venv\Scripts\python.exe scripts/m5_track_video.py --videos D:/yizhen/CHIRLA/CHIRLA_data/CHIRLA/videos/seq_024/camera_2_2023-12-01-11_05_52.avi --cameras camera_2 --topology configs/fix_grid/base.yaml --tracker configs/tracker_rf_cbiou.yaml --variant nano --thr 0.10 --person-cls 1 --embedder none --fps 30.0 --max-frames -1 --ttl 600 --stride 5 --start-fid 15940 --end-fid 16320 --det-cache results/det_cache/coco_nano/seq_024 --clip-id L1-seq_024-c2-11-015940 --out results/clips/runs/L1-seq_024-c2-11-015940/s5/chef_events.jsonl
L1-seq_024-c2-11-015940,L1,1,600,configs/tracker_rf_cbiou.yaml,0,3.1,6e14742e1f6cf990387af196ac6ac9e376b829d9,D:\yizhen\smart_kitchen\.venv\Scripts\python.exe scripts/m5_track_video.py --videos D:/yizhen/CHIRLA/CHIRLA_data/CHIRLA/videos/seq_024/camera_2_2023-12-01-11_05_52.avi --cameras camera_2 --topology configs/fix_grid/base.yaml --tracker configs/tracker_rf_cbiou.yaml --variant nano --thr 0.10 --person-cls 1 --embedder none --fps 30.0 --max-frames -1 --ttl 600 --stride 1 --start-fid 15940 --end-fid 16320 --det-cache results/det_cache/coco_nano/seq_024 --clip-id L1-seq_024-c2-11-015940 --out results/clips/runs/L1-seq_024-c2-11-015940/s1/chef_events.jsonl
L1-seq_026-c7-11-004120,L1,5,600,configs/tracker_rf_cbiou.yaml,0,1.75,6e14742e1f6cf990387af196ac6ac9e376b829d9,D:\yizhen\smart_kitchen\.venv\Scripts\python.exe scripts/m5_track_video.py --videos D:/yizhen/CHIRLA/CHIRLA_data/CHIRLA/videos/seq_026/camera_7_2023-12-05-12_12_13.avi --cameras camera_7 --topology configs/fix_grid/base.yaml --tracker configs/tracker_rf_cbiou.yaml --variant nano --thr 0.10 --person-cls 1 --embedder none --fps 30.0 --max-frames -1 --ttl 600 --stride 5 --start-fid 4120 --end-fid 4380 --det-cache results/det_cache/coco_nano/seq_026 --clip-id L1-seq_026-c7-11-004120 --out results/clips/runs/L1-seq_026-c7-11-004120/s5/chef_events.jsonl
L1-seq_026-c7-11-004120,L1,1,600,configs/tracker_rf_cbiou.yaml,0,1.55,6e14742e1f6cf990387af196ac6ac9e376b829d9,D:\yizhen\smart_kitchen\.venv\Scripts\python.exe scripts/m5_track_video.py --videos D:/yizhen/CHIRLA/CHIRLA_data/CHIRLA/videos/seq_026/camera_7_2023-12-05-12_12_13.avi --cameras camera_7 --topology configs/fix_grid/base.yaml --tracker configs/tracker_rf_cbiou.yaml --variant nano --thr 0.10 --person-cls 1 --embedder none --fps 30.0 --max-frames -1 --ttl 600 --stride 1 --start-fid 4120 --end-fid 4380 --det-cache results/det_cache/coco_nano/seq_026 --clip-id L1-seq_026-c7-11-004120 --out results/clips/runs/L1-seq_026-c7-11-004120/s1/chef_events.jsonl
L1-seq_020-c1-12-003195,L1,5,600,configs/tracker_rf_cbiou.yaml,0,1.6,6e14742e1f6cf990387af196ac6ac9e376b829d9,D:\yizhen\smart_kitchen\.venv\Scripts\python.exe scripts/m5_track_video.py --videos D:/yizhen/CHIRLA/CHIRLA_data/CHIRLA/videos/seq_020/camera_1_2023-07-26-13_21_40.avi --cameras camera_1 --topology configs/fix_grid/base.yaml --tracker configs/tracker_rf_cbiou.yaml --variant nano --thr 0.10 --person-cls 1 --embedder none --fps 30.0 --max-frames -1 --ttl 600 --stride 5 --start-fid 3195 --end-fid 3615 --det-cache results/det_cache/coco_nano/seq_020 --clip-id L1-seq_020-c1-12-003195 --out results/clips/runs/L1-seq_020-c1-12-003195/s5/chef_events.jsonl
L1-seq_020-c1-12-003195,L1,1,600,configs/tracker_rf_cbiou.yaml,0,1.66,6e14742e1f6cf990387af196ac6ac9e376b829d9,D:\yizhen\smart_kitchen\.venv\Scripts\python.exe scripts/m5_track_video.py --videos D:/yizhen/CHIRLA/CHIRLA_data/CHIRLA/videos/seq_020/camera_1_2023-07-26-13_21_40.avi --cameras camera_1 --topology configs/fix_grid/base.yaml --tracker configs/tracker_rf_cbiou.yaml --variant nano --thr 0.10 --person-cls 1 --embedder none --fps 30.0 --max-frames -1 --ttl 600 --stride 1 --start-fid 3195 --end-fid 3615 --det-cache results/det_cache/coco_nano/seq_020 --clip-id L1-seq_020-c1-12-003195 --out results/clips/runs/L1-seq_020-c1-12-003195/s1/chef_events.jsonl
L1-seq_025-c4-12-000120,L1,5,600,configs/tracker_rf_cbiou.yaml,0,1.28,6e14742e1f6cf990387af196ac6ac9e376b829d9,D:\yizhen\smart_kitchen\.venv\Scripts\python.exe scripts/m5_track_video.py --videos D:/yizhen/CHIRLA/CHIRLA_data/CHIRLA/videos/seq_025/camera_4_2023-12-04-12_11_17.avi --cameras camera_4 --topology configs/fix_grid/base.yaml --tracker configs/tracker_rf_cbiou.yaml --variant nano --thr 0.10 --person-cls 1 --embedder none --fps 30.0 --max-frames -1 --ttl 600 --stride 5 --start-fid 120 --end-fid 495 --det-cache results/det_cache/coco_nano/seq_025 --clip-id L1-seq_025-c4-12-000120 --out results/clips/runs/L1-seq_025-c4-12-000120/s5/chef_events.jsonl
L1-seq_025-c4-12-000120,L1,1,600,configs/tracker_rf_cbiou.yaml,0,1.32,6e14742e1f6cf990387af196ac6ac9e376b829d9,D:\yizhen\smart_kitchen\.venv\Scripts\python.exe scripts/m5_track_video.py --videos D:/yizhen/CHIRLA/CHIRLA_data/CHIRLA/videos/seq_025/camera_4_2023-12-04-12_11_17.avi --cameras camera_4 --topology configs/fix_grid/base.yaml --tracker configs/tracker_rf_cbiou.yaml --variant nano --thr 0.10 --person-cls 1 --embedder none --fps 30.0 --max-frames -1 --ttl 600 --stride 1 --start-fid 120 --end-fid 495 --det-cache results/det_cache/coco_nano/seq_025 --clip-id L1-seq_025-c4-12-000120 --out results/clips/runs/L1-seq_025-c4-12-000120/s1/chef_events.jsonl
L1-seq_020-c4-13-005720,L1,5,600,configs/tracker_rf_cbiou.yaml,0,1.76,6e14742e1f6cf990387af196ac6ac9e376b829d9,D:\yizhen\smart_kitchen\.venv\Scripts\python.exe scripts/m5_track_video.py --videos D:/yizhen/CHIRLA/CHIRLA_data/CHIRLA/videos/seq_020/camera_4_2023-07-26-13_21_40.avi --cameras camera_4 --topology configs/fix_grid/base.yaml --tracker configs/tracker_rf_cbiou.yaml --variant nano --thr 0.10 --person-cls 1 --embedder none --fps 30.0 --max-frames -1 --ttl 600 --stride 5 --start-fid 5720 --end-fid 5930 --det-cache results/det_cache/coco_nano/seq_020 --clip-id L1-seq_020-c4-13-005720 --out results/clips/runs/L1-seq_020-c4-13-005720/s5/chef_events.jsonl
L1-seq_020-c4-13-005720,L1,1,600,configs/tracker_rf_cbiou.yaml,0,1.58,6e14742e1f6cf990387af196ac6ac9e376b829d9,D:\yizhen\smart_kitchen\.venv\Scripts\python.exe scripts/m5_track_video.py --videos D:/yizhen/CHIRLA/CHIRLA_data/CHIRLA/videos/seq_020/camera_4_2023-07-26-13_21_40.avi --cameras camera_4 --topology configs/fix_grid/base.yaml --tracker configs/tracker_rf_cbiou.yaml --variant nano --thr 0.10 --person-cls 1 --embedder none --fps 30.0 --max-frames -1 --ttl 600 --stride 1 --start-fid 5720 --end-fid 5930 --det-cache results/det_cache/coco_nano/seq_020 --clip-id L1-seq_020-c4-13-005720 --out results/clips/runs/L1-seq_020-c4-13-005720/s1/chef_events.jsonl
L1-seq_020-c5-13-006950,L1,5,600,configs/tracker_rf_cbiou.yaml,0,1.67,6e14742e1f6cf990387af196ac6ac9e376b829d9,D:\yizhen\smart_kitchen\.venv\Scripts\python.exe scripts/m5_track_video.py --videos D:/yizhen/CHIRLA/CHIRLA_data/CHIRLA/videos/seq_020/camera_5_2023-07-26-13_21_40.avi --cameras camera_5 --topology configs/fix_grid/base.yaml --tracker configs/tracker_rf_cbiou.yaml --variant nano --thr 0.10 --person-cls 1 --embedder none --fps 30.0 --max-frames -1 --ttl 600 --stride 5 --start-fid 6950 --end-fid 7140 --det-cache results/det_cache/coco_nano/seq_020 --clip-id L1-seq_020-c5-13-006950 --out results/clips/runs/L1-seq_020-c5-13-006950/s5/chef_events.jsonl
L1-seq_020-c5-13-006950,L1,1,600,configs/tracker_rf_cbiou.yaml,0,1.8,6e14742e1f6cf990387af196ac6ac9e376b829d9,D:\yizhen\smart_kitchen\.venv\Scripts\python.exe scripts/m5_track_video.py --videos D:/yizhen/CHIRLA/CHIRLA_data/CHIRLA/videos/seq_020/camera_5_2023-07-26-13_21_40.avi --cameras camera_5 --topology configs/fix_grid/base.yaml --tracker configs/tracker_rf_cbiou.yaml --variant nano --thr 0.10 --person-cls 1 --embedder none --fps 30.0 --max-frames -1 --ttl 600 --stride 1 --start-fid 6950 --end-fid 7140 --det-cache results/det_cache/coco_nano/seq_020 --clip-id L1-seq_020-c5-13-006950 --out results/clips/runs/L1-seq_020-c5-13-006950/s1/chef_events.jsonl
L1-seq_024-c7-14-015805,L1,5,600,configs/tracker_rf_cbiou.yaml,0,2.49,6e14742e1f6cf990387af196ac6ac9e376b829d9,D:\yizhen\smart_kitchen\.venv\Scripts\python.exe scripts/m5_track_video.py --videos D:/yizhen/CHIRLA/CHIRLA_data/CHIRLA/videos/seq_024/camera_7_2023-12-01-11_05_52.avi --cameras camera_7 --topology configs/fix_grid/base.yaml --tracker configs/tracker_rf_cbiou.yaml --variant nano --thr 0.10 --person-cls 1 --embedder none --fps 30.0 --max-frames -1 --ttl 600 --stride 5 --start-fid 15805 --end-fid 16125 --det-cache results/det_cache/coco_nano/seq_024 --clip-id L1-seq_024-c7-14-015805 --out results/clips/runs/L1-seq_024-c7-14-015805/s5/chef_events.jsonl
L1-seq_024-c7-14-015805,L1,1,600,configs/tracker_rf_cbiou.yaml,0,2.48,6e14742e1f6cf990387af196ac6ac9e376b829d9,D:\yizhen\smart_kitchen\.venv\Scripts\python.exe scripts/m5_track_video.py --videos D:/yizhen/CHIRLA/CHIRLA_data/CHIRLA/videos/seq_024/camera_7_2023-12-01-11_05_52.avi --cameras camera_7 --topology configs/fix_grid/base.yaml --tracker configs/tracker_rf_cbiou.yaml --variant nano --thr 0.10 --person-cls 1 --embedder none --fps 30.0 --max-frames -1 --ttl 600 --stride 1 --start-fid 15805 --end-fid 16125 --det-cache results/det_cache/coco_nano/seq_024 --clip-id L1-seq_024-c7-14-015805 --out results/clips/runs/L1-seq_024-c7-14-015805/s1/chef_events.jsonl
L1-seq_024-c7-14-012820,L1,5,600,configs/tracker_rf_cbiou.yaml,0,2.19,6e14742e1f6cf990387af196ac6ac9e376b829d9,D:\yizhen\smart_kitchen\.venv\Scripts\python.exe scripts/m5_track_video.py --videos D:/yizhen/CHIRLA/CHIRLA_data/CHIRLA/videos/seq_024/camera_7_2023-12-01-11_05_52.avi --cameras camera_7 --topology configs/fix_grid/base.yaml --tracker configs/tracker_rf_cbiou.yaml --variant nano --thr 0.10 --person-cls 1 --embedder none --fps 30.0 --max-frames -1 --ttl 600 --stride 5 --start-fid 12820 --end-fid 13080 --det-cache results/det_cache/coco_nano/seq_024 --clip-id L1-seq_024-c7-14-012820 --out results/clips/runs/L1-seq_024-c7-14-012820/s5/chef_events.jsonl
L1-seq_024-c7-14-012820,L1,1,600,configs/tracker_rf_cbiou.yaml,0,2.19,6e14742e1f6cf990387af196ac6ac9e376b829d9,D:\yizhen\smart_kitchen\.venv\Scripts\python.exe scripts/m5_track_video.py --videos D:/yizhen/CHIRLA/CHIRLA_data/CHIRLA/videos/seq_024/camera_7_2023-12-01-11_05_52.avi --cameras camera_7 --topology configs/fix_grid/base.yaml --tracker configs/tracker_rf_cbiou.yaml --variant nano --thr 0.10 --person-cls 1 --embedder none --fps 30.0 --max-frames -1 --ttl 600 --stride 1 --start-fid 12820 --end-fid 13080 --det-cache results/det_cache/coco_nano/seq_024 --clip-id L1-seq_024-c7-14-012820 --out results/clips/runs/L1-seq_024-c7-14-012820/s1/chef_events.jsonl
L1-seq_020-c4-15-002795,L1,5,600,configs/tracker_rf_cbiou.yaml,0,1.52,6e14742e1f6cf990387af196ac6ac9e376b829d9,D:\yizhen\smart_kitchen\.venv\Scripts\python.exe scripts/m5_track_video.py --videos D:/yizhen/CHIRLA/CHIRLA_data/CHIRLA/videos/seq_020/camera_4_2023-07-26-13_21_40.avi --cameras camera_4 --topology configs/fix_grid/base.yaml --tracker configs/tracker_rf_cbiou.yaml --variant nano --thr 0.10 --person-cls 1 --embedder none --fps 30.0 --max-frames -1 --ttl 600 --stride 5 --start-fid 2795 --end-fid 3210 --det-cache results/det_cache/coco_nano/seq_020 --clip-id L1-seq_020-c4-15-002795 --out results/clips/runs/L1-seq_020-c4-15-002795/s5/chef_events.jsonl
L1-seq_020-c4-15-002795,L1,1,600,configs/tracker_rf_cbiou.yaml,0,2.13,6e14742e1f6cf990387af196ac6ac9e376b829d9,D:\yizhen\smart_kitchen\.venv\Scripts\python.exe scripts/m5_track_video.py --videos D:/yizhen/CHIRLA/CHIRLA_data/CHIRLA/videos/seq_020/camera_4_2023-07-26-13_21_40.avi --cameras camera_4 --topology configs/fix_grid/base.yaml --tracker configs/tracker_rf_cbiou.yaml --variant nano --thr 0.10 --person-cls 1 --embedder none --fps 30.0 --max-frames -1 --ttl 600 --stride 1 --start-fid 2795 --end-fid 3210 --det-cache results/det_cache/coco_nano/seq_020 --clip-id L1-seq_020-c4-15-002795 --out results/clips/runs/L1-seq_020-c4-15-002795/s1/chef_events.jsonl
L1-seq_020-c4-15-003245,L1,5,600,configs/tracker_rf_cbiou.yaml,0,1.31,6e14742e1f6cf990387af196ac6ac9e376b829d9,D:\yizhen\smart_kitchen\.venv\Scripts\python.exe scripts/m5_track_video.py --videos D:/yizhen/CHIRLA/CHIRLA_data/CHIRLA/videos/seq_020/camera_4_2023-07-26-13_21_40.avi --cameras camera_4 --topology configs/fix_grid/base.yaml --tracker configs/tracker_rf_cbiou.yaml --variant nano --thr 0.10 --person-cls 1 --embedder none --fps 30.0 --max-frames -1 --ttl 600 --stride 5 --start-fid 3245 --end-fid 3430 --det-cache results/det_cache/coco_nano/seq_020 --clip-id L1-seq_020-c4-15-003245 --out results/clips/runs/L1-seq_020-c4-15-003245/s5/chef_events.jsonl
L1-seq_020-c4-15-003245,L1,1,600,configs/tracker_rf_cbiou.yaml,0,1.34,6e14742e1f6cf990387af196ac6ac9e376b829d9,D:\yizhen\smart_kitchen\.venv\Scripts\python.exe scripts/m5_track_video.py --videos D:/yizhen/CHIRLA/CHIRLA_data/CHIRLA/videos/seq_020/camera_4_2023-07-26-13_21_40.avi --cameras camera_4 --topology configs/fix_grid/base.yaml --tracker configs/tracker_rf_cbiou.yaml --variant nano --thr 0.10 --person-cls 1 --embedder none --fps 30.0 --max-frames -1 --ttl 600 --stride 1 --start-fid 3245 --end-fid 3430 --det-cache results/det_cache/coco_nano/seq_020 --clip-id L1-seq_020-c4-15-003245 --out results/clips/runs/L1-seq_020-c4-15-003245/s1/chef_events.jsonl
L1-seq_020-c3-16-002975,L1,5,600,configs/tracker_rf_cbiou.yaml,0,1.41,6e14742e1f6cf990387af196ac6ac9e376b829d9,D:\yizhen\smart_kitchen\.venv\Scripts\python.exe scripts/m5_track_video.py --videos D:/yizhen/CHIRLA/CHIRLA_data/CHIRLA/videos/seq_020/camera_3_2023-07-26-13_21_40.avi --cameras camera_3 --topology configs/fix_grid/base.yaml --tracker configs/tracker_rf_cbiou.yaml --variant nano --thr 0.10 --person-cls 1 --embedder none --fps 30.0 --max-frames -1 --ttl 600 --stride 5 --start-fid 2975 --end-fid 3205 --det-cache results/det_cache/coco_nano/seq_020 --clip-id L1-seq_020-c3-16-002975 --out results/clips/runs/L1-seq_020-c3-16-002975/s5/chef_events.jsonl
L1-seq_020-c3-16-002975,L1,1,600,configs/tracker_rf_cbiou.yaml,0,1.71,6e14742e1f6cf990387af196ac6ac9e376b829d9,D:\yizhen\smart_kitchen\.venv\Scripts\python.exe scripts/m5_track_video.py --videos D:/yizhen/CHIRLA/CHIRLA_data/CHIRLA/videos/seq_020/camera_3_2023-07-26-13_21_40.avi --cameras camera_3 --topology configs/fix_grid/base.yaml --tracker configs/tracker_rf_cbiou.yaml --variant nano --thr 0.10 --person-cls 1 --embedder none --fps 30.0 --max-frames -1 --ttl 600 --stride 1 --start-fid 2975 --end-fid 3205 --det-cache results/det_cache/coco_nano/seq_020 --clip-id L1-seq_020-c3-16-002975 --out results/clips/runs/L1-seq_020-c3-16-002975/s1/chef_events.jsonl
L1-seq_000-c3-18-000540,L1,5,600,configs/tracker_rf_cbiou.yaml,0,1.25,6e14742e1f6cf990387af196ac6ac9e376b829d9,D:\yizhen\smart_kitchen\.venv\Scripts\python.exe scripts/m5_track_video.py --videos D:/yizhen/CHIRLA/CHIRLA_data/CHIRLA/videos/seq_000/camera_3_2023-06-02-11_14_26.avi --cameras camera_3 --topology configs/fix_grid/base.yaml --tracker configs/tracker_rf_cbiou.yaml --variant nano --thr 0.10 --person-cls 1 --embedder none --fps 30.0 --max-frames -1 --ttl 600 --stride 5 --start-fid 540 --end-fid 805 --det-cache results/det_cache/coco_nano/seq_000 --clip-id L1-seq_000-c3-18-000540 --out results/clips/runs/L1-seq_000-c3-18-000540/s5/chef_events.jsonl
L1-seq_000-c3-18-000540,L1,1,600,configs/tracker_rf_cbiou.yaml,0,1.21,6e14742e1f6cf990387af196ac6ac9e376b829d9,D:\yizhen\smart_kitchen\.venv\Scripts\python.exe scripts/m5_track_video.py --videos D:/yizhen/CHIRLA/CHIRLA_data/CHIRLA/videos/seq_000/camera_3_2023-06-02-11_14_26.avi --cameras camera_3 --topology configs/fix_grid/base.yaml --tracker configs/tracker_rf_cbiou.yaml --variant nano --thr 0.10 --person-cls 1 --embedder none --fps 30.0 --max-frames -1 --ttl 600 --stride 1 --start-fid 540 --end-fid 805 --det-cache results/det_cache/coco_nano/seq_000 --clip-id L1-seq_000-c3-18-000540 --out results/clips/runs/L1-seq_000-c3-18-000540/s1/chef_events.jsonl
L1-seq_000-c3-18-001400,L1,5,600,configs/tracker_rf_cbiou.yaml,0,1.47,6e14742e1f6cf990387af196ac6ac9e376b829d9,D:\yizhen\smart_kitchen\.venv\Scripts\python.exe scripts/m5_track_video.py --videos D:/yizhen/CHIRLA/CHIRLA_data/CHIRLA/videos/seq_000/camera_3_2023-06-02-11_14_26.avi --cameras camera_3 --topology configs/fix_grid/base.yaml --tracker configs/tracker_rf_cbiou.yaml --variant nano --thr 0.10 --person-cls 1 --embedder none --fps 30.0 --max-frames -1 --ttl 600 --stride 5 --start-fid 1400 --end-fid 1830 --det-cache results/det_cache/coco_nano/seq_000 --clip-id L1-seq_000-c3-18-001400 --out results/clips/runs/L1-seq_000-c3-18-001400/s5/chef_events.jsonl
L1-seq_000-c3-18-001400,L1,1,600,configs/tracker_rf_cbiou.yaml,0,1.5,6e14742e1f6cf990387af196ac6ac9e376b829d9,D:\yizhen\smart_kitchen\.venv\Scripts\python.exe scripts/m5_track_video.py --videos D:/yizhen/CHIRLA/CHIRLA_data/CHIRLA/videos/seq_000/camera_3_2023-06-02-11_14_26.avi --cameras camera_3 --topology configs/fix_grid/base.yaml --tracker configs/tracker_rf_cbiou.yaml --variant nano --thr 0.10 --person-cls 1 --embedder none --fps 30.0 --max-frames -1 --ttl 600 --stride 1 --start-fid 1400 --end-fid 1830 --det-cache results/det_cache/coco_nano/seq_000 --clip-id L1-seq_000-c3-18-001400 --out results/clips/runs/L1-seq_000-c3-18-001400/s1/chef_events.jsonl
L1-seq_006-c2-24-002915,L1,5,600,configs/tracker_rf_cbiou.yaml,0,1.61,6e14742e1f6cf990387af196ac6ac9e376b829d9,D:\yizhen\smart_kitchen\.venv\Scripts\python.exe scripts/m5_track_video.py --videos D:/yizhen/CHIRLA/CHIRLA_data/CHIRLA/videos/seq_006/camera_2_2023-06-13-13_24_46.avi --cameras camera_2 --topology configs/fix_grid/base.yaml --tracker configs/tracker_rf_cbiou.yaml --variant nano --thr 0.10 --person-cls 1 --embedder none --fps 30.0 --max-frames -1 --ttl 600 --stride 5 --start-fid 2915 --end-fid 3345 --det-cache results/det_cache/coco_nano/seq_006 --clip-id L1-seq_006-c2-24-002915 --out results/clips/runs/L1-seq_006-c2-24-002915/s5/chef_events.jsonl
L1-seq_006-c2-24-002915,L1,1,600,configs/tracker_rf_cbiou.yaml,0,1.69,6e14742e1f6cf990387af196ac6ac9e376b829d9,D:\yizhen\smart_kitchen\.venv\Scripts\python.exe scripts/m5_track_video.py --videos D:/yizhen/CHIRLA/CHIRLA_data/CHIRLA/videos/seq_006/camera_2_2023-06-13-13_24_46.avi --cameras camera_2 --topology configs/fix_grid/base.yaml --tracker configs/tracker_rf_cbiou.yaml --variant nano --thr 0.10 --person-cls 1 --embedder none --fps 30.0 --max-frames -1 --ttl 600 --stride 1 --start-fid 2915 --end-fid 3345 --det-cache results/det_cache/coco_nano/seq_006 --clip-id L1-seq_006-c2-24-002915 --out results/clips/runs/L1-seq_006-c2-24-002915/s1/chef_events.jsonl
L2-seq_000-c1-3-003910,L2,5,600,configs/tracker_rf_cbiou.yaml,0,2.16,6e14742e1f6cf990387af196ac6ac9e376b829d9,D:\yizhen\smart_kitchen\.venv\Scripts\python.exe scripts/m5_track_video.py --videos D:/yizhen/CHIRLA/CHIRLA_data/CHIRLA/videos/seq_000/camera_1_2023-06-02-11_14_25.avi --cameras camera_1 --topology configs/fix_grid/base.yaml --tracker configs/tracker_rf_cbiou.yaml --variant nano --thr 0.10 --person-cls 1 --embedder none --fps 30.0 --max-frames -1 --ttl 600 --stride 5 --start-fid 3910 --end-fid 4795 --det-cache results/det_cache/coco_nano/seq_000 --clip-id L2-seq_000-c1-3-003910 --out results/clips/runs/L2-seq_000-c1-3-003910/s5/chef_events.jsonl
L2-seq_000-c1-3-003910,L2,1,600,configs/tracker_rf_cbiou.yaml,0,2.27,6e14742e1f6cf990387af196ac6ac9e376b829d9,D:\yizhen\smart_kitchen\.venv\Scripts\python.exe scripts/m5_track_video.py --videos D:/yizhen/CHIRLA/CHIRLA_data/CHIRLA/videos/seq_000/camera_1_2023-06-02-11_14_25.avi --cameras camera_1 --topology configs/fix_grid/base.yaml --tracker configs/tracker_rf_cbiou.yaml --variant nano --thr 0.10 --person-cls 1 --embedder none --fps 30.0 --max-frames -1 --ttl 600 --stride 1 --start-fid 3910 --end-fid 4795 --det-cache results/det_cache/coco_nano/seq_000 --clip-id L2-seq_000-c1-3-003910 --out results/clips/runs/L2-seq_000-c1-3-003910/s1/chef_events.jsonl
L2-seq_000-c7-10-001530,L2,5,600,configs/tracker_rf_cbiou.yaml,0,1.44,6e14742e1f6cf990387af196ac6ac9e376b829d9,D:\yizhen\smart_kitchen\.venv\Scripts\python.exe scripts/m5_track_video.py --videos D:/yizhen/CHIRLA/CHIRLA_data/CHIRLA/videos/seq_000/camera_7_2023-06-02-11_14_26.avi --cameras camera_7 --topology configs/fix_grid/base.yaml --tracker configs/tracker_rf_cbiou.yaml --variant nano --thr 0.10 --person-cls 1 --embedder none --fps 30.0 --max-frames -1 --ttl 600 --stride 5 --start-fid 1530 --end-fid 1945 --det-cache results/det_cache/coco_nano/seq_000 --clip-id L2-seq_000-c7-10-001530 --out results/clips/runs/L2-seq_000-c7-10-001530/s5/chef_events.jsonl
L2-seq_000-c7-10-001530,L2,1,600,configs/tracker_rf_cbiou.yaml,0,1.76,6e14742e1f6cf990387af196ac6ac9e376b829d9,D:\yizhen\smart_kitchen\.venv\Scripts\python.exe scripts/m5_track_video.py --videos D:/yizhen/CHIRLA/CHIRLA_data/CHIRLA/videos/seq_000/camera_7_2023-06-02-11_14_26.avi --cameras camera_7 --topology configs/fix_grid/base.yaml --tracker configs/tracker_rf_cbiou.yaml --variant nano --thr 0.10 --person-cls 1 --embedder none --fps 30.0 --max-frames -1 --ttl 600 --stride 1 --start-fid 1530 --end-fid 1945 --det-cache results/det_cache/coco_nano/seq_000 --clip-id L2-seq_000-c7-10-001530 --out results/clips/runs/L2-seq_000-c7-10-001530/s1/chef_events.jsonl
L2-seq_004-c4-6-004585,L2,5,600,configs/tracker_rf_cbiou.yaml,0,1.54,6e14742e1f6cf990387af196ac6ac9e376b829d9,D:\yizhen\smart_kitchen\.venv\Scripts\python.exe scripts/m5_track_video.py --videos D:/yizhen/CHIRLA/CHIRLA_data/CHIRLA/videos/seq_004/camera_4_2023-06-08-12_29_08.avi --cameras camera_4 --topology configs/fix_grid/base.yaml --tracker configs/tracker_rf_cbiou.yaml --variant nano --thr 0.10 --person-cls 1 --embedder none --fps 30.0 --max-frames -1 --ttl 600 --stride 5 --start-fid 4585 --end-fid 4865 --det-cache results/det_cache/coco_nano/seq_004 --clip-id L2-seq_004-c4-6-004585 --out results/clips/runs/L2-seq_004-c4-6-004585/s5/chef_events.jsonl
L2-seq_004-c4-6-004585,L2,1,600,configs/tracker_rf_cbiou.yaml,0,1.52,6e14742e1f6cf990387af196ac6ac9e376b829d9,D:\yizhen\smart_kitchen\.venv\Scripts\python.exe scripts/m5_track_video.py --videos D:/yizhen/CHIRLA/CHIRLA_data/CHIRLA/videos/seq_004/camera_4_2023-06-08-12_29_08.avi --cameras camera_4 --topology configs/fix_grid/base.yaml --tracker configs/tracker_rf_cbiou.yaml --variant nano --thr 0.10 --person-cls 1 --embedder none --fps 30.0 --max-frames -1 --ttl 600 --stride 1 --start-fid 4585 --end-fid 4865 --det-cache results/det_cache/coco_nano/seq_004 --clip-id L2-seq_004-c4-6-004585 --out results/clips/runs/L2-seq_004-c4-6-004585/s1/chef_events.jsonl
L2-seq_004-c6-6-007585,L2,5,600,configs/tracker_rf_cbiou.yaml,0,1.68,6e14742e1f6cf990387af196ac6ac9e376b829d9,D:\yizhen\smart_kitchen\.venv\Scripts\python.exe scripts/m5_track_video.py --videos D:/yizhen/CHIRLA/CHIRLA_data/CHIRLA/videos/seq_004/camera_6_2023-06-08-12_29_08.avi --cameras camera_6 --topology configs/fix_grid/base.yaml --tracker configs/tracker_rf_cbiou.yaml --variant nano --thr 0.10 --person-cls 1 --embedder none --fps 30.0 --max-frames -1 --ttl 600 --stride 5 --start-fid 7585 --end-fid 7835 --det-cache results/det_cache/coco_nano/seq_004 --clip-id L2-seq_004-c6-6-007585 --out results/clips/runs/L2-seq_004-c6-6-007585/s5/chef_events.jsonl
L2-seq_004-c6-6-007585,L2,1,600,configs/tracker_rf_cbiou.yaml,0,1.73,6e14742e1f6cf990387af196ac6ac9e376b829d9,D:\yizhen\smart_kitchen\.venv\Scripts\python.exe scripts/m5_track_video.py --videos D:/yizhen/CHIRLA/CHIRLA_data/CHIRLA/videos/seq_004/camera_6_2023-06-08-12_29_08.avi --cameras camera_6 --topology configs/fix_grid/base.yaml --tracker configs/tracker_rf_cbiou.yaml --variant nano --thr 0.10 --person-cls 1 --embedder none --fps 30.0 --max-frames -1 --ttl 600 --stride 1 --start-fid 7585 --end-fid 7835 --det-cache results/det_cache/coco_nano/seq_004 --clip-id L2-seq_004-c6-6-007585 --out results/clips/runs/L2-seq_004-c6-6-007585/s1/chef_events.jsonl
L2-seq_004-c7-7-004775,L2,5,600,configs/tracker_rf_cbiou.yaml,0,1.56,6e14742e1f6cf990387af196ac6ac9e376b829d9,D:\yizhen\smart_kitchen\.venv\Scripts\python.exe scripts/m5_track_video.py --videos D:/yizhen/CHIRLA/CHIRLA_data/CHIRLA/videos/seq_004/camera_7_2023-06-08-12_29_08.avi --cameras camera_7 --topology configs/fix_grid/base.yaml --tracker configs/tracker_rf_cbiou.yaml --variant nano --thr 0.10 --person-cls 1 --embedder none --fps 30.0 --max-frames -1 --ttl 600 --stride 5 --start-fid 4775 --end-fid 5090 --det-cache results/det_cache/coco_nano/seq_004 --clip-id L2-seq_004-c7-7-004775 --out results/clips/runs/L2-seq_004-c7-7-004775/s5/chef_events.jsonl
L2-seq_004-c7-7-004775,L2,1,600,configs/tracker_rf_cbiou.yaml,0,1.81,6e14742e1f6cf990387af196ac6ac9e376b829d9,D:\yizhen\smart_kitchen\.venv\Scripts\python.exe scripts/m5_track_video.py --videos D:/yizhen/CHIRLA/CHIRLA_data/CHIRLA/videos/seq_004/camera_7_2023-06-08-12_29_08.avi --cameras camera_7 --topology configs/fix_grid/base.yaml --tracker configs/tracker_rf_cbiou.yaml --variant nano --thr 0.10 --person-cls 1 --embedder none --fps 30.0 --max-frames -1 --ttl 600 --stride 1 --start-fid 4775 --end-fid 5090 --det-cache results/det_cache/coco_nano/seq_004 --clip-id L2-seq_004-c7-7-004775 --out results/clips/runs/L2-seq_004-c7-7-004775/s1/chef_events.jsonl
L2-seq_020-c1-12-007830,L2,5,600,configs/tracker_rf_cbiou.yaml,0,2.0,6e14742e1f6cf990387af196ac6ac9e376b829d9,D:\yizhen\smart_kitchen\.venv\Scripts\python.exe scripts/m5_track_video.py --videos D:/yizhen/CHIRLA/CHIRLA_data/CHIRLA/videos/seq_020/camera_1_2023-07-26-13_21_40.avi --cameras camera_1 --topology configs/fix_grid/base.yaml --tracker configs/tracker_rf_cbiou.yaml --variant nano --thr 0.10 --person-cls 1 --embedder none --fps 30.0 --max-frames -1 --ttl 600 --stride 5 --start-fid 7830 --end-fid 8210 --det-cache results/det_cache/coco_nano/seq_020 --clip-id L2-seq_020-c1-12-007830 --out results/clips/runs/L2-seq_020-c1-12-007830/s5/chef_events.jsonl
L2-seq_020-c1-12-007830,L2,1,600,configs/tracker_rf_cbiou.yaml,0,2.0,6e14742e1f6cf990387af196ac6ac9e376b829d9,D:\yizhen\smart_kitchen\.venv\Scripts\python.exe scripts/m5_track_video.py --videos D:/yizhen/CHIRLA/CHIRLA_data/CHIRLA/videos/seq_020/camera_1_2023-07-26-13_21_40.avi --cameras camera_1 --topology configs/fix_grid/base.yaml --tracker configs/tracker_rf_cbiou.yaml --variant nano --thr 0.10 --person-cls 1 --embedder none --fps 30.0 --max-frames -1 --ttl 600 --stride 1 --start-fid 7830 --end-fid 8210 --det-cache results/det_cache/coco_nano/seq_020 --clip-id L2-seq_020-c1-12-007830 --out results/clips/runs/L2-seq_020-c1-12-007830/s1/chef_events.jsonl
L2-seq_024-c1-7-014705,L2,5,600,configs/tracker_rf_cbiou.yaml,0,2.31,6e14742e1f6cf990387af196ac6ac9e376b829d9,D:\yizhen\smart_kitchen\.venv\Scripts\python.exe scripts/m5_track_video.py --videos D:/yizhen/CHIRLA/CHIRLA_data/CHIRLA/videos/seq_024/camera_1_2023-12-01-11_05_52.avi --cameras camera_1 --topology configs/fix_grid/base.yaml --tracker configs/tracker_rf_cbiou.yaml --variant nano --thr 0.10 --person-cls 1 --embedder none --fps 30.0 --max-frames -1 --ttl 600 --stride 5 --start-fid 14705 --end-fid 14935 --det-cache results/det_cache/coco_nano/seq_024 --clip-id L2-seq_024-c1-7-014705 --out results/clips/runs/L2-seq_024-c1-7-014705/s5/chef_events.jsonl
L2-seq_024-c1-7-014705,L2,1,600,configs/tracker_rf_cbiou.yaml,0,2.34,6e14742e1f6cf990387af196ac6ac9e376b829d9,D:\yizhen\smart_kitchen\.venv\Scripts\python.exe scripts/m5_track_video.py --videos D:/yizhen/CHIRLA/CHIRLA_data/CHIRLA/videos/seq_024/camera_1_2023-12-01-11_05_52.avi --cameras camera_1 --topology configs/fix_grid/base.yaml --tracker configs/tracker_rf_cbiou.yaml --variant nano --thr 0.10 --person-cls 1 --embedder none --fps 30.0 --max-frames -1 --ttl 600 --stride 1 --start-fid 14705 --end-fid 14935 --det-cache results/det_cache/coco_nano/seq_024 --clip-id L2-seq_024-c1-7-014705 --out results/clips/runs/L2-seq_024-c1-7-014705/s1/chef_events.jsonl
L2-seq_024-c3-7-011320,L2,5,600,configs/tracker_rf_cbiou.yaml,0,2.2,6e14742e1f6cf990387af196ac6ac9e376b829d9,D:\yizhen\smart_kitchen\.venv\Scripts\python.exe scripts/m5_track_video.py --videos D:/yizhen/CHIRLA/CHIRLA_data/CHIRLA/videos/seq_024/camera_3_2023-12-01-11_05_52.avi --cameras camera_3 --topology configs/fix_grid/base.yaml --tracker configs/tracker_rf_cbiou.yaml --variant nano --thr 0.10 --person-cls 1 --embedder none --fps 30.0 --max-frames -1 --ttl 600 --stride 5 --start-fid 11320 --end-fid 11545 --det-cache results/det_cache/coco_nano/seq_024 --clip-id L2-seq_024-c3-7-011320 --out results/clips/runs/L2-seq_024-c3-7-011320/s5/chef_events.jsonl
L2-seq_024-c3-7-011320,L2,1,600,configs/tracker_rf_cbiou.yaml,0,2.25,6e14742e1f6cf990387af196ac6ac9e376b829d9,D:\yizhen\smart_kitchen\.venv\Scripts\python.exe scripts/m5_track_video.py --videos D:/yizhen/CHIRLA/CHIRLA_data/CHIRLA/videos/seq_024/camera_3_2023-12-01-11_05_52.avi --cameras camera_3 --topology configs/fix_grid/base.yaml --tracker configs/tracker_rf_cbiou.yaml --variant nano --thr 0.10 --person-cls 1 --embedder none --fps 30.0 --max-frames -1 --ttl 600 --stride 1 --start-fid 11320 --end-fid 11545 --det-cache results/det_cache/coco_nano/seq_024 --clip-id L2-seq_024-c3-7-011320 --out results/clips/runs/L2-seq_024-c3-7-011320/s1/chef_events.jsonl
L2-seq_024-c4-7-012085,L2,5,600,configs/tracker_rf_cbiou.yaml,0,2.0,6e14742e1f6cf990387af196ac6ac9e376b829d9,D:\yizhen\smart_kitchen\.venv\Scripts\python.exe scripts/m5_track_video.py --videos D:/yizhen/CHIRLA/CHIRLA_data/CHIRLA/videos/seq_024/camera_4_2023-12-01-11_05_52.avi --cameras camera_4 --topology configs/fix_grid/base.yaml --tracker configs/tracker_rf_cbiou.yaml --variant nano --thr 0.10 --person-cls 1 --embedder none --fps 30.0 --max-frames -1 --ttl 600 --stride 5 --start-fid 12085 --end-fid 12260 --det-cache results/det_cache/coco_nano/seq_024 --clip-id L2-seq_024-c4-7-012085 --out results/clips/runs/L2-seq_024-c4-7-012085/s5/chef_events.jsonl
L2-seq_024-c4-7-012085,L2,1,600,configs/tracker_rf_cbiou.yaml,0,2.05,6e14742e1f6cf990387af196ac6ac9e376b829d9,D:\yizhen\smart_kitchen\.venv\Scripts\python.exe scripts/m5_track_video.py --videos D:/yizhen/CHIRLA/CHIRLA_data/CHIRLA/videos/seq_024/camera_4_2023-12-01-11_05_52.avi --cameras camera_4 --topology configs/fix_grid/base.yaml --tracker configs/tracker_rf_cbiou.yaml --variant nano --thr 0.10 --person-cls 1 --embedder none --fps 30.0 --max-frames -1 --ttl 600 --stride 1 --start-fid 12085 --end-fid 12260 --det-cache results/det_cache/coco_nano/seq_024 --clip-id L2-seq_024-c4-7-012085 --out results/clips/runs/L2-seq_024-c4-7-012085/s1/chef_events.jsonl
L2-seq_024-c4-10-014700,L2,5,600,configs/tracker_rf_cbiou.yaml,0,2.17,6e14742e1f6cf990387af196ac6ac9e376b829d9,D:\yizhen\smart_kitchen\.venv\Scripts\python.exe scripts/m5_track_video.py --videos D:/yizhen/CHIRLA/CHIRLA_data/CHIRLA/videos/seq_024/camera_4_2023-12-01-11_05_52.avi --cameras camera_4 --topology configs/fix_grid/base.yaml --tracker configs/tracker_rf_cbiou.yaml --variant nano --thr 0.10 --person-cls 1 --embedder none --fps 30.0 --max-frames -1 --ttl 600 --stride 5 --start-fid 14700 --end-fid 14795 --det-cache results/det_cache/coco_nano/seq_024 --clip-id L2-seq_024-c4-10-014700 --out results/clips/runs/L2-seq_024-c4-10-014700/s5/chef_events.jsonl
L2-seq_024-c4-10-014700,L2,1,600,configs/tracker_rf_cbiou.yaml,0,2.22,6e14742e1f6cf990387af196ac6ac9e376b829d9,D:\yizhen\smart_kitchen\.venv\Scripts\python.exe scripts/m5_track_video.py --videos D:/yizhen/CHIRLA/CHIRLA_data/CHIRLA/videos/seq_024/camera_4_2023-12-01-11_05_52.avi --cameras camera_4 --topology configs/fix_grid/base.yaml --tracker configs/tracker_rf_cbiou.yaml --variant nano --thr 0.10 --person-cls 1 --embedder none --fps 30.0 --max-frames -1 --ttl 600 --stride 1 --start-fid 14700 --end-fid 14795 --det-cache results/det_cache/coco_nano/seq_024 --clip-id L2-seq_024-c4-10-014700 --out results/clips/runs/L2-seq_024-c4-10-014700/s1/chef_events.jsonl
L2-seq_025-c2-7-005185,L2,5,600,configs/tracker_rf_cbiou.yaml,0,1.51,6e14742e1f6cf990387af196ac6ac9e376b829d9,D:\yizhen\smart_kitchen\.venv\Scripts\python.exe scripts/m5_track_video.py --videos D:/yizhen/CHIRLA/CHIRLA_data/CHIRLA/videos/seq_025/camera_2_2023-12-04-12_11_17.avi --cameras camera_2 --topology configs/fix_grid/base.yaml --tracker configs/tracker_rf_cbiou.yaml --variant nano --thr 0.10 --person-cls 1 --embedder none --fps 30.0 --max-frames -1 --ttl 600 --stride 5 --start-fid 5185 --end-fid 5310 --det-cache results/det_cache/coco_nano/seq_025 --clip-id L2-seq_025-c2-7-005185 --out results/clips/runs/L2-seq_025-c2-7-005185/s5/chef_events.jsonl
L2-seq_025-c2-7-005185,L2,1,600,configs/tracker_rf_cbiou.yaml,0,1.5,6e14742e1f6cf990387af196ac6ac9e376b829d9,D:\yizhen\smart_kitchen\.venv\Scripts\python.exe scripts/m5_track_video.py --videos D:/yizhen/CHIRLA/CHIRLA_data/CHIRLA/videos/seq_025/camera_2_2023-12-04-12_11_17.avi --cameras camera_2 --topology configs/fix_grid/base.yaml --tracker configs/tracker_rf_cbiou.yaml --variant nano --thr 0.10 --person-cls 1 --embedder none --fps 30.0 --max-frames -1 --ttl 600 --stride 1 --start-fid 5185 --end-fid 5310 --det-cache results/det_cache/coco_nano/seq_025 --clip-id L2-seq_025-c2-7-005185 --out results/clips/runs/L2-seq_025-c2-7-005185/s1/chef_events.jsonl
L2-seq_025-c3-7-007115,L2,5,600,configs/tracker_rf_cbiou.yaml,0,2.02,6e14742e1f6cf990387af196ac6ac9e376b829d9,D:\yizhen\smart_kitchen\.venv\Scripts\python.exe scripts/m5_track_video.py --videos D:/yizhen/CHIRLA/CHIRLA_data/CHIRLA/videos/seq_025/camera_3_2023-12-04-12_11_17.avi --cameras camera_3 --topology configs/fix_grid/base.yaml --tracker configs/tracker_rf_cbiou.yaml --variant nano --thr 0.10 --person-cls 1 --embedder none --fps 30.0 --max-frames -1 --ttl 600 --stride 5 --start-fid 7115 --end-fid 7550 --det-cache results/det_cache/coco_nano/seq_025 --clip-id L2-seq_025-c3-7-007115 --out results/clips/runs/L2-seq_025-c3-7-007115/s5/chef_events.jsonl
L2-seq_025-c3-7-007115,L2,1,600,configs/tracker_rf_cbiou.yaml,0,2.05,6e14742e1f6cf990387af196ac6ac9e376b829d9,D:\yizhen\smart_kitchen\.venv\Scripts\python.exe scripts/m5_track_video.py --videos D:/yizhen/CHIRLA/CHIRLA_data/CHIRLA/videos/seq_025/camera_3_2023-12-04-12_11_17.avi --cameras camera_3 --topology configs/fix_grid/base.yaml --tracker configs/tracker_rf_cbiou.yaml --variant nano --thr 0.10 --person-cls 1 --embedder none --fps 30.0 --max-frames -1 --ttl 600 --stride 1 --start-fid 7115 --end-fid 7550 --det-cache results/det_cache/coco_nano/seq_025 --clip-id L2-seq_025-c3-7-007115 --out results/clips/runs/L2-seq_025-c3-7-007115/s1/chef_events.jsonl
L2-seq_025-c5-6-002540,L2,5,600,configs/tracker_rf_cbiou.yaml,0,1.4,6e14742e1f6cf990387af196ac6ac9e376b829d9,D:\yizhen\smart_kitchen\.venv\Scripts\python.exe scripts/m5_track_video.py --videos D:/yizhen/CHIRLA/CHIRLA_data/CHIRLA/videos/seq_025/camera_5_2023-12-04-12_11_17.avi --cameras camera_5 --topology configs/fix_grid/base.yaml --tracker configs/tracker_rf_cbiou.yaml --variant nano --thr 0.10 --person-cls 1 --embedder none --fps 30.0 --max-frames -1 --ttl 600 --stride 5 --start-fid 2540 --end-fid 2860 --det-cache results/det_cache/coco_nano/seq_025 --clip-id L2-seq_025-c5-6-002540 --out results/clips/runs/L2-seq_025-c5-6-002540/s5/chef_events.jsonl
L2-seq_025-c5-6-002540,L2,1,600,configs/tracker_rf_cbiou.yaml,0,1.47,6e14742e1f6cf990387af196ac6ac9e376b829d9,D:\yizhen\smart_kitchen\.venv\Scripts\python.exe scripts/m5_track_video.py --videos D:/yizhen/CHIRLA/CHIRLA_data/CHIRLA/videos/seq_025/camera_5_2023-12-04-12_11_17.avi --cameras camera_5 --topology configs/fix_grid/base.yaml --tracker configs/tracker_rf_cbiou.yaml --variant nano --thr 0.10 --person-cls 1 --embedder none --fps 30.0 --max-frames -1 --ttl 600 --stride 1 --start-fid 2540 --end-fid 2860 --det-cache results/det_cache/coco_nano/seq_025 --clip-id L2-seq_025-c5-6-002540 --out results/clips/runs/L2-seq_025-c5-6-002540/s1/chef_events.jsonl
L2-seq_025-c6-2-006810,L2,5,600,configs/tracker_rf_cbiou.yaml,0,1.61,6e14742e1f6cf990387af196ac6ac9e376b829d9,D:\yizhen\smart_kitchen\.venv\Scripts\python.exe scripts/m5_track_video.py --videos D:/yizhen/CHIRLA/CHIRLA_data/CHIRLA/videos/seq_025/camera_6_2023-12-04-12_11_17.avi --cameras camera_6 --topology configs/fix_grid/base.yaml --tracker configs/tracker_rf_cbiou.yaml --variant nano --thr 0.10 --person-cls 1 --embedder none --fps 30.0 --max-frames -1 --ttl 600 --stride 5 --start-fid 6810 --end-fid 7035 --det-cache results/det_cache/coco_nano/seq_025 --clip-id L2-seq_025-c6-2-006810 --out results/clips/runs/L2-seq_025-c6-2-006810/s5/chef_events.jsonl
L2-seq_025-c6-2-006810,L2,1,600,configs/tracker_rf_cbiou.yaml,0,1.65,6e14742e1f6cf990387af196ac6ac9e376b829d9,D:\yizhen\smart_kitchen\.venv\Scripts\python.exe scripts/m5_track_video.py --videos D:/yizhen/CHIRLA/CHIRLA_data/CHIRLA/videos/seq_025/camera_6_2023-12-04-12_11_17.avi --cameras camera_6 --topology configs/fix_grid/base.yaml --tracker configs/tracker_rf_cbiou.yaml --variant nano --thr 0.10 --person-cls 1 --embedder none --fps 30.0 --max-frames -1 --ttl 600 --stride 1 --start-fid 6810 --end-fid 7035 --det-cache results/det_cache/coco_nano/seq_025 --clip-id L2-seq_025-c6-2-006810 --out results/clips/runs/L2-seq_025-c6-2-006810/s1/chef_events.jsonl
L2-seq_026-c4-11-002005,L2,5,600,configs/tracker_rf_cbiou.yaml,0,1.28,6e14742e1f6cf990387af196ac6ac9e376b829d9,D:\yizhen\smart_kitchen\.venv\Scripts\python.exe scripts/m5_track_video.py --videos D:/yizhen/CHIRLA/CHIRLA_data/CHIRLA/videos/seq_026/camera_4_2023-12-05-12_12_13.avi --cameras camera_4 --topology configs/fix_grid/base.yaml --tracker configs/tracker_rf_cbiou.yaml --variant nano --thr 0.10 --person-cls 1 --embedder none --fps 30.0 --max-frames -1 --ttl 600 --stride 5 --start-fid 2005 --end-fid 2290 --det-cache results/det_cache/coco_nano/seq_026 --clip-id L2-seq_026-c4-11-002005 --out results/clips/runs/L2-seq_026-c4-11-002005/s5/chef_events.jsonl
L2-seq_026-c4-11-002005,L2,1,600,configs/tracker_rf_cbiou.yaml,0,1.35,6e14742e1f6cf990387af196ac6ac9e376b829d9,D:\yizhen\smart_kitchen\.venv\Scripts\python.exe scripts/m5_track_video.py --videos D:/yizhen/CHIRLA/CHIRLA_data/CHIRLA/videos/seq_026/camera_4_2023-12-05-12_12_13.avi --cameras camera_4 --topology configs/fix_grid/base.yaml --tracker configs/tracker_rf_cbiou.yaml --variant nano --thr 0.10 --person-cls 1 --embedder none --fps 30.0 --max-frames -1 --ttl 600 --stride 1 --start-fid 2005 --end-fid 2290 --det-cache results/det_cache/coco_nano/seq_026 --clip-id L2-seq_026-c4-11-002005 --out results/clips/runs/L2-seq_026-c4-11-002005/s1/chef_events.jsonl
L2-seq_026-c4-10-005820,L2,5,600,configs/tracker_rf_cbiou.yaml,0,1.85,6e14742e1f6cf990387af196ac6ac9e376b829d9,D:\yizhen\smart_kitchen\.venv\Scripts\python.exe scripts/m5_track_video.py --videos D:/yizhen/CHIRLA/CHIRLA_data/CHIRLA/videos/seq_026/camera_4_2023-12-05-12_12_13.avi --cameras camera_4 --topology configs/fix_grid/base.yaml --tracker configs/tracker_rf_cbiou.yaml --variant nano --thr 0.10 --person-cls 1 --embedder none --fps 30.0 --max-frames -1 --ttl 600 --stride 5 --start-fid 5820 --end-fid 6110 --det-cache results/det_cache/coco_nano/seq_026 --clip-id L2-seq_026-c4-10-005820 --out results/clips/runs/L2-seq_026-c4-10-005820/s5/chef_events.jsonl
L2-seq_026-c4-10-005820,L2,1,600,configs/tracker_rf_cbiou.yaml,0,1.63,6e14742e1f6cf990387af196ac6ac9e376b829d9,D:\yizhen\smart_kitchen\.venv\Scripts\python.exe scripts/m5_track_video.py --videos D:/yizhen/CHIRLA/CHIRLA_data/CHIRLA/videos/seq_026/camera_4_2023-12-05-12_12_13.avi --cameras camera_4 --topology configs/fix_grid/base.yaml --tracker configs/tracker_rf_cbiou.yaml --variant nano --thr 0.10 --person-cls 1 --embedder none --fps 30.0 --max-frames -1 --ttl 600 --stride 1 --start-fid 5820 --end-fid 6110 --det-cache results/det_cache/coco_nano/seq_026 --clip-id L2-seq_026-c4-10-005820 --out results/clips/runs/L2-seq_026-c4-10-005820/s1/chef_events.jsonl
L3S-seq_000-c6+c7-9-004450,L3S,5,600,configs/tracker_rf_cbiou.yaml,0,1.93,6e14742e1f6cf990387af196ac6ac9e376b829d9,D:\yizhen\smart_kitchen\.venv\Scripts\python.exe scripts/m5_track_video.py --videos D:/yizhen/CHIRLA/CHIRLA_data/CHIRLA/videos/seq_000/camera_6_2023-06-02-11_14_26.avi D:/yizhen/CHIRLA/CHIRLA_data/CHIRLA/videos/seq_000/camera_7_2023-06-02-11_14_26.avi --cameras camera_6 camera_7 --topology configs/fix_grid/base.yaml --tracker configs/tracker_rf_cbiou.yaml --variant nano --thr 0.10 --person-cls 1 --embedder none --fps 30.0 --max-frames -1 --ttl 600 --stride 5 --start-fid 4450 --end-fid 4620 --det-cache results/det_cache/coco_nano/seq_000 --clip-id L3S-seq_000-c6+c7-9-004450 --out results/clips/runs/L3S-seq_000-c6+c7-9-004450/s5/chef_events.jsonl
L3S-seq_000-c6+c7-9-004450,L3S,1,600,configs/tracker_rf_cbiou.yaml,0,1.92,6e14742e1f6cf990387af196ac6ac9e376b829d9,D:\yizhen\smart_kitchen\.venv\Scripts\python.exe scripts/m5_track_video.py --videos D:/yizhen/CHIRLA/CHIRLA_data/CHIRLA/videos/seq_000/camera_6_2023-06-02-11_14_26.avi D:/yizhen/CHIRLA/CHIRLA_data/CHIRLA/videos/seq_000/camera_7_2023-06-02-11_14_26.avi --cameras camera_6 camera_7 --topology configs/fix_grid/base.yaml --tracker configs/tracker_rf_cbiou.yaml --variant nano --thr 0.10 --person-cls 1 --embedder none --fps 30.0 --max-frames -1 --ttl 600 --stride 1 --start-fid 4450 --end-fid 4620 --det-cache results/det_cache/coco_nano/seq_000 --clip-id L3S-seq_000-c6+c7-9-004450 --out results/clips/runs/L3S-seq_000-c6+c7-9-004450/s1/chef_events.jsonl
L3S-seq_000-c6+c7-10-001710,L3S,5,600,configs/tracker_rf_cbiou.yaml,0,1.85,6e14742e1f6cf990387af196ac6ac9e376b829d9,D:\yizhen\smart_kitchen\.venv\Scripts\python.exe scripts/m5_track_video.py --videos D:/yizhen/CHIRLA/CHIRLA_data/CHIRLA/videos/seq_000/camera_6_2023-06-02-11_14_26.avi D:/yizhen/CHIRLA/CHIRLA_data/CHIRLA/videos/seq_000/camera_7_2023-06-02-11_14_26.avi --cameras camera_6 camera_7 --topology configs/fix_grid/base.yaml --tracker configs/tracker_rf_cbiou.yaml --variant nano --thr 0.10 --person-cls 1 --embedder none --fps 30.0 --max-frames -1 --ttl 600 --stride 5 --start-fid 1710 --end-fid 2065 --det-cache results/det_cache/coco_nano/seq_000 --clip-id L3S-seq_000-c6+c7-10-001710 --out results/clips/runs/L3S-seq_000-c6+c7-10-001710/s5/chef_events.jsonl
L3S-seq_000-c6+c7-10-001710,L3S,1,600,configs/tracker_rf_cbiou.yaml,0,2.0,6e14742e1f6cf990387af196ac6ac9e376b829d9,D:\yizhen\smart_kitchen\.venv\Scripts\python.exe scripts/m5_track_video.py --videos D:/yizhen/CHIRLA/CHIRLA_data/CHIRLA/videos/seq_000/camera_6_2023-06-02-11_14_26.avi D:/yizhen/CHIRLA/CHIRLA_data/CHIRLA/videos/seq_000/camera_7_2023-06-02-11_14_26.avi --cameras camera_6 camera_7 --topology configs/fix_grid/base.yaml --tracker configs/tracker_rf_cbiou.yaml --variant nano --thr 0.10 --person-cls 1 --embedder none --fps 30.0 --max-frames -1 --ttl 600 --stride 1 --start-fid 1710 --end-fid 2065 --det-cache results/det_cache/coco_nano/seq_000 --clip-id L3S-seq_000-c6+c7-10-001710 --out results/clips/runs/L3S-seq_000-c6+c7-10-001710/s1/chef_events.jsonl
L3T-seq_004-c6+c7-7-004590,L3T,5,600,configs/tracker_rf_cbiou.yaml,0,2.2,6e14742e1f6cf990387af196ac6ac9e376b829d9,D:\yizhen\smart_kitchen\.venv\Scripts\python.exe scripts/m5_track_video.py --videos D:/yizhen/CHIRLA/CHIRLA_data/CHIRLA/videos/seq_004/camera_6_2023-06-08-12_29_08.avi D:/yizhen/CHIRLA/CHIRLA_data/CHIRLA/videos/seq_004/camera_7_2023-06-08-12_29_08.avi --cameras camera_6 camera_7 --topology configs/fix_grid/base.yaml --tracker configs/tracker_rf_cbiou.yaml --variant nano --thr 0.10 --person-cls 1 --embedder none --fps 30.0 --max-frames -1 --ttl 600 --stride 5 --start-fid 4590 --end-fid 4885 --det-cache results/det_cache/coco_nano/seq_004 --clip-id L3T-seq_004-c6+c7-7-004590 --out results/clips/runs/L3T-seq_004-c6+c7-7-004590/s5/chef_events.jsonl
L3T-seq_004-c6+c7-7-004590,L3T,1,600,configs/tracker_rf_cbiou.yaml,0,2.21,6e14742e1f6cf990387af196ac6ac9e376b829d9,D:\yizhen\smart_kitchen\.venv\Scripts\python.exe scripts/m5_track_video.py --videos D:/yizhen/CHIRLA/CHIRLA_data/CHIRLA/videos/seq_004/camera_6_2023-06-08-12_29_08.avi D:/yizhen/CHIRLA/CHIRLA_data/CHIRLA/videos/seq_004/camera_7_2023-06-08-12_29_08.avi --cameras camera_6 camera_7 --topology configs/fix_grid/base.yaml --tracker configs/tracker_rf_cbiou.yaml --variant nano --thr 0.10 --person-cls 1 --embedder none --fps 30.0 --max-frames -1 --ttl 600 --stride 1 --start-fid 4590 --end-fid 4885 --det-cache results/det_cache/coco_nano/seq_004 --clip-id L3T-seq_004-c6+c7-7-004590 --out results/clips/runs/L3T-seq_004-c6+c7-7-004590/s1/chef_events.jsonl
L3S-seq_004-c4+c6-8-007880,L3S,5,600,configs/tracker_rf_cbiou.yaml,0,2.49,6e14742e1f6cf990387af196ac6ac9e376b829d9,D:\yizhen\smart_kitchen\.venv\Scripts\python.exe scripts/m5_track_video.py --videos D:/yizhen/CHIRLA/CHIRLA_data/CHIRLA/videos/seq_004/camera_4_2023-06-08-12_29_08.avi D:/yizhen/CHIRLA/CHIRLA_data/CHIRLA/videos/seq_004/camera_6_2023-06-08-12_29_08.avi --cameras camera_4 camera_6 --topology configs/fix_grid/base.yaml --tracker configs/tracker_rf_cbiou.yaml --variant nano --thr 0.10 --person-cls 1 --embedder none --fps 30.0 --max-frames -1 --ttl 600 --stride 5 --start-fid 7880 --end-fid 7965 --det-cache results/det_cache/coco_nano/seq_004 --clip-id L3S-seq_004-c4+c6-8-007880 --out results/clips/runs/L3S-seq_004-c4+c6-8-007880/s5/chef_events.jsonl
L3S-seq_004-c4+c6-8-007880,L3S,1,600,configs/tracker_rf_cbiou.yaml,0,2.4,6e14742e1f6cf990387af196ac6ac9e376b829d9,D:\yizhen\smart_kitchen\.venv\Scripts\python.exe scripts/m5_track_video.py --videos D:/yizhen/CHIRLA/CHIRLA_data/CHIRLA/videos/seq_004/camera_4_2023-06-08-12_29_08.avi D:/yizhen/CHIRLA/CHIRLA_data/CHIRLA/videos/seq_004/camera_6_2023-06-08-12_29_08.avi --cameras camera_4 camera_6 --topology configs/fix_grid/base.yaml --tracker configs/tracker_rf_cbiou.yaml --variant nano --thr 0.10 --person-cls 1 --embedder none --fps 30.0 --max-frames -1 --ttl 600 --stride 1 --start-fid 7880 --end-fid 7965 --det-cache results/det_cache/coco_nano/seq_004 --clip-id L3S-seq_004-c4+c6-8-007880 --out results/clips/runs/L3S-seq_004-c4+c6-8-007880/s1/chef_events.jsonl
L3S-seq_004-c6+c7-8-008115,L3S,5,600,configs/tracker_rf_cbiou.yaml,0,3.03,6e14742e1f6cf990387af196ac6ac9e376b829d9,D:\yizhen\smart_kitchen\.venv\Scripts\python.exe scripts/m5_track_video.py --videos D:/yizhen/CHIRLA/CHIRLA_data/CHIRLA/videos/seq_004/camera_6_2023-06-08-12_29_08.avi D:/yizhen/CHIRLA/CHIRLA_data/CHIRLA/videos/seq_004/camera_7_2023-06-08-12_29_08.avi --cameras camera_6 camera_7 --topology configs/fix_grid/base.yaml --tracker configs/tracker_rf_cbiou.yaml --variant nano --thr 0.10 --person-cls 1 --embedder none --fps 30.0 --max-frames -1 --ttl 600 --stride 5 --start-fid 8115 --end-fid 8540 --det-cache results/det_cache/coco_nano/seq_004 --clip-id L3S-seq_004-c6+c7-8-008115 --out results/clips/runs/L3S-seq_004-c6+c7-8-008115/s5/chef_events.jsonl
L3S-seq_004-c6+c7-8-008115,L3S,1,600,configs/tracker_rf_cbiou.yaml,0,3.09,6e14742e1f6cf990387af196ac6ac9e376b829d9,D:\yizhen\smart_kitchen\.venv\Scripts\python.exe scripts/m5_track_video.py --videos D:/yizhen/CHIRLA/CHIRLA_data/CHIRLA/videos/seq_004/camera_6_2023-06-08-12_29_08.avi D:/yizhen/CHIRLA/CHIRLA_data/CHIRLA/videos/seq_004/camera_7_2023-06-08-12_29_08.avi --cameras camera_6 camera_7 --topology configs/fix_grid/base.yaml --tracker configs/tracker_rf_cbiou.yaml --variant nano --thr 0.10 --person-cls 1 --embedder none --fps 30.0 --max-frames -1 --ttl 600 --stride 1 --start-fid 8115 --end-fid 8540 --det-cache results/det_cache/coco_nano/seq_004 --clip-id L3S-seq_004-c6+c7-8-008115 --out results/clips/runs/L3S-seq_004-c6+c7-8-008115/s1/chef_events.jsonl
L3T-seq_020-c5+c6-10-000385,L3T,5,600,configs/tracker_rf_cbiou.yaml,0,1.38,6e14742e1f6cf990387af196ac6ac9e376b829d9,D:\yizhen\smart_kitchen\.venv\Scripts\python.exe scripts/m5_track_video.py --videos D:/yizhen/CHIRLA/CHIRLA_data/CHIRLA/videos/seq_020/camera_5_2023-07-26-13_21_40.avi D:/yizhen/CHIRLA/CHIRLA_data/CHIRLA/videos/seq_020/camera_6_2023-07-26-13_21_40.avi --cameras camera_5 camera_6 --topology configs/fix_grid/base.yaml --tracker configs/tracker_rf_cbiou.yaml --variant nano --thr 0.10 --person-cls 1 --embedder none --fps 30.0 --max-frames -1 --ttl 600 --stride 5 --start-fid 385 --end-fid 595 --det-cache results/det_cache/coco_nano/seq_020 --clip-id L3T-seq_020-c5+c6-10-000385 --out results/clips/runs/L3T-seq_020-c5+c6-10-000385/s5/chef_events.jsonl
L3T-seq_020-c5+c6-10-000385,L3T,1,600,configs/tracker_rf_cbiou.yaml,0,1.41,6e14742e1f6cf990387af196ac6ac9e376b829d9,D:\yizhen\smart_kitchen\.venv\Scripts\python.exe scripts/m5_track_video.py --videos D:/yizhen/CHIRLA/CHIRLA_data/CHIRLA/videos/seq_020/camera_5_2023-07-26-13_21_40.avi D:/yizhen/CHIRLA/CHIRLA_data/CHIRLA/videos/seq_020/camera_6_2023-07-26-13_21_40.avi --cameras camera_5 camera_6 --topology configs/fix_grid/base.yaml --tracker configs/tracker_rf_cbiou.yaml --variant nano --thr 0.10 --person-cls 1 --embedder none --fps 30.0 --max-frames -1 --ttl 600 --stride 1 --start-fid 385 --end-fid 595 --det-cache results/det_cache/coco_nano/seq_020 --clip-id L3T-seq_020-c5+c6-10-000385 --out results/clips/runs/L3T-seq_020-c5+c6-10-000385/s1/chef_events.jsonl
L3T-seq_024-c5+c6-2-014825,L3T,5,600,configs/tracker_rf_cbiou.yaml,0,3.6,6e14742e1f6cf990387af196ac6ac9e376b829d9,D:\yizhen\smart_kitchen\.venv\Scripts\python.exe scripts/m5_track_video.py --videos D:/yizhen/CHIRLA/CHIRLA_data/CHIRLA/videos/seq_024/camera_5_2023-12-01-11_05_52.avi D:/yizhen/CHIRLA/CHIRLA_data/CHIRLA/videos/seq_024/camera_6_2023-12-01-11_05_52.avi --cameras camera_5 camera_6 --topology configs/fix_grid/base.yaml --tracker configs/tracker_rf_cbiou.yaml --variant nano --thr 0.10 --person-cls 1 --embedder none --fps 30.0 --max-frames -1 --ttl 600 --stride 5 --start-fid 14825 --end-fid 14960 --det-cache results/det_cache/coco_nano/seq_024 --clip-id L3T-seq_024-c5+c6-2-014825 --out results/clips/runs/L3T-seq_024-c5+c6-2-014825/s5/chef_events.jsonl
L3T-seq_024-c5+c6-2-014825,L3T,1,600,configs/tracker_rf_cbiou.yaml,0,3.43,6e14742e1f6cf990387af196ac6ac9e376b829d9,D:\yizhen\smart_kitchen\.venv\Scripts\python.exe scripts/m5_track_video.py --videos D:/yizhen/CHIRLA/CHIRLA_data/CHIRLA/videos/seq_024/camera_5_2023-12-01-11_05_52.avi D:/yizhen/CHIRLA/CHIRLA_data/CHIRLA/videos/seq_024/camera_6_2023-12-01-11_05_52.avi --cameras camera_5 camera_6 --topology configs/fix_grid/base.yaml --tracker configs/tracker_rf_cbiou.yaml --variant nano --thr 0.10 --person-cls 1 --embedder none --fps 30.0 --max-frames -1 --ttl 600 --stride 1 --start-fid 14825 --end-fid 14960 --det-cache results/det_cache/coco_nano/seq_024 --clip-id L3T-seq_024-c5+c6-2-014825 --out results/clips/runs/L3T-seq_024-c5+c6-2-014825/s1/chef_events.jsonl
L3T-seq_024-c5+c6-6-013975,L3T,5,600,configs/tracker_rf_cbiou.yaml,0,3.28,6e14742e1f6cf990387af196ac6ac9e376b829d9,D:\yizhen\smart_kitchen\.venv\Scripts\python.exe scripts/m5_track_video.py --videos D:/yizhen/CHIRLA/CHIRLA_data/CHIRLA/videos/seq_024/camera_5_2023-12-01-11_05_52.avi D:/yizhen/CHIRLA/CHIRLA_data/CHIRLA/videos/seq_024/camera_6_2023-12-01-11_05_52.avi --cameras camera_5 camera_6 --topology configs/fix_grid/base.yaml --tracker configs/tracker_rf_cbiou.yaml --variant nano --thr 0.10 --person-cls 1 --embedder none --fps 30.0 --max-frames -1 --ttl 600 --stride 5 --start-fid 13975 --end-fid 14115 --det-cache results/det_cache/coco_nano/seq_024 --clip-id L3T-seq_024-c5+c6-6-013975 --out results/clips/runs/L3T-seq_024-c5+c6-6-013975/s5/chef_events.jsonl
L3T-seq_024-c5+c6-6-013975,L3T,1,600,configs/tracker_rf_cbiou.yaml,0,3.46,6e14742e1f6cf990387af196ac6ac9e376b829d9,D:\yizhen\smart_kitchen\.venv\Scripts\python.exe scripts/m5_track_video.py --videos D:/yizhen/CHIRLA/CHIRLA_data/CHIRLA/videos/seq_024/camera_5_2023-12-01-11_05_52.avi D:/yizhen/CHIRLA/CHIRLA_data/CHIRLA/videos/seq_024/camera_6_2023-12-01-11_05_52.avi --cameras camera_5 camera_6 --topology configs/fix_grid/base.yaml --tracker configs/tracker_rf_cbiou.yaml --variant nano --thr 0.10 --person-cls 1 --embedder none --fps 30.0 --max-frames -1 --ttl 600 --stride 1 --start-fid 13975 --end-fid 14115 --det-cache results/det_cache/coco_nano/seq_024 --clip-id L3T-seq_024-c5+c6-6-013975 --out results/clips/runs/L3T-seq_024-c5+c6-6-013975/s1/chef_events.jsonl
L3S-seq_024-c6+c7-6-016490,L3S,5,600,configs/tracker_rf_cbiou.yaml,0,3.67,6e14742e1f6cf990387af196ac6ac9e376b829d9,D:\yizhen\smart_kitchen\.venv\Scripts\python.exe scripts/m5_track_video.py --videos D:/yizhen/CHIRLA/CHIRLA_data/CHIRLA/videos/seq_024/camera_6_2023-12-01-11_05_52.avi D:/yizhen/CHIRLA/CHIRLA_data/CHIRLA/videos/seq_024/camera_7_2023-12-01-11_05_52.avi --cameras camera_6 camera_7 --topology configs/fix_grid/base.yaml --tracker configs/tracker_rf_cbiou.yaml --variant nano --thr 0.10 --person-cls 1 --embedder none --fps 30.0 --max-frames -1 --ttl 600 --stride 5 --start-fid 16490 --end-fid 16610 --det-cache results/det_cache/coco_nano/seq_024 --clip-id L3S-seq_024-c6+c7-6-016490 --out results/clips/runs/L3S-seq_024-c6+c7-6-016490/s5/chef_events.jsonl
L3S-seq_024-c6+c7-6-016490,L3S,1,600,configs/tracker_rf_cbiou.yaml,0,4.0,6e14742e1f6cf990387af196ac6ac9e376b829d9,D:\yizhen\smart_kitchen\.venv\Scripts\python.exe scripts/m5_track_video.py --videos D:/yizhen/CHIRLA/CHIRLA_data/CHIRLA/videos/seq_024/camera_6_2023-12-01-11_05_52.avi D:/yizhen/CHIRLA/CHIRLA_data/CHIRLA/videos/seq_024/camera_7_2023-12-01-11_05_52.avi --cameras camera_6 camera_7 --topology configs/fix_grid/base.yaml --tracker configs/tracker_rf_cbiou.yaml --variant nano --thr 0.10 --person-cls 1 --embedder none --fps 30.0 --max-frames -1 --ttl 600 --stride 1 --start-fid 16490 --end-fid 16610 --det-cache results/det_cache/coco_nano/seq_024 --clip-id L3S-seq_024-c6+c7-6-016490 --out results/clips/runs/L3S-seq_024-c6+c7-6-016490/s1/chef_events.jsonl
L3S-seq_024-c6+c7-7-010250,L3S,5,600,configs/tracker_rf_cbiou.yaml,0,3.19,6e14742e1f6cf990387af196ac6ac9e376b829d9,D:\yizhen\smart_kitchen\.venv\Scripts\python.exe scripts/m5_track_video.py --videos D:/yizhen/CHIRLA/CHIRLA_data/CHIRLA/videos/seq_024/camera_6_2023-12-01-11_05_52.avi D:/yizhen/CHIRLA/CHIRLA_data/CHIRLA/videos/seq_024/camera_7_2023-12-01-11_05_52.avi --cameras camera_6 camera_7 --topology configs/fix_grid/base.yaml --tracker configs/tracker_rf_cbiou.yaml --variant nano --thr 0.10 --person-cls 1 --embedder none --fps 30.0 --max-frames -1 --ttl 600 --stride 5 --start-fid 10250 --end-fid 10620 --det-cache results/det_cache/coco_nano/seq_024 --clip-id L3S-seq_024-c6+c7-7-010250 --out results/clips/runs/L3S-seq_024-c6+c7-7-010250/s5/chef_events.jsonl
L3S-seq_024-c6+c7-7-010250,L3S,1,600,configs/tracker_rf_cbiou.yaml,0,3.23,6e14742e1f6cf990387af196ac6ac9e376b829d9,D:\yizhen\smart_kitchen\.venv\Scripts\python.exe scripts/m5_track_video.py --videos D:/yizhen/CHIRLA/CHIRLA_data/CHIRLA/videos/seq_024/camera_6_2023-12-01-11_05_52.avi D:/yizhen/CHIRLA/CHIRLA_data/CHIRLA/videos/seq_024/camera_7_2023-12-01-11_05_52.avi --cameras camera_6 camera_7 --topology configs/fix_grid/base.yaml --tracker configs/tracker_rf_cbiou.yaml --variant nano --thr 0.10 --person-cls 1 --embedder none --fps 30.0 --max-frames -1 --ttl 600 --stride 1 --start-fid 10250 --end-fid 10620 --det-cache results/det_cache/coco_nano/seq_024 --clip-id L3S-seq_024-c6+c7-7-010250 --out results/clips/runs/L3S-seq_024-c6+c7-7-010250/s1/chef_events.jsonl
L3T-seq_024-c5+c6-10-000625,L3T,5,600,configs/tracker_rf_cbiou.yaml,0,1.29,6e14742e1f6cf990387af196ac6ac9e376b829d9,D:\yizhen\smart_kitchen\.venv\Scripts\python.exe scripts/m5_track_video.py --videos D:/yizhen/CHIRLA/CHIRLA_data/CHIRLA/videos/seq_024/camera_5_2023-12-01-11_05_52.avi D:/yizhen/CHIRLA/CHIRLA_data/CHIRLA/videos/seq_024/camera_6_2023-12-01-11_05_52.avi --cameras camera_5 camera_6 --topology configs/fix_grid/base.yaml --tracker configs/tracker_rf_cbiou.yaml --variant nano --thr 0.10 --person-cls 1 --embedder none --fps 30.0 --max-frames -1 --ttl 600 --stride 5 --start-fid 625 --end-fid 770 --det-cache results/det_cache/coco_nano/seq_024 --clip-id L3T-seq_024-c5+c6-10-000625 --out results/clips/runs/L3T-seq_024-c5+c6-10-000625/s5/chef_events.jsonl
L3T-seq_024-c5+c6-10-000625,L3T,1,600,configs/tracker_rf_cbiou.yaml,0,1.3,6e14742e1f6cf990387af196ac6ac9e376b829d9,D:\yizhen\smart_kitchen\.venv\Scripts\python.exe scripts/m5_track_video.py --videos D:/yizhen/CHIRLA/CHIRLA_data/CHIRLA/videos/seq_024/camera_5_2023-12-01-11_05_52.avi D:/yizhen/CHIRLA/CHIRLA_data/CHIRLA/videos/seq_024/camera_6_2023-12-01-11_05_52.avi --cameras camera_5 camera_6 --topology configs/fix_grid/base.yaml --tracker configs/tracker_rf_cbiou.yaml --variant nano --thr 0.10 --person-cls 1 --embedder none --fps 30.0 --max-frames -1 --ttl 600 --stride 1 --start-fid 625 --end-fid 770 --det-cache results/det_cache/coco_nano/seq_024 --clip-id L3T-seq_024-c5+c6-10-000625 --out results/clips/runs/L3T-seq_024-c5+c6-10-000625/s1/chef_events.jsonl
L3S-seq_024-c6+c7-14-012745,L3S,5,600,configs/tracker_rf_cbiou.yaml,0,3.67,6e14742e1f6cf990387af196ac6ac9e376b829d9,D:\yizhen\smart_kitchen\.venv\Scripts\python.exe scripts/m5_track_video.py --videos D:/yizhen/CHIRLA/CHIRLA_data/CHIRLA/videos/seq_024/camera_6_2023-12-01-11_05_52.avi D:/yizhen/CHIRLA/CHIRLA_data/CHIRLA/videos/seq_024/camera_7_2023-12-01-11_05_52.avi --cameras camera_6 camera_7 --topology configs/fix_grid/base.yaml --tracker configs/tracker_rf_cbiou.yaml --variant nano --thr 0.10 --person-cls 1 --embedder none --fps 30.0 --max-frames -1 --ttl 600 --stride 5 --start-fid 12745 --end-fid 13160 --det-cache results/det_cache/coco_nano/seq_024 --clip-id L3S-seq_024-c6+c7-14-012745 --out results/clips/runs/L3S-seq_024-c6+c7-14-012745/s5/chef_events.jsonl
L3S-seq_024-c6+c7-14-012745,L3S,1,600,configs/tracker_rf_cbiou.yaml,0,3.98,6e14742e1f6cf990387af196ac6ac9e376b829d9,D:\yizhen\smart_kitchen\.venv\Scripts\python.exe scripts/m5_track_video.py --videos D:/yizhen/CHIRLA/CHIRLA_data/CHIRLA/videos/seq_024/camera_6_2023-12-01-11_05_52.avi D:/yizhen/CHIRLA/CHIRLA_data/CHIRLA/videos/seq_024/camera_7_2023-12-01-11_05_52.avi --cameras camera_6 camera_7 --topology configs/fix_grid/base.yaml --tracker configs/tracker_rf_cbiou.yaml --variant nano --thr 0.10 --person-cls 1 --embedder none --fps 30.0 --max-frames -1 --ttl 600 --stride 1 --start-fid 12745 --end-fid 13160 --det-cache results/det_cache/coco_nano/seq_024 --clip-id L3S-seq_024-c6+c7-14-012745 --out results/clips/runs/L3S-seq_024-c6+c7-14-012745/s1/chef_events.jsonl
L3S-seq_025-c2+c3+c4-6-004395,L3S,5,600,configs/tracker_rf_cbiou.yaml,0,2.51,6e14742e1f6cf990387af196ac6ac9e376b829d9,D:\yizhen\smart_kitchen\.venv\Scripts\python.exe scripts/m5_track_video.py --videos D:/yizhen/CHIRLA/CHIRLA_data/CHIRLA/videos/seq_025/camera_2_2023-12-04-12_11_17.avi D:/yizhen/CHIRLA/CHIRLA_data/CHIRLA/videos/seq_025/camera_3_2023-12-04-12_11_17.avi D:/yizhen/CHIRLA/CHIRLA_data/CHIRLA/videos/seq_025/camera_4_2023-12-04-12_11_17.avi --cameras camera_2 camera_3 camera_4 --topology configs/fix_grid/base.yaml --tracker configs/tracker_rf_cbiou.yaml --variant nano --thr 0.10 --person-cls 1 --embedder none --fps 30.0 --max-frames -1 --ttl 600 --stride 5 --start-fid 4395 --end-fid 4515 --det-cache results/det_cache/coco_nano/seq_025 --clip-id L3S-seq_025-c2+c3+c4-6-004395 --out results/clips/runs/L3S-seq_025-c2+c3+c4-6-004395/s5/chef_events.jsonl
L3S-seq_025-c2+c3+c4-6-004395,L3S,1,600,configs/tracker_rf_cbiou.yaml,0,2.53,6e14742e1f6cf990387af196ac6ac9e376b829d9,D:\yizhen\smart_kitchen\.venv\Scripts\python.exe scripts/m5_track_video.py --videos D:/yizhen/CHIRLA/CHIRLA_data/CHIRLA/videos/seq_025/camera_2_2023-12-04-12_11_17.avi D:/yizhen/CHIRLA/CHIRLA_data/CHIRLA/videos/seq_025/camera_3_2023-12-04-12_11_17.avi D:/yizhen/CHIRLA/CHIRLA_data/CHIRLA/videos/seq_025/camera_4_2023-12-04-12_11_17.avi --cameras camera_2 camera_3 camera_4 --topology configs/fix_grid/base.yaml --tracker configs/tracker_rf_cbiou.yaml --variant nano --thr 0.10 --person-cls 1 --embedder none --fps 30.0 --max-frames -1 --ttl 600 --stride 1 --start-fid 4395 --end-fid 4515 --det-cache results/det_cache/coco_nano/seq_025 --clip-id L3S-seq_025-c2+c3+c4-6-004395 --out results/clips/runs/L3S-seq_025-c2+c3+c4-6-004395/s1/chef_events.jsonl
L3S-seq_025-c1+c2+c3-7-001780,L3S,5,600,configs/tracker_rf_cbiou.yaml,0,1.76,6e14742e1f6cf990387af196ac6ac9e376b829d9,D:\yizhen\smart_kitchen\.venv\Scripts\python.exe scripts/m5_track_video.py --videos D:/yizhen/CHIRLA/CHIRLA_data/CHIRLA/videos/seq_025/camera_1_2023-12-04-12_11_17.avi D:/yizhen/CHIRLA/CHIRLA_data/CHIRLA/videos/seq_025/camera_2_2023-12-04-12_11_17.avi D:/yizhen/CHIRLA/CHIRLA_data/CHIRLA/videos/seq_025/camera_3_2023-12-04-12_11_17.avi --cameras camera_1 camera_2 camera_3 --topology configs/fix_grid/base.yaml --tracker configs/tracker_rf_cbiou.yaml --variant nano --thr 0.10 --person-cls 1 --embedder none --fps 30.0 --max-frames -1 --ttl 600 --stride 5 --start-fid 1780 --end-fid 1890 --det-cache results/det_cache/coco_nano/seq_025 --clip-id L3S-seq_025-c1+c2+c3-7-001780 --out results/clips/runs/L3S-seq_025-c1+c2+c3-7-001780/s5/chef_events.jsonl
L3S-seq_025-c1+c2+c3-7-001780,L3S,1,600,configs/tracker_rf_cbiou.yaml,0,1.79,6e14742e1f6cf990387af196ac6ac9e376b829d9,D:\yizhen\smart_kitchen\.venv\Scripts\python.exe scripts/m5_track_video.py --videos D:/yizhen/CHIRLA/CHIRLA_data/CHIRLA/videos/seq_025/camera_1_2023-12-04-12_11_17.avi D:/yizhen/CHIRLA/CHIRLA_data/CHIRLA/videos/seq_025/camera_2_2023-12-04-12_11_17.avi D:/yizhen/CHIRLA/CHIRLA_data/CHIRLA/videos/seq_025/camera_3_2023-12-04-12_11_17.avi --cameras camera_1 camera_2 camera_3 --topology configs/fix_grid/base.yaml --tracker configs/tracker_rf_cbiou.yaml --variant nano --thr 0.10 --person-cls 1 --embedder none --fps 30.0 --max-frames -1 --ttl 600 --stride 1 --start-fid 1780 --end-fid 1890 --det-cache results/det_cache/coco_nano/seq_025 --clip-id L3S-seq_025-c1+c2+c3-7-001780 --out results/clips/runs/L3S-seq_025-c1+c2+c3-7-001780/s1/chef_events.jsonl
L3S-seq_025-c1+c2+c3-7-002520,L3S,5,600,configs/tracker_rf_cbiou.yaml,0,1.86,6e14742e1f6cf990387af196ac6ac9e376b829d9,D:\yizhen\smart_kitchen\.venv\Scripts\python.exe scripts/m5_track_video.py --videos D:/yizhen/CHIRLA/CHIRLA_data/CHIRLA/videos/seq_025/camera_1_2023-12-04-12_11_17.avi D:/yizhen/CHIRLA/CHIRLA_data/CHIRLA/videos/seq_025/camera_2_2023-12-04-12_11_17.avi D:/yizhen/CHIRLA/CHIRLA_data/CHIRLA/videos/seq_025/camera_3_2023-12-04-12_11_17.avi --cameras camera_1 camera_2 camera_3 --topology configs/fix_grid/base.yaml --tracker configs/tracker_rf_cbiou.yaml --variant nano --thr 0.10 --person-cls 1 --embedder none --fps 30.0 --max-frames -1 --ttl 600 --stride 5 --start-fid 2520 --end-fid 2605 --det-cache results/det_cache/coco_nano/seq_025 --clip-id L3S-seq_025-c1+c2+c3-7-002520 --out results/clips/runs/L3S-seq_025-c1+c2+c3-7-002520/s5/chef_events.jsonl
L3S-seq_025-c1+c2+c3-7-002520,L3S,1,600,configs/tracker_rf_cbiou.yaml,0,1.91,6e14742e1f6cf990387af196ac6ac9e376b829d9,D:\yizhen\smart_kitchen\.venv\Scripts\python.exe scripts/m5_track_video.py --videos D:/yizhen/CHIRLA/CHIRLA_data/CHIRLA/videos/seq_025/camera_1_2023-12-04-12_11_17.avi D:/yizhen/CHIRLA/CHIRLA_data/CHIRLA/videos/seq_025/camera_2_2023-12-04-12_11_17.avi D:/yizhen/CHIRLA/CHIRLA_data/CHIRLA/videos/seq_025/camera_3_2023-12-04-12_11_17.avi --cameras camera_1 camera_2 camera_3 --topology configs/fix_grid/base.yaml --tracker configs/tracker_rf_cbiou.yaml --variant nano --thr 0.10 --person-cls 1 --embedder none --fps 30.0 --max-frames -1 --ttl 600 --stride 1 --start-fid 2520 --end-fid 2605 --det-cache results/det_cache/coco_nano/seq_025 --clip-id L3S-seq_025-c1+c2+c3-7-002520 --out results/clips/runs/L3S-seq_025-c1+c2+c3-7-002520/s1/chef_events.jsonl
L3S-seq_025-c6+c7-10-004360,L3S,5,600,configs/tracker_rf_cbiou.yaml,0,2.33,6e14742e1f6cf990387af196ac6ac9e376b829d9,D:\yizhen\smart_kitchen\.venv\Scripts\python.exe scripts/m5_track_video.py --videos D:/yizhen/CHIRLA/CHIRLA_data/CHIRLA/videos/seq_025/camera_6_2023-12-04-12_11_17.avi D:/yizhen/CHIRLA/CHIRLA_data/CHIRLA/videos/seq_025/camera_7_2023-12-04-12_11_17.avi --cameras camera_6 camera_7 --topology configs/fix_grid/base.yaml --tracker configs/tracker_rf_cbiou.yaml --variant nano --thr 0.10 --person-cls 1 --embedder none --fps 30.0 --max-frames -1 --ttl 600 --stride 5 --start-fid 4360 --end-fid 4735 --det-cache results/det_cache/coco_nano/seq_025 --clip-id L3S-seq_025-c6+c7-10-004360 --out results/clips/runs/L3S-seq_025-c6+c7-10-004360/s5/chef_events.jsonl
L3S-seq_025-c6+c7-10-004360,L3S,1,600,configs/tracker_rf_cbiou.yaml,0,2.42,6e14742e1f6cf990387af196ac6ac9e376b829d9,D:\yizhen\smart_kitchen\.venv\Scripts\python.exe scripts/m5_track_video.py --videos D:/yizhen/CHIRLA/CHIRLA_data/CHIRLA/videos/seq_025/camera_6_2023-12-04-12_11_17.avi D:/yizhen/CHIRLA/CHIRLA_data/CHIRLA/videos/seq_025/camera_7_2023-12-04-12_11_17.avi --cameras camera_6 camera_7 --topology configs/fix_grid/base.yaml --tracker configs/tracker_rf_cbiou.yaml --variant nano --thr 0.10 --person-cls 1 --embedder none --fps 30.0 --max-frames -1 --ttl 600 --stride 1 --start-fid 4360 --end-fid 4735 --det-cache results/det_cache/coco_nano/seq_025 --clip-id L3S-seq_025-c6+c7-10-004360 --out results/clips/runs/L3S-seq_025-c6+c7-10-004360/s1/chef_events.jsonl
L3S-seq_026-c6+c7-3-005890,L3S,5,600,configs/tracker_rf_cbiou.yaml,0,2.46,6e14742e1f6cf990387af196ac6ac9e376b829d9,D:\yizhen\smart_kitchen\.venv\Scripts\python.exe scripts/m5_track_video.py --videos D:/yizhen/CHIRLA/CHIRLA_data/CHIRLA/videos/seq_026/camera_6_2023-12-05-12_12_13.avi D:/yizhen/CHIRLA/CHIRLA_data/CHIRLA/videos/seq_026/camera_7_2023-12-05-12_12_13.avi --cameras camera_6 camera_7 --topology configs/fix_grid/base.yaml --tracker configs/tracker_rf_cbiou.yaml --variant nano --thr 0.10 --person-cls 1 --embedder none --fps 30.0 --max-frames -1 --ttl 600 --stride 5 --start-fid 5890 --end-fid 6185 --det-cache results/det_cache/coco_nano/seq_026 --clip-id L3S-seq_026-c6+c7-3-005890 --out results/clips/runs/L3S-seq_026-c6+c7-3-005890/s5/chef_events.jsonl
L3S-seq_026-c6+c7-3-005890,L3S,1,600,configs/tracker_rf_cbiou.yaml,0,2.56,6e14742e1f6cf990387af196ac6ac9e376b829d9,D:\yizhen\smart_kitchen\.venv\Scripts\python.exe scripts/m5_track_video.py --videos D:/yizhen/CHIRLA/CHIRLA_data/CHIRLA/videos/seq_026/camera_6_2023-12-05-12_12_13.avi D:/yizhen/CHIRLA/CHIRLA_data/CHIRLA/videos/seq_026/camera_7_2023-12-05-12_12_13.avi --cameras camera_6 camera_7 --topology configs/fix_grid/base.yaml --tracker configs/tracker_rf_cbiou.yaml --variant nano --thr 0.10 --person-cls 1 --embedder none --fps 30.0 --max-frames -1 --ttl 600 --stride 1 --start-fid 5890 --end-fid 6185 --det-cache results/det_cache/coco_nano/seq_026 --clip-id L3S-seq_026-c6+c7-3-005890 --out results/clips/runs/L3S-seq_026-c6+c7-3-005890/s1/chef_events.jsonl
