loop_i,t_sec,rss_mb,total_chefs,active,gone,track_to_chef,_exit,_cam,_pending_exit,_world,_vel,m4_seen_cam1,m4_seen_cam2,m4_seen_cam3,m4_seen_cam4,m4_seen_cam5,m4_seen_cam6,m4_seen_cam7,m4_seen_cam8,m4_seen_cam9,m4_history_cam1,m4_history_cam2,m4_history_cam3,m4_history_cam4,m4_history_cam5,m4_history_cam6,m4_history_cam7,m4_history_cam8,m4_history_cam9,m4_prev_removed_cam1,m4_prev_removed_cam2,m4_prev_removed_cam3,m4_prev_removed_cam4,m4_prev_removed_cam5,m4_prev_removed_cam6,m4_prev_removed_cam7,m4_prev_removed_cam8,m4_prev_removed_cam9
0,0.0,1570.5,1,1,0,10,0,1,0,0,0,1,1,1,1,1,1,1,1,2,1,1,1,1,1,1,1,1,2,0,0,0,0,0,0,0,0,0
50,8.33,1647.4,1,1,0,11,0,1,1,0,0,2,1,1,2,1,1,1,1,2,1,1,1,2,1,1,1,1,2,0,0,0,0,0,0,0,0,0
100,16.67,1649.7,1,1,0,14,0,1,5,0,0,2,1,2,2,2,2,1,1,2,1,1,2,2,2,2,1,1,2,0,0,0,0,0,0,0,0,0
150,25.0,1667.7,1,1,0,9,0,1,0,0,0,2,1,2,2,2,2,1,1,2,1,1,1,1,1,1,1,1,1,0,0,0,0,0,0,0,0,0
200,33.33,1670.2,1,1,0,11,0,1,2,0,0,2,1,4,2,2,2,1,1,2,1,1,3,1,1,1,1,1,1,0,0,0,0,0,0,0,0,0
250,41.67,1677.9,1,1,0,12,0,1,3,0,0,2,2,4,3,2,2,1,2,2,1,2,1,2,1,1,1,2,1,0,0,0,0,0,0,0,0,0
300,50.0,1027.5,1,1,0,10,0,1,0,0,0,2,2,4,3,2,2,1,2,2,1,1,1,2,1,1,1,1,1,0,0,0,0,0,0,0,0,0
350,58.33,1015.9,1,1,0,12,0,1,1,0,0,2,2,5,3,2,3,1,3,2,1,1,2,2,1,1,1,2,1,0,0,0,0,0,1,0,0,0
400,66.67,1037.4,1,1,0,11,0,1,2,0,0,2,2,5,3,2,3,1,3,2,1,1,2,1,1,1,1,2,1,0,0,0,0,0,0,0,0,0
450,75.0,1035.1,1,1,0,11,0,1,2,0,0,2,2,5,4,2,4,1,4,2,1,1,1,2,1,1,1,2,1,0,0,0,0,0,0,0,0,0
500,83.33,1033.7,1,1,0,11,0,1,1,0,0,2,2,6,4,2,4,1,5,2,1,1,2,1,1,1,1,2,1,0,0,0,0,0,0,0,0,0
550,91.67,1034.8,1,1,0,11,0,1,1,0,0,2,2,6,4,2,4,1,6,2,1,1,2,1,1,1,1,2,1,0,0,0,0,0,0,0,0,0
600,100.0,1034.0,1,1,0,11,0,1,2,0,0,2,2,6,4,2,4,1,6,2,1,1,2,1,1,1,1,2,1,0,0,0,0,0,0,0,0,0
650,108.33,1040.3,1,1,0,13,0,1,4,0,0,4,4,6,5,2,4,1,9,2,1,2,2,2,1,1,1,2,1,2,0,0,0,0,0,0,1,0
700,116.67,1029.3,1,1,0,11,0,1,0,0,0,4,4,6,5,2,4,1,9,2,1,1,2,1,1,1,1,2,1,0,0,0,0,0,0,0,0,0
750,125.0,1037.7,1,1,0,12,0,1,2,0,0,4,4,6,6,2,4,1,10,2,1,1,2,2,1,1,1,2,1,0,0,0,0,0,0,0,0,0
800,133.33,1032.1,1,1,0,11,0,1,2,0,0,4,4,6,6,2,4,1,10,2,1,1,2,1,1,1,1,2,1,0,0,0,0,0,0,0,0,0
850,141.67,1040.6,1,1,0,11,0,1,2,0,0,4,4,6,6,2,4,1,11,2,1,1,2,1,1,1,1,2,1,0,0,0,0,0,0,0,0,0
900,150.0,1029.4,1,1,0,11,0,1,1,0,0,4,4,6,6,2,4,1,12,2,1,1,2,1,1,1,1,2,1,0,0,0,0,0,0,0,0,0
950,158.33,1029.7,1,1,0,11,0,1,2,0,0,4,4,6,6,2,4,1,13,2,1,1,2,1,1,1,1,2,1,0,0,0,0,0,0,0,0,0
1000,166.67,1040.7,1,1,0,12,0,1,3,0,0,4,4,6,7,2,4,1,13,2,1,1,2,2,1,1,1,2,1,0,0,0,0,0,0,0,0,0
1050,175.0,1037.7,1,1,0,11,0,1,1,0,0,4,4,6,7,2,4,1,14,2,1,1,2,1,1,1,1,2,1,0,0,0,0,0,0,0,0,0
1100,183.33,1040.5,1,1,0,11,0,1,1,0,0,4,4,6,8,2,4,1,15,2,1,1,1,2,1,1,1,2,1,0,0,0,0,0,0,0,0,0
1150,191.67,1029.3,1,1,0,10,0,1,0,0,0,4,5,6,8,2,5,1,16,2,1,1,1,2,1,1,1,2,1,0,0,0,0,0,0,0,0,0
1200,200.0,1031.1,1,1,0,11,0,1,2,0,0,4,5,6,9,2,5,1,16,2,1,1,1,2,1,1,1,2,1,0,0,0,0,0,0,0,0,0
1250,208.33,1040.2,1,1,0,11,0,1,2,0,0,4,5,6,9,2,5,1,17,2,1,1,1,2,1,1,1,2,1,0,0,0,0,0,0,0,0,0
1300,216.67,1031.5,1,1,0,11,0,1,0,0,0,4,5,6,9,2,5,1,18,2,1,1,1,2,1,1,1,2,1,0,0,0,0,0,0,0,0,0
1350,225.0,1040.6,1,1,0,10,0,1,0,0,0,4,5,6,9,2,5,1,19,2,1,1,1,1,1,1,1,2,1,0,0,0,0,0,0,0,0,0
1400,233.33,1039.9,1,1,0,10,0,1,0,0,0,4,5,6,10,2,5,1,19,2,1,1,1,2,1,1,1,1,1,0,0,0,0,0,0,0,0,0
1450,241.67,1064.8,1,1,0,11,0,1,2,0,0,4,5,6,10,2,6,1,19,2,1,1,1,2,1,2,1,1,1,0,0,0,0,0,0,0,0,0
1500,250.0,1031.6,1,1,0,10,0,1,1,0,0,4,5,6,10,2,6,1,19,2,1,1,1,2,1,1,1,1,1,0,0,0,0,0,0,0,0,0
1550,258.33,1042.6,1,1,0,9,0,1,0,0,0,4,5,6,10,2,6,1,19,2,1,1,1,1,1,1,1,1,1,0,0,0,0,0,0,0,0,0
1600,266.67,1031.5,1,1,0,10,0,1,1,0,0,5,5,6,10,2,6,1,19,2,2,1,1,1,1,1,1,1,1,0,0,0,0,0,0,0,0,0
1650,275.0,1040.6,1,1,0,9,0,1,0,0,0,5,5,6,10,2,6,1,19,2,1,1,1,1,1,1,1,1,1,0,0,0,0,0,0,0,0,0
1700,283.33,1040.5,1,1,0,9,0,1,0,0,0,5,5,6,10,2,6,1,19,2,1,1,1,1,1,1,1,1,1,0,0,0,0,0,0,0,0,0
1750,291.67,1042.2,1,1,0,10,0,1,1,0,0,5,5,6,10,2,7,1,19,2,1,1,1,1,1,2,1,1,1,0,0,0,0,0,0,0,0,0
1800,300.0,1045.7,1,1,0,9,0,1,0,0,0,5,5,6,10,2,7,1,19,2,1,1,1,1,1,1,1,1,1,0,0,0,0,0,0,0,0,0
1850,308.33,1034.9,1,1,0,9,0,1,0,0,0,5,5,6,10,2,7,1,19,2,1,1,1,1,1,1,1,1,1,0,0,0,0,0,0,0,0,0
1900,316.67,1043.1,1,1,0,9,0,1,0,0,0,5,5,6,10,2,7,1,19,2,1,1,1,1,1,1,1,1,1,0,0,0,0,0,0,0,0,0
1950,325.0,1035.1,1,1,0,10,0,1,0,0,0,5,5,6,11,2,7,1,19,2,1,1,1,2,1,1,1,1,1,0,0,0,0,0,0,0,0,0
2000,333.33,985.3,1,1,0,10,0,1,1,0,0,5,5,6,11,2,7,1,19,3,1,1,1,1,1,1,1,1,2,0,0,0,0,0,0,0,0,0
2050,341.67,691.9,1,1,0,9,0,1,0,0,0,5,5,6,11,2,8,1,19,3,1,1,1,1,1,1,1,1,1,0,0,0,0,0,0,0,0,0
2100,350.0,760.4,1,1,0,9,0,1,0,0,0,5,5,6,11,2,8,1,19,3,1,1,1,1,1,1,1,1,1,0,0,0,0,0,0,0,0,0
2150,358.33,732.0,1,1,0,10,0,1,0,0,0,5,5,6,11,2,9,1,19,4,1,1,1,1,1,2,1,1,1,0,0,0,0,0,0,0,0,0
2200,366.67,731.3,1,1,0,9,0,1,0,0,0,5,5,6,11,2,9,1,19,4,1,1,1,1,1,1,1,1,1,0,0,0,0,0,0,0,0,0
2250,375.0,744.2,1,1,0,9,0,1,0,0,0,5,5,6,11,2,9,1,19,4,1,1,1,1,1,1,1,1,1,0,0,0,0,0,0,0,0,0
2300,383.33,745.5,1,1,0,9,0,1,0,0,0,5,5,6,11,2,9,1,19,4,1,1,1,1,1,1,1,1,1,0,0,0,0,0,0,0,0,0
2350,391.67,746.4,1,1,0,9,0,1,0,0,0,5,5,6,11,2,9,1,19,4,1,1,1,1,1,1,1,1,1,0,0,0,0,0,0,0,0,0
2400,400.0,754.9,1,1,0,9,0,1,0,0,0,5,5,6,11,2,9,1,19,4,1,1,1,1,1,1,1,1,1,0,0,0,0,0,0,0,0,0
2450,408.33,763.2,1,1,0,9,0,1,0,0,0,5,5,6,11,2,9,1,19,5,1,1,1,1,1,1,1,1,1,0,0,0,0,0,0,0,0,0
2500,416.67,764.0,1,1,0,9,0,1,0,0,0,5,5,6,11,2,9,1,19,5,1,1,1,1,1,1,1,1,1,0,0,0,0,0,0,0,0,0
2550,425.0,753.4,1,1,0,9,0,1,0,0,0,5,5,6,11,2,9,1,19,5,1,1,1,1,1,1,1,1,1,0,0,0,0,0,0,0,0,0
2600,433.33,762.2,1,1,0,9,0,1,0,0,0,5,5,6,11,2,9,1,19,5,1,1,1,1,1,1,1,1,1,0,0,0,0,0,0,0,0,0
2650,441.67,755.5,1,1,0,10,0,1,1,0,0,5,5,6,11,2,10,1,19,5,1,1,1,1,1,2,1,1,1,0,0,0,0,0,0,0,0,0
2700,450.0,753.9,1,1,0,13,0,1,3,0,0,5,5,6,11,2,11,1,21,5,1,1,1,1,1,3,1,3,1,0,0,0,0,0,0,0,0,0
2750,458.33,765.9,1,1,0,10,0,1,1,0,0,5,5,6,11,2,11,1,23,5,1,1,1,1,1,1,1,2,1,0,0,0,0,0,0,0,0,0
2800,466.67,764.2,1,1,0,10,0,1,0,0,0,5,5,7,11,2,11,1,23,5,1,1,2,1,1,1,1,1,1,0,0,0,0,0,0,0,0,0
2850,475.0,760.5,1,1,0,10,0,1,1,0,0,5,5,7,11,2,11,1,23,5,1,1,2,1,1,1,1,1,1,0,0,0,0,0,0,0,0,0
2900,483.33,766.6,1,1,0,10,0,1,1,0,0,5,5,7,11,2,11,1,23,5,1,1,2,1,1,1,1,1,1,0,0,0,0,0,0,0,0,0
2950,491.67,768.2,1,1,0,10,0,1,1,0,0,5,5,7,11,2,11,1,24,5,1,1,1,1,1,1,1,2,1,0,0,0,0,0,0,0,0,0
3000,500.0,773.0,1,1,0,10,0,1,1,0,0,5,5,8,11,2,11,1,24,5,1,1,2,1,1,1,1,1,1,0,0,0,0,0,0,0,0,0
3050,508.33,762.4,1,1,0,10,0,1,1,0,0,5,5,8,11,2,11,1,24,5,1,1,2,1,1,1,1,1,1,0,0,0,0,0,0,0,0,0
3100,516.67,769.4,1,1,0,10,0,1,1,0,0,5,5,8,11,2,11,1,24,5,1,1,2,1,1,1,1,1,1,0,0,0,0,0,0,0,0,0
3150,525.0,769.9,1,1,0,10,0,1,1,0,0,5,5,8,11,2,11,1,24,5,1,1,2,1,1,1,1,1,1,0,0,0,0,0,0,0,0,0
3200,533.33,746.1,1,1,0,11,0,1,2,0,0,5,5,8,11,3,13,1,24,5,1,1,1,1,2,2,1,1,1,0,0,0,0,0,0,0,0,0
3250,541.67,770.4,1,1,0,11,0,1,2,0,0,5,5,8,11,3,15,1,24,5,1,1,1,1,1,3,1,1,1,0,0,0,0,0,0,0,0,0
3300,550.0,768.7,1,1,0,9,0,1,0,0,0,5,5,8,11,3,15,1,24,5,1,1,1,1,1,1,1,1,1,0,0,0,0,0,0,0,0,0
3350,558.33,771.1,1,1,0,9,0,1,0,0,0,5,5,8,11,3,15,1,24,5,1,1,1,1,1,1,1,1,1,0,0,0,0,0,0,0,0,0
3400,566.67,769.8,1,1,0,9,0,1,0,0,0,5,5,8,11,3,15,1,24,5,1,1,1,1,1,1,1,1,1,0,0,0,0,0,0,0,0,0
3450,575.0,763.8,1,1,0,10,0,1,0,0,0,5,5,8,12,3,15,1,24,5,1,1,1,2,1,1,1,1,1,0,0,0,0,0,0,0,0,0
3500,583.33,770.9,1,1,0,9,0,1,0,0,0,5,5,8,12,3,15,1,24,5,1,1,1,1,1,1,1,1,1,0,0,0,0,0,0,0,0,0
3550,591.67,769.7,1,1,0,9,0,1,0,0,0,5,5,8,12,3,15,1,24,5,1,1,1,1,1,1,1,1,1,0,0,0,0,0,0,0,0,0
3600,600.0,772.1,1,1,0,9,0,1,0,0,0,5,5,8,12,3,15,1,24,5,1,1,1,1,1,1,1,1,1,0,0,0,0,0,0,0,0,0
3650,608.33,763.6,1,1,0,10,0,1,1,0,0,5,5,8,12,4,15,1,24,5,1,1,1,1,2,1,1,1,1,0,0,0,0,0,0,0,0,0
3700,616.67,775.2,1,1,0,9,0,1,0,0,0,5,5,8,12,4,15,1,24,5,1,1,1,1,1,1,1,1,1,0,0,0,0,0,0,0,0,0
3750,625.0,775.5,1,1,0,9,0,1,0,0,0,5,5,8,12,4,15,1,24,5,1,1,1,1,1,1,1,1,1,0,0,0,0,0,0,0,0,0
3800,633.33,775.7,1,1,0,10,0,1,1,0,0,5,5,8,12,4,16,1,24,5,1,1,1,1,1,2,1,1,1,0,0,0,0,0,0,0,0,0
3850,641.67,764.7,1,1,0,9,0,1,0,0,0,5,5,8,12,4,16,1,24,5,1,1,1,1,1,1,1,1,1,0,0,0,0,0,0,0,0,0
3900,650.0,772.2,1,1,0,9,0,1,0,0,0,5,5,8,12,4,18,1,24,5,1,1,1,1,1,1,1,1,1,0,0,0,0,0,0,0,0,0
3950,658.33,714.0,1,1,0,9,0,1,0,0,0,5,5,8,12,4,18,1,24,5,1,1,1,1,1,1,1,1,1,0,0,0,0,0,0,0,0,0
4000,666.67,732.8,1,1,0,10,0,1,1,0,0,5,5,8,12,4,19,1,24,5,1,1,1,1,1,2,1,1,1,0,0,0,0,0,0,0,0,0
4050,675.0,736.4,1,1,0,9,0,1,0,0,0,5,5,8,12,4,19,1,24,5,1,1,1,1,1,1,1,1,1,0,0,0,0,0,0,0,0,0
4100,683.33,735.6,1,1,0,10,0,1,0,0,0,5,5,8,12,4,20,1,24,5,1,1,1,1,1,2,1,1,1,0,0,0,0,0,0,0,0,0
4150,691.67,735.8,1,1,0,10,0,1,1,0,0,5,5,8,12,4,20,1,24,5,1,1,1,1,1,2,1,1,1,0,0,0,0,0,0,0,0,0
4200,700.0,756.9,1,1,0,10,0,1,1,0,0,5,5,8,12,4,20,1,24,5,1,1,1,1,1,2,1,1,1,0,0,0,0,0,0,0,0,0
4250,708.33,783.5,1,1,0,10,0,1,0,0,0,5,5,8,12,4,20,1,24,5,1,1,1,1,1,2,1,1,1,0,0,0,0,0,0,0,0,0
4300,716.67,756.6,1,1,0,12,0,1,3,0,0,5,5,8,12,5,21,1,24,5,1,1,1,1,2,3,1,1,1,0,0,0,0,0,0,0,0,0
4350,725.0,749.0,1,1,0,9,0,1,0,0,0,5,5,8,12,5,21,1,24,5,1,1,1,1,1,1,1,1,1,0,0,0,0,0,0,0,0,0
4400,733.33,750.9,1,1,0,9,0,1,0,0,0,5,5,8,12,5,22,1,24,5,1,1,1,1,1,1,1,1,1,0,0,0,0,0,0,0,0,0
4450,741.67,759.9,1,1,0,10,0,1,0,0,0,5,5,8,12,5,23,1,24,5,1,1,1,1,1,2,1,1,1,0,0,0,0,0,0,0,0,0
4500,750.0,751.7,1,1,0,10,0,1,0,0,0,5,5,8,12,5,23,1,24,5,1,1,1,1,1,2,1,1,1,0,0,0,0,0,0,0,0,0
4550,758.33,763.5,1,1,0,11,0,1,3,0,0,5,5,8,12,5,24,1,24,5,1,1,1,1,1,3,1,1,1,0,0,0,0,0,0,0,0,0
4600,766.67,752.5,1,1,0,11,0,1,1,0,0,5,5,8,12,5,25,1,24,5,1,1,1,1,1,3,1,1,1,0,0,0,0,0,0,0,0,0
4650,775.0,762.2,1,1,0,11,0,1,2,0,0,5,5,8,12,7,26,1,24,5,1,1,1,1,2,2,1,1,1,0,0,0,0,0,0,0,0,0
