loop_i,t_sec,rss_mb,total_chefs,active,gone,track_to_chef,_exit,_cam,_pending_exit,_world,_vel,m4_seen_camera_4,m4_history_camera_4,m4_prev_removed_camera_4
0,93.17,200.3,1,1,0,1,0,1,0,0,0,1,1,0
50,94.83,200.7,1,1,0,1,0,1,0,0,0,1,1,0
100,96.5,200.7,1,1,0,1,0,1,0,0,0,1,1,0
150,98.17,200.7,1,1,0,1,0,1,0,0,0,1,1,0
200,99.83,200.7,1,1,0,1,0,1,0,0,0,1,1,0
250,101.5,200.7,1,1,0,1,0,1,0,0,0,1,1,0
300,103.17,200.7,1,1,0,1,0,1,0,0,0,1,1,0
350,104.83,200.7,1,1,0,1,0,1,0,0,0,1,1,0
400,106.5,200.7,1,1,0,1,0,1,0,0,0,1,1,0
