clip_id,stride,camera_id,video_fid,gt_frame,t_sec,gt_present,gt_box,matched,track_id,iou,iou_best,chef_id,n_tracks,n_gt,n_ghost,n_coasting,other_gt_ids,others_same_chef,chef_ids_on_frame,in_B,is_continuity,is_majority,is_exclusive
L1-seq_000-c6-10-001710,1,camera_6,1710,1711,57.0,1,626.0 157.0 697.0 497.0,1,0,0.9177,0.9177,1,1,1,0,0,,,1,1,1,1,
L1-seq_000-c6-10-001710,1,camera_6,1711,1712,57.033,1,621.0 156.0 698.0 494.0,1,0,0.9067,0.9067,1,1,1,0,0,,,1,1,1,1,
L1-seq_000-c6-10-001710,1,camera_6,1712,1713,57.067,1,621.0 157.0 697.0 493.0,1,0,0.9275,0.9275,1,1,1,0,0,,,1,1,1,1,
L1-seq_000-c6-10-001710,1,camera_6,1713,1714,57.1,1,621.0 157.0 697.0 493.0,1,0,0.9452,0.9452,1,1,1,0,0,,,1,1,1,1,
L1-seq_000-c6-10-001710,1,camera_6,1714,1715,57.133,1,621.0 157.0 697.0 493.0,1,0,0.9558,0.9558,1,1,1,0,0,,,1,1,1,1,
L1-seq_000-c6-10-001710,1,camera_6,1715,1716,57.167,1,621.0 157.0 697.0 493.0,1,0,0.9451,0.9451,1,1,1,0,0,,,1,1,1,1,
L1-seq_000-c6-10-001710,1,camera_6,1716,1717,57.2,1,621.0 157.0 697.0 493.0,1,0,0.9445,0.9445,1,1,1,0,0,,,1,1,1,1,
L1-seq_000-c6-10-001710,1,camera_6,1717,1718,57.233,1,621.0 157.0 697.0 493.0,1,0,0.967,0.967,1,1,1,0,0,,,1,1,1,1,
L1-seq_000-c6-10-001710,1,camera_6,1718,1719,57.267,1,621.0 157.0 697.0 493.0,1,0,0.9603,0.9603,1,1,1,0,0,,,1,1,1,1,
L1-seq_000-c6-10-001710,1,camera_6,1719,1720,57.3,1,621.0 157.0 697.0 493.0,1,0,0.9497,0.9497,1,1,1,0,0,,,1,1,1,1,
L1-seq_000-c6-10-001710,1,camera_6,1720,1721,57.333,1,621.0 157.0 697.0 493.0,1,0,0.9542,0.9542,1,1,1,0,0,,,1,1,1,1,
L1-seq_000-c6-10-001710,1,camera_6,1721,1722,57.367,1,620.0 155.0 695.0 494.0,1,0,0.9426,0.9426,1,1,1,0,0,,,1,1,1,1,
L1-seq_000-c6-10-001710,1,camera_6,1722,1723,57.4,1,620.0 155.0 695.0 494.0,1,0,0.9472,0.9472,1,1,1,0,0,,,1,1,1,1,
L1-seq_000-c6-10-001710,1,camera_6,1723,1724,57.433,1,620.0 155.0 695.0 494.0,1,0,0.9278,0.9278,1,2,1,1,0,,,1 2,1,1,1,
L1-seq_000-c6-10-001710,1,camera_6,1724,1725,57.467,1,603.0 154.0 696.0 494.0,1,0,0.8604,0.8604,1,2,1,1,0,,,1 2,1,1,1,
L1-seq_000-c6-10-001710,1,camera_6,1725,1726,57.5,1,599.0 153.0 697.0 495.0,1,0,0.9308,0.9308,1,2,1,1,0,,,1 2,1,1,1,
L1-seq_000-c6-10-001710,1,camera_6,1726,1727,57.533,1,594.0 152.0 696.0 495.0,1,0,0.9178,0.9178,1,2,1,1,0,,,1 2,1,1,1,
L1-seq_000-c6-10-001710,1,camera_6,1727,1728,57.567,1,590.0 152.0 696.0 496.0,1,0,0.92,0.92,1,2,1,1,0,,,1 2,1,1,1,
L1-seq_000-c6-10-001710,1,camera_6,1728,1729,57.6,1,583.0 153.0 695.0 495.0,1,0,0.9568,0.9568,1,2,1,1,0,,,1 2,1,1,1,
L1-seq_000-c6-10-001710,1,camera_6,1729,1730,57.633,1,582.0 153.0 693.0 493.0,1,0,0.963,0.963,1,2,1,1,0,,,1 2,1,1,1,
L1-seq_000-c6-10-001710,1,camera_6,1730,1731,57.667,1,580.0 153.0 691.0 494.0,1,0,0.9508,0.9508,1,2,1,1,0,,,1 2,1,1,1,
L1-seq_000-c6-10-001710,1,camera_6,1731,1732,57.7,1,578.0 153.0 689.0 493.0,1,0,0.9518,0.9518,1,2,1,1,0,,,1 2,1,1,1,
L1-seq_000-c6-10-001710,1,camera_6,1732,1733,57.733,1,577.0 153.0 688.0 494.0,1,0,0.9539,0.9539,1,2,1,1,0,,,1 2,1,1,1,
L1-seq_000-c6-10-001710,1,camera_6,1733,1734,57.767,1,576.0 153.0 686.0 492.0,1,0,0.9375,0.9375,1,2,1,1,0,,,1 2,1,1,1,
L1-seq_000-c6-10-001710,1,camera_6,1734,1735,57.8,1,577.0 152.0 684.0 491.0,1,0,0.9449,0.9449,1,2,1,1,0,,,1 2,1,1,1,
L1-seq_000-c6-10-001710,1,camera_6,1735,1736,57.833,1,578.0 151.0 683.0 490.0,1,0,0.9657,0.9657,1,2,1,1,0,,,1 2,1,1,1,
L1-seq_000-c6-10-001710,1,camera_6,1736,1737,57.867,1,579.0 149.0 683.0 491.0,1,0,0.9451,0.9451,1,2,1,1,0,,,1 2,1,1,1,
L1-seq_000-c6-10-001710,1,camera_6,1737,1738,57.9,1,579.0 148.0 681.0 490.0,1,0,0.9567,0.9567,1,2,1,1,0,,,1 2,1,1,1,
L1-seq_000-c6-10-001710,1,camera_6,1738,1739,57.933,1,581.0 147.0 679.0 487.0,1,0,0.9764,0.9764,1,2,1,1,0,,,1 2,1,1,1,
L1-seq_000-c6-10-001710,1,camera_6,1739,1740,57.967,1,581.0 146.0 678.0 484.0,1,0,0.9773,0.9773,1,2,1,1,0,,,1 2,1,1,1,
L1-seq_000-c6-10-001710,1,camera_6,1740,1741,58.0,1,582.0 146.0 677.0 482.0,1,0,0.978,0.978,1,2,1,1,0,,,1 2,1,1,1,
L1-seq_000-c6-10-001710,1,camera_6,1741,1742,58.033,1,581.0 146.0 677.0 473.0,1,0,0.9644,0.9644,1,2,1,1,0,,,1 2,1,1,1,
L1-seq_000-c6-10-001710,1,camera_6,1742,1743,58.067,1,582.0 146.0 677.0 466.0,1,0,0.9626,0.9626,1,2,1,1,0,,,1 2,1,1,1,
L1-seq_000-c6-10-001710,1,camera_6,1743,1744,58.1,1,582.0 145.0 676.0 462.0,1,0,0.9735,0.9735,1,2,1,1,0,,,1 2,1,1,1,
L1-seq_000-c6-10-001710,1,camera_6,1744,1745,58.133,1,581.0 144.0 674.0 459.0,1,0,0.9737,0.9737,1,2,1,1,0,,,1 2,1,1,1,
L1-seq_000-c6-10-001710,1,camera_6,1745,1746,58.167,1,580.0 144.0 673.0 461.0,1,0,0.9604,0.9604,1,2,1,1,0,,,1 2,1,1,1,
L1-seq_000-c6-10-001710,1,camera_6,1746,1747,58.2,1,580.0 143.0 673.0 461.0,1,0,0.9672,0.9672,1,2,1,1,0,,,1 2,1,1,1,
L1-seq_000-c6-10-001710,1,camera_6,1747,1748,58.233,1,579.0 143.0 673.0 461.0,1,0,0.97,0.97,1,2,1,1,0,,,1 2,1,1,1,
L1-seq_000-c6-10-001710,1,camera_6,1748,1749,58.267,1,578.0 142.0 673.0 461.0,1,0,0.9581,0.9581,1,2,1,1,0,,,1 2,1,1,1,
L1-seq_000-c6-10-001710,1,camera_6,1749,1750,58.3,1,577.0 143.0 673.0 461.0,1,0,0.9543,0.9543,1,2,1,1,0,,,1 2,1,1,1,
L1-seq_000-c6-10-001710,1,camera_6,1750,1751,58.333,1,576.0 143.0 672.0 461.0,1,0,0.9529,0.9529,1,2,1,1,0,,,1 2,1,1,1,
L1-seq_000-c6-10-001710,1,camera_6,1751,1752,58.367,1,575.0 143.0 673.0 461.0,1,0,0.9405,0.9405,1,2,1,1,0,,,1 2,1,1,1,
L1-seq_000-c6-10-001710,1,camera_6,1752,1753,58.4,1,575.0 143.0 672.0 460.0,1,0,0.958,0.958,1,2,1,1,0,,,1 2,1,1,1,
L1-seq_000-c6-10-001710,1,camera_6,1753,1754,58.433,1,574.0 143.0 672.0 459.0,1,0,0.942,0.942,1,2,1,1,0,,,1 2,1,1,1,
L1-seq_000-c6-10-001710,1,camera_6,1754,1755,58.467,1,573.0 143.0 671.0 458.0,1,0,0.9577,0.9577,1,2,1,1,0,,,1 2,1,1,1,
L1-seq_000-c6-10-001710,1,camera_6,1755,1756,58.5,1,573.0 142.0 671.0 455.0,1,0,0.9381,0.9381,1,2,1,1,0,,,1 2,1,1,1,
L1-seq_000-c6-10-001710,1,camera_6,1756,1757,58.533,1,574.0 141.0 670.0 452.0,1,0,0.9704,0.9704,1,2,1,1,0,,,1 2,1,1,1,
L1-seq_000-c6-10-001710,1,camera_6,1757,1758,58.567,1,573.0 140.0 671.0 449.0,1,0,0.9855,0.9855,1,2,1,1,0,,,1 2,1,1,1,
L1-seq_000-c6-10-001710,1,camera_6,1758,1759,58.6,1,573.0 139.0 672.0 444.0,1,0,0.9608,0.9608,1,2,1,1,0,,,1 2,1,1,1,
L1-seq_000-c6-10-001710,1,camera_6,1759,1760,58.633,1,573.0 139.0 673.0 441.0,1,0,0.9862,0.9862,1,2,1,1,0,,,1 2,1,1,1,
L1-seq_000-c6-10-001710,1,camera_6,1760,1761,58.667,1,572.0 138.0 674.0 435.0,1,0,0.9853,0.9853,1,2,1,1,0,,,1 2,1,1,1,
L1-seq_000-c6-10-001710,1,camera_6,1761,1762,58.7,1,571.0 138.0 675.0 428.0,1,0,0.9939,0.9939,1,2,1,1,0,,,1 2,1,1,1,
L1-seq_000-c6-10-001710,1,camera_6,1762,1763,58.733,1,571.0 137.0 675.0 426.0,1,0,0.9814,0.9814,1,2,1,1,0,,,1 2,1,1,1,
L1-seq_000-c6-10-001710,1,camera_6,1763,1764,58.767,1,572.0 137.0 675.0 426.0,1,0,0.9788,0.9788,1,2,1,1,0,,,1 2,1,1,1,
L1-seq_000-c6-10-001710,1,camera_6,1764,1765,58.8,1,573.0 136.0 675.0 424.0,1,0,0.9742,0.9742,1,2,1,1,0,,,1 2,1,1,1,
L1-seq_000-c6-10-001710,1,camera_6,1765,1766,58.833,1,574.0 135.0 675.0 426.0,1,0,0.9554,0.9554,1,2,1,1,0,,,1 2,1,1,1,
L1-seq_000-c6-10-001710,1,camera_6,1766,1767,58.867,1,574.0 135.0 674.0 425.0,1,0,0.9636,0.9636,1,2,1,1,0,,,1 2,1,1,1,
L1-seq_000-c6-10-001710,1,camera_6,1767,1768,58.9,1,574.0 134.0 674.0 427.0,1,0,0.9691,0.9691,1,2,1,1,0,,,1 2,1,1,1,
L1-seq_000-c6-10-001710,1,camera_6,1768,1769,58.933,1,575.0 134.0 673.0 427.0,1,0,0.9808,0.9808,1,2,1,1,0,,,1 2,1,1,1,
L1-seq_000-c6-10-001710,1,camera_6,1769,1770,58.967,1,575.0 134.0 672.0 427.0,1,0,0.9817,0.9817,1,2,1,1,0,,,1 2,1,1,1,
L1-seq_000-c6-10-001710,1,camera_6,1770,1771,59.0,1,576.0 134.0 672.0 427.0,1,0,0.9776,0.9776,1,2,1,1,0,,,1 2,1,1,1,
L1-seq_000-c6-10-001710,1,camera_6,1771,1772,59.033,1,576.0 134.0 672.0 427.0,1,0,0.9753,0.9753,1,2,1,1,0,,,1 2,1,1,1,
L1-seq_000-c6-10-001710,1,camera_6,1772,1773,59.067,1,577.0 135.0 672.0 426.0,1,0,0.9729,0.9729,1,2,1,1,0,,,1 2,1,1,1,
L1-seq_000-c6-10-001710,1,camera_6,1773,1774,59.1,1,578.0 135.0 672.0 425.0,1,0,0.9829,0.9829,1,2,1,1,0,,,1 2,1,1,1,
L1-seq_000-c6-10-001710,1,camera_6,1774,1775,59.133,1,579.0 134.0 673.0 425.0,1,0,0.9402,0.9402,1,2,1,1,0,,,1 2,1,1,1,
L1-seq_000-c6-10-001710,1,camera_6,1775,1776,59.167,1,581.0 133.0 673.0 421.0,1,0,0.9736,0.9736,1,2,1,1,0,,,1 2,1,1,1,
L1-seq_000-c6-10-001710,1,camera_6,1776,1777,59.2,1,583.0 131.0 674.0 418.0,1,0,0.9539,0.9539,1,2,1,1,0,,,1 2,1,1,1,
L1-seq_000-c6-10-001710,1,camera_6,1777,1778,59.233,1,585.0 130.0 675.0 416.0,1,0,0.9476,0.9476,1,2,1,1,0,,,1 2,1,1,1,
L1-seq_000-c6-10-001710,1,camera_6,1778,1779,59.267,1,585.0 130.0 675.0 415.0,1,0,0.9697,0.9697,1,2,1,1,0,,,1 2,1,1,1,
L1-seq_000-c6-10-001710,1,camera_6,1779,1780,59.3,1,586.0 129.0 676.0 412.0,1,0,0.9732,0.9732,1,2,1,1,0,,,1 2,1,1,1,
L1-seq_000-c6-10-001710,1,camera_6,1780,1781,59.333,1,587.0 129.0 676.0 407.0,1,0,0.9738,0.9738,1,2,1,1,0,,,1 2,1,1,1,
L1-seq_000-c6-10-001710,1,camera_6,1781,1782,59.367,1,587.0 129.0 677.0 401.0,1,0,0.9613,0.9613,1,2,1,1,0,,,1 2,1,1,1,
L1-seq_000-c6-10-001710,1,camera_6,1782,1783,59.4,1,587.0 129.0 678.0 397.0,1,0,0.9545,0.9545,1,2,1,1,0,,,1 2,1,1,1,
L1-seq_000-c6-10-001710,1,camera_6,1783,1784,59.433,1,588.0 128.0 678.0 395.0,1,0,0.9611,0.9611,1,2,1,1,0,,,1 2,1,1,1,
L1-seq_000-c6-10-001710,1,camera_6,1784,1785,59.467,1,589.0 127.0 678.0 396.0,1,0,0.9856,0.9856,1,2,1,1,0,,,1 2,1,1,1,
L1-seq_000-c6-10-001710,1,camera_6,1785,1786,59.5,1,590.0 127.0 678.0 396.0,1,0,0.9598,0.9598,1,2,1,1,0,,,1 2,1,1,1,
L1-seq_000-c6-10-001710,1,camera_6,1786,1787,59.533,1,590.0 126.0 678.0 397.0,1,0,0.975,0.975,1,2,1,1,0,,,1 2,1,1,1,
L1-seq_000-c6-10-001710,1,camera_6,1787,1788,59.567,1,590.0 126.0 678.0 397.0,1,0,0.984,0.984,1,2,1,1,0,,,1 2,1,1,1,
L1-seq_000-c6-10-001710,1,camera_6,1788,1789,59.6,1,591.0 126.0 678.0 396.0,1,0,0.9808,0.9808,1,2,1,1,0,,,1 2,1,1,1,
L1-seq_000-c6-10-001710,1,camera_6,1789,1790,59.633,1,592.0 126.0 678.0 396.0,1,0,0.9774,0.9774,1,3,1,2,0,,,1 2 3,1,1,1,
L1-seq_000-c6-10-001710,1,camera_6,1790,1791,59.667,1,592.0 126.0 679.0 396.0,1,0,0.9744,0.9744,1,3,1,2,0,,,1 2 3,1,1,1,
L1-seq_000-c6-10-001710,1,camera_6,1791,1792,59.7,1,592.0 126.0 679.0 397.0,1,0,0.9706,0.9706,1,3,1,2,0,,,1 2 3,1,1,1,
L1-seq_000-c6-10-001710,1,camera_6,1792,1793,59.733,1,593.0 126.0 680.0 397.0,1,0,0.9602,0.9602,1,3,1,2,0,,,1 2 3,1,1,1,
L1-seq_000-c6-10-001710,1,camera_6,1793,1794,59.767,1,594.0 126.0 680.0 397.0,1,0,0.9545,0.9545,1,3,1,2,0,,,1 2 3,1,1,1,
L1-seq_000-c6-10-001710,1,camera_6,1794,1795,59.8,1,594.0 126.0 681.0 397.0,1,0,0.9458,0.9458,1,3,1,2,0,,,1 2 3,1,1,1,
L1-seq_000-c6-10-001710,1,camera_6,1795,1796,59.833,1,595.0 126.0 681.0 397.0,1,0,0.9575,0.9575,1,3,1,2,0,,,1 2 3,1,1,1,
L1-seq_000-c6-10-001710,1,camera_6,1796,1797,59.867,1,595.0 126.0 682.0 397.0,1,0,0.9533,0.9533,1,3,1,2,0,,,1 2 3,1,1,1,
L1-seq_000-c6-10-001710,1,camera_6,1797,1798,59.9,1,596.0 125.0 682.0 394.0,1,0,0.9651,0.9651,1,3,1,2,0,,,1 2 3,1,1,1,
L1-seq_000-c6-10-001710,1,camera_6,1798,1799,59.933,1,596.0 124.0 683.0 391.0,1,0,0.9596,0.9596,1,3,1,2,0,,,1 2 3,1,1,1,
L1-seq_000-c6-10-001710,1,camera_6,1799,1800,59.967,1,596.0 124.0 683.0 390.0,1,0,0.9902,0.9902,1,3,1,2,0,,,1 2 3,1,1,1,
L1-seq_000-c6-10-001710,1,camera_6,1800,1801,60.0,1,596.0 123.0 684.0 388.0,1,0,0.9529,0.9529,1,2,1,1,0,,,1 2,1,1,1,
L1-seq_000-c6-10-001710,1,camera_6,1801,1802,60.033,1,597.0 122.0 685.0 385.0,1,0,0.9803,0.9803,1,3,1,2,0,,,1 2 3,1,1,1,
L1-seq_000-c6-10-001710,1,camera_6,1802,1803,60.067,1,597.0 122.0 685.0 383.0,1,0,0.9745,0.9745,1,2,1,1,0,,,1 2,1,1,1,
L1-seq_000-c6-10-001710,1,camera_6,1803,1804,60.1,1,597.0 121.0 685.0 377.0,1,0,0.9791,0.9791,1,2,1,1,0,,,1 2,1,1,1,
L1-seq_000-c6-10-001710,1,camera_6,1804,1805,60.133,1,598.0 121.0 686.0 375.0,1,0,0.9726,0.9726,1,2,1,1,0,,,1 2,1,1,1,
L1-seq_000-c6-10-001710,1,camera_6,1805,1806,60.167,1,599.0 120.0 685.0 373.0,1,0,0.9816,0.9816,1,2,1,1,0,,,1 2,1,1,1,
L1-seq_000-c6-10-001710,1,camera_6,1806,1807,60.2,1,599.0 120.0 685.0 372.0,1,0,0.9764,0.9764,1,2,1,1,0,,,1 2,1,1,1,
L1-seq_000-c6-10-001710,1,camera_6,1807,1808,60.233,1,599.0 119.0 684.0 373.0,1,0,0.9665,0.9665,1,2,1,1,0,,,1 2,1,1,1,
L1-seq_000-c6-10-001710,1,camera_6,1808,1809,60.267,1,599.0 119.0 683.0 374.0,1,0,0.9749,0.9749,1,2,1,1,0,,,1 2,1,1,1,
L1-seq_000-c6-10-001710,1,camera_6,1809,1810,60.3,1,599.0 119.0 681.0 373.0,1,0,0.9619,0.9619,1,2,1,1,0,,,1 2,1,1,1,
L1-seq_000-c6-10-001710,1,camera_6,1810,1811,60.333,1,599.0 119.0 681.0 372.0,1,0,0.9542,0.9542,1,2,1,1,0,,,1 2,1,1,1,
L1-seq_000-c6-10-001710,1,camera_6,1811,1812,60.367,1,600.0 119.0 681.0 372.0,1,0,0.9554,0.9554,1,2,1,1,0,,,1 2,1,1,1,
L1-seq_000-c6-10-001710,1,camera_6,1812,1813,60.4,1,600.0 119.0 681.0 372.0,1,0,0.9284,0.9284,1,2,1,1,0,,,1 2,1,1,1,
L1-seq_000-c6-10-001710,1,camera_6,1813,1814,60.433,1,601.0 119.0 681.0 373.0,1,0,0.9439,0.9439,1,2,1,1,0,,,1 2,1,1,1,
L1-seq_000-c6-10-001710,1,camera_6,1814,1815,60.467,1,601.0 119.0 681.0 373.0,1,0,0.9695,0.9695,1,2,1,1,0,,,1 2,1,1,1,
L1-seq_000-c6-10-001710,1,camera_6,1815,1816,60.5,1,601.0 119.0 682.0 372.0,1,0,0.9578,0.9578,1,3,1,2,0,,,1 2 3,1,1,1,
L1-seq_000-c6-10-001710,1,camera_6,1816,1817,60.533,1,603.0 118.0 683.0 371.0,1,0,0.9688,0.9688,1,3,1,2,0,,,1 2 3,1,1,1,
L1-seq_000-c6-10-001710,1,camera_6,1817,1818,60.567,1,604.0 117.0 683.0 371.0,1,0,0.9718,0.9718,1,3,1,2,0,,,1 2 3,1,1,1,
L1-seq_000-c6-10-001710,1,camera_6,1818,1819,60.6,1,604.0 117.0 685.0 369.0,1,0,0.9675,0.9675,1,3,1,2,0,,,1 2 3,1,1,1,
L1-seq_000-c6-10-001710,1,camera_6,1819,1820,60.633,1,604.0 116.0 685.0 367.0,1,0,0.9507,0.9507,1,3,1,2,0,,,1 2 3,1,1,1,
L1-seq_000-c6-10-001710,1,camera_6,1820,1821,60.667,1,604.0 116.0 686.0 365.0,1,0,0.9804,0.9804,1,3,1,2,0,,,1 2 3,1,1,1,
L1-seq_000-c6-10-001710,1,camera_6,1821,1822,60.7,1,605.0 116.0 686.0 363.0,1,0,0.973,0.973,1,3,1,2,0,,,1 2 3,1,1,1,
L1-seq_000-c6-10-001710,1,camera_6,1822,1823,60.733,1,605.0 116.0 687.0 361.0,1,0,0.9585,0.9585,1,3,1,2,0,,,1 2 3,1,1,1,
L1-seq_000-c6-10-001710,1,camera_6,1823,1824,60.767,1,605.0 116.0 688.0 357.0,1,0,0.9644,0.9644,1,3,1,2,0,,,1 2 3,1,1,1,
L1-seq_000-c6-10-001710,1,camera_6,1824,1825,60.8,1,606.0 116.0 688.0 354.0,1,0,0.9709,0.9709,1,3,1,2,0,,,1 2 3,1,1,1,
L1-seq_000-c6-10-001710,1,camera_6,1825,1826,60.833,1,607.0 115.0 689.0 353.0,1,0,0.9409,0.9409,1,3,1,2,0,,,1 2 3,1,1,1,
L1-seq_000-c6-10-001710,1,camera_6,1826,1827,60.867,1,607.0 114.0 689.0 353.0,1,0,0.9325,0.9325,1,3,1,2,0,,,1 2 3,1,1,1,
L1-seq_000-c6-10-001710,1,camera_6,1827,1828,60.9,1,607.0 114.0 688.0 354.0,1,0,0.984,0.984,1,3,1,2,0,,,1 2 3,1,1,1,
L1-seq_000-c6-10-001710,1,camera_6,1828,1829,60.933,1,607.0 114.0 687.0 354.0,1,0,0.9621,0.9621,1,2,1,1,0,,,1 3,1,1,1,
L1-seq_000-c6-10-001710,1,camera_6,1829,1830,60.967,1,607.0 114.0 686.0 355.0,1,0,0.9525,0.9525,1,2,1,1,0,,,1 3,1,1,1,
L1-seq_000-c6-10-001710,1,camera_6,1830,1831,61.0,1,606.0 114.0 684.0 353.0,1,0,0.9157,0.9157,1,2,1,1,0,,,1 3,1,1,1,
L1-seq_000-c6-10-001710,1,camera_6,1831,1832,61.033,1,601.0 114.0 682.0 354.0,1,0,0.8523,0.8523,1,2,1,1,0,,,1 3,1,1,1,
L1-seq_000-c6-10-001710,1,camera_6,1832,1833,61.067,1,599.0 115.0 679.0 354.0,1,0,0.8727,0.8727,1,2,1,1,0,,,1 3,1,1,1,
L1-seq_000-c6-10-001710,1,camera_6,1833,1834,61.1,1,599.0 115.0 677.0 353.0,1,0,0.8947,0.8947,1,2,1,1,0,,,1 3,1,1,1,
L1-seq_000-c6-10-001710,1,camera_6,1834,1835,61.133,1,599.0 115.0 675.0 354.0,1,0,0.9138,0.9138,1,2,1,1,0,,,1 3,1,1,1,
L1-seq_000-c6-10-001710,1,camera_6,1835,1836,61.167,1,599.0 115.0 673.0 353.0,1,0,0.9427,0.9427,1,2,1,1,0,,,1 3,1,1,1,
L1-seq_000-c6-10-001710,1,camera_6,1836,1837,61.2,1,599.0 114.0 671.0 354.0,1,0,0.9434,0.9434,1,2,1,1,0,,,1 3,1,1,1,
L1-seq_000-c6-10-001710,1,camera_6,1837,1838,61.233,1,599.0 114.0 668.0 354.0,1,0,0.951,0.951,1,2,1,1,0,,,1 3,1,1,1,
L1-seq_000-c6-10-001710,1,camera_6,1838,1839,61.267,1,598.0 114.0 666.0 352.0,1,0,0.9603,0.9603,1,2,1,1,0,,,1 3,1,1,1,
L1-seq_000-c6-10-001710,1,camera_6,1839,1840,61.3,1,596.0 114.0 666.0 348.0,1,0,0.9626,0.9626,1,2,1,1,0,,,1 3,1,1,1,
L1-seq_000-c6-10-001710,1,camera_6,1840,1841,61.333,1,594.0 114.0 664.0 345.0,1,0,0.9222,0.9222,1,2,1,1,0,,,1 3,1,1,1,
L1-seq_000-c6-10-001710,1,camera_6,1841,1842,61.367,1,592.0 114.0 665.0 343.0,1,0,0.9557,0.9557,1,2,1,1,0,,,1 3,1,1,1,
L1-seq_000-c6-10-001710,1,camera_6,1842,1843,61.4,1,591.0 114.0 663.0 342.0,1,0,0.9135,0.9135,1,2,1,1,0,,,1 3,1,1,1,
L1-seq_000-c6-10-001710,1,camera_6,1843,1844,61.433,1,590.0 114.0 658.0 341.0,1,0,0.8486,0.8486,1,2,1,1,0,,,1 3,1,1,1,
L1-seq_000-c6-10-001710,1,camera_6,1844,1845,61.467,1,589.0 114.0 655.0 340.0,1,0,0.9378,0.9378,1,2,1,1,0,,,1 3,1,1,1,
L1-seq_000-c6-10-001710,1,camera_6,1845,1846,61.5,1,588.0 114.0 652.0 341.0,1,0,0.9675,0.9675,1,2,1,1,0,,,1 3,1,1,1,
L1-seq_000-c6-10-001710,1,camera_6,1846,1847,61.533,1,586.0 113.0 646.0 340.0,1,0,0.8883,0.8883,1,2,1,1,0,,,1 3,1,1,1,
L1-seq_000-c6-10-001710,1,camera_6,1847,1848,61.567,1,585.0 113.0 640.0 341.0,1,0,0.9319,0.9319,1,2,1,1,0,,,1 3,1,1,1,
L1-seq_000-c6-10-001710,1,camera_6,1848,1849,61.6,1,585.0 114.0 637.0 342.0,1,0,0.9418,0.9418,1,2,1,1,0,,,1 3,1,1,1,
L1-seq_000-c6-10-001710,1,camera_6,1849,1850,61.633,1,582.0 113.0 636.0 341.0,1,0,0.9213,0.9213,1,2,1,1,0,,,1 3,1,1,1,
L1-seq_000-c6-10-001710,1,camera_6,1850,1851,61.667,1,578.0 113.0 636.0 341.0,1,0,0.9092,0.9092,1,2,1,1,0,,,1 3,1,1,1,
L1-seq_000-c6-10-001710,1,camera_6,1851,1852,61.7,1,570.0 114.0 635.0 341.0,1,0,0.9174,0.9174,1,2,1,1,0,,,1 3,1,1,1,
L1-seq_000-c6-10-001710,1,camera_6,1852,1853,61.733,1,564.0 114.0 634.0 342.0,1,0,0.9402,0.9402,1,2,1,1,0,,,1 3,1,1,1,
L1-seq_000-c6-10-001710,1,camera_6,1853,1854,61.767,1,560.0 113.0 634.0 342.0,1,0,0.9369,0.9369,1,2,1,1,0,,,1 3,1,1,1,
L1-seq_000-c6-10-001710,1,camera_6,1854,1855,61.8,1,558.0 113.0 633.0 343.0,1,0,0.9106,0.9106,1,2,1,1,0,,,1 3,1,1,1,
L1-seq_000-c6-10-001710,1,camera_6,1855,1856,61.833,1,556.0 114.0 633.0 346.0,1,0,0.9325,0.9325,1,2,1,1,0,,,1 3,1,1,1,
L1-seq_000-c6-10-001710,1,camera_6,1856,1857,61.867,1,557.0 114.0 633.0 348.0,1,0,0.9401,0.9401,1,2,1,1,0,,,1 3,1,1,1,
L1-seq_000-c6-10-001710,1,camera_6,1857,1858,61.9,1,558.0 114.0 632.0 350.0,1,0,0.8922,0.8922,1,2,1,1,0,,,1 3,1,1,1,
L1-seq_000-c6-10-001710,1,camera_6,1858,1859,61.933,1,559.0 115.0 632.0 351.0,1,0,0.8487,0.8487,1,2,1,1,0,,,1 3,1,1,1,
L1-seq_000-c6-10-001710,1,camera_6,1859,1860,61.967,1,559.0 115.0 631.0 352.0,1,0,0.8386,0.8386,1,2,1,1,0,,,1 3,1,1,1,
L1-seq_000-c6-10-001710,1,camera_6,1860,1861,62.0,1,558.0 115.0 631.0 353.0,1,0,0.8348,0.8348,1,2,1,1,0,,,1 3,1,1,1,
L1-seq_000-c6-10-001710,1,camera_6,1861,1862,62.033,1,558.0 115.0 628.0 353.0,1,0,0.878,0.878,1,2,1,1,0,,,1 3,1,1,1,
L1-seq_000-c6-10-001710,1,camera_6,1862,1863,62.067,1,557.0 114.0 629.0 353.0,1,0,0.9406,0.9406,1,2,1,1,0,,,1 3,1,1,1,
L1-seq_000-c6-10-001710,1,camera_6,1863,1864,62.1,1,553.0 114.0 630.0 354.0,1,0,0.9123,0.9123,1,2,1,1,0,,,1 3,1,1,1,
L1-seq_000-c6-10-001710,1,camera_6,1864,1865,62.133,1,550.0 114.0 630.0 353.0,1,0,0.9092,0.9092,1,2,1,1,0,,,1 3,1,1,1,
L1-seq_000-c6-10-001710,1,camera_6,1865,1866,62.167,1,548.0 114.0 629.0 355.0,1,0,0.9117,0.9117,1,2,1,1,0,,,1 3,1,1,1,
L1-seq_000-c6-10-001710,1,camera_6,1866,1867,62.2,1,546.0 115.0 628.0 355.0,1,0,0.9475,0.9475,1,2,1,1,0,,,1 3,1,1,1,
L1-seq_000-c6-10-001710,1,camera_6,1867,1868,62.233,1,541.0 116.0 626.0 356.0,1,0,0.9384,0.9384,1,2,1,1,0,,,1 3,1,1,1,
L1-seq_000-c6-10-001710,1,camera_6,1868,1869,62.267,1,539.0 116.0 625.0 361.0,1,0,0.9479,0.9479,1,2,1,1,0,,,1 3,1,1,1,
L1-seq_000-c6-10-001710,1,camera_6,1869,1870,62.3,1,537.0 117.0 623.0 367.0,1,0,0.9234,0.9234,1,2,1,1,0,,,1 3,1,1,1,
L1-seq_000-c6-10-001710,1,camera_6,1870,1871,62.333,1,535.0 117.0 621.0 368.0,1,0,0.9165,0.9165,1,2,1,1,0,,,1 3,1,1,1,
L1-seq_000-c6-10-001710,1,camera_6,1871,1872,62.367,1,534.0 118.0 619.0 373.0,1,0,0.8758,0.8758,1,2,1,1,0,,,1 3,1,1,1,
L1-seq_000-c6-10-001710,1,camera_6,1872,1873,62.4,1,533.0 119.0 617.0 372.0,1,0,0.8724,0.8724,1,2,1,1,0,,,1 3,1,1,1,
L1-seq_000-c6-10-001710,1,camera_6,1873,1874,62.433,1,533.0 121.0 616.0 378.0,1,0,0.8556,0.8556,1,2,1,1,0,,,1 3,1,1,1,
L1-seq_000-c6-10-001710,1,camera_6,1874,1875,62.467,1,532.0 121.0 615.0 380.0,1,0,0.8556,0.8556,1,2,1,1,0,,,1 3,1,1,1,
L1-seq_000-c6-10-001710,1,camera_6,1875,1876,62.5,1,531.0 122.0 615.0 377.0,1,0,0.8471,0.8471,1,2,1,1,0,,,1 3,1,1,1,
L1-seq_000-c6-10-001710,1,camera_6,1876,1877,62.533,1,530.0 122.0 614.0 382.0,1,0,0.8684,0.8684,1,2,1,1,0,,,1 3,1,1,1,
L1-seq_000-c6-10-001710,1,camera_6,1877,1878,62.567,1,531.0 122.0 614.0 382.0,1,0,0.8822,0.8822,1,2,1,1,0,,,1 3,1,1,1,
L1-seq_000-c6-10-001710,1,camera_6,1878,1879,62.6,1,531.0 121.0 613.0 383.0,1,0,0.9037,0.9037,1,2,1,1,0,,,1 3,1,1,1,
L1-seq_000-c6-10-001710,1,camera_6,1879,1880,62.633,1,530.0 121.0 613.0 383.0,1,0,0.9191,0.9191,1,2,1,1,0,,,1 3,1,1,1,
L1-seq_000-c6-10-001710,1,camera_6,1880,1881,62.667,1,530.0 121.0 612.0 383.0,1,0,0.9252,0.9252,1,2,1,1,0,,,1 3,1,1,1,
L1-seq_000-c6-10-001710,1,camera_6,1881,1882,62.7,1,529.0 122.0 612.0 383.0,1,0,0.9366,0.9366,1,2,1,1,0,,,1 3,1,1,1,
L1-seq_000-c6-10-001710,1,camera_6,1882,1883,62.733,1,529.0 121.0 612.0 384.0,1,0,0.8986,0.8986,1,2,1,1,0,,,1 3,1,1,1,
L1-seq_000-c6-10-001710,1,camera_6,1883,1884,62.767,1,528.0 121.0 612.0 384.0,1,0,0.9223,0.9223,1,2,1,1,0,,,1 3,1,1,1,
L1-seq_000-c6-10-001710,1,camera_6,1884,1885,62.8,1,527.0 121.0 613.0 384.0,1,0,0.9171,0.9171,1,2,1,1,0,,,1 3,1,1,1,
L1-seq_000-c6-10-001710,1,camera_6,1885,1886,62.833,1,526.0 122.0 613.0 385.0,1,0,0.9487,0.9487,1,2,1,1,0,,,1 3,1,1,1,
L1-seq_000-c6-10-001710,1,camera_6,1886,1887,62.867,1,525.0 122.0 611.0 389.0,1,0,0.9697,0.9697,1,2,1,1,0,,,1 3,1,1,1,
L1-seq_000-c6-10-001710,1,camera_6,1887,1888,62.9,1,525.0 124.0 607.0 396.0,1,0,0.9194,0.9194,1,2,1,1,0,,,1 3,1,1,1,
L1-seq_000-c6-10-001710,1,camera_6,1888,1889,62.933,1,523.0 125.0 606.0 397.0,1,0,0.9373,0.9373,1,2,1,1,0,,,1 3,1,1,1,
L1-seq_000-c6-10-001710,1,camera_6,1889,1890,62.967,1,522.0 126.0 605.0 399.0,1,0,0.9139,0.9139,1,2,1,1,0,,,1 3,1,1,1,
L1-seq_000-c6-10-001710,1,camera_6,1890,1891,63.0,1,521.0 127.0 604.0 402.0,1,0,0.9414,0.9414,1,2,1,1,0,,,1 3,1,1,1,
L1-seq_000-c6-10-001710,1,camera_6,1891,1892,63.033,1,520.0 129.0 604.0 406.0,1,0,0.953,0.953,1,2,1,1,0,,,1 3,1,1,1,
L1-seq_000-c6-10-001710,1,camera_6,1892,1893,63.067,1,518.0 129.0 602.0 411.0,1,0,0.9515,0.9515,1,2,1,1,0,,,1 3,1,1,1,
L1-seq_000-c6-10-001710,1,camera_6,1893,1894,63.1,1,516.0 130.0 601.0 411.0,1,0,0.9454,0.9454,1,1,1,0,0,,,1,1,1,1,
L1-seq_000-c6-10-001710,1,camera_6,1894,1895,63.133,1,515.0 130.0 598.0 411.0,1,0,0.9431,0.9431,1,1,1,0,0,,,1,1,1,1,
L1-seq_000-c6-10-001710,1,camera_6,1895,1896,63.167,1,514.0 129.0 596.0 411.0,1,0,0.9278,0.9278,1,1,1,0,0,,,1,1,1,1,
L1-seq_000-c6-10-001710,1,camera_6,1896,1897,63.2,1,511.0 129.0 594.0 411.0,1,0,0.9559,0.9559,1,1,1,0,0,,,1,1,1,1,
L1-seq_000-c6-10-001710,1,camera_6,1897,1898,63.233,1,510.0 129.0 593.0 411.0,1,0,0.9606,0.9606,1,1,1,0,0,,,1,1,1,1,
L1-seq_000-c6-10-001710,1,camera_6,1898,1899,63.267,1,508.0 129.0 593.0 411.0,1,0,0.9415,0.9415,1,1,1,0,0,,,1,1,1,1,
L1-seq_000-c6-10-001710,1,camera_6,1899,1900,63.3,1,507.0 129.0 593.0 411.0,1,0,0.9735,0.9735,1,1,1,0,0,,,1,1,1,1,
L1-seq_000-c6-10-001710,1,camera_6,1900,1901,63.333,1,505.0 129.0 593.0 411.0,1,0,0.9539,0.9539,1,1,1,0,0,,,1,1,1,1,
L1-seq_000-c6-10-001710,1,camera_6,1901,1902,63.367,1,504.0 130.0 594.0 412.0,1,0,0.9584,0.9584,1,1,1,0,0,,,1,1,1,1,
L1-seq_000-c6-10-001710,1,camera_6,1902,1903,63.4,1,502.0 131.0 594.0 414.0,1,0,0.9522,0.9522,1,1,1,0,0,,,1,1,1,1,
L1-seq_000-c6-10-001710,1,camera_6,1903,1904,63.433,1,502.0 131.0 594.0 423.0,1,0,0.9787,0.9787,1,1,1,0,0,,,1,1,1,1,
L1-seq_000-c6-10-001710,1,camera_6,1904,1905,63.467,1,499.0 132.0 594.0 429.0,1,0,0.9498,0.9498,1,1,1,0,0,,,1,1,1,1,
L1-seq_000-c6-10-001710,1,camera_6,1905,1906,63.5,1,497.0 133.0 594.0 431.0,1,0,0.9366,0.9366,1,1,1,0,0,,,1,1,1,1,
L1-seq_000-c6-10-001710,1,camera_6,1906,1907,63.533,1,498.0 135.0 594.0 433.0,1,0,0.9486,0.9486,1,1,1,0,0,,,1,1,1,1,
L1-seq_000-c6-10-001710,1,camera_6,1907,1908,63.567,1,500.0 136.0 594.0 436.0,1,0,0.941,0.941,1,1,1,0,0,,,1,1,1,1,
L1-seq_000-c6-10-001710,1,camera_6,1908,1909,63.6,1,499.0 137.0 594.0 441.0,1,0,0.8978,0.8978,1,1,1,0,0,,,1,1,1,1,
L1-seq_000-c6-10-001710,1,camera_6,1909,1910,63.633,1,497.0 139.0 593.0 444.0,1,0,0.9206,0.9206,1,1,1,0,0,,,1,1,1,1,
L1-seq_000-c6-10-001710,1,camera_6,1910,1911,63.667,1,497.0 140.0 592.0 445.0,1,0,0.9363,0.9363,1,1,1,0,0,,,1,1,1,1,
L1-seq_000-c6-10-001710,1,camera_6,1911,1912,63.7,1,497.0 139.0 592.0 446.0,1,0,0.9362,0.9362,1,1,1,0,0,,,1,1,1,1,
L1-seq_000-c6-10-001710,1,camera_6,1912,1913,63.733,1,497.0 139.0 592.0 446.0,1,0,0.9342,0.9342,1,1,1,0,0,,,1,1,1,1,
L1-seq_000-c6-10-001710,1,camera_6,1913,1914,63.767,1,497.0 139.0 591.0 446.0,1,0,0.9694,0.9694,1,1,1,0,0,,,1,1,1,1,
L1-seq_000-c6-10-001710,1,camera_6,1914,1915,63.8,1,497.0 139.0 590.0 446.0,1,0,0.9499,0.9499,1,1,1,0,0,,,1,1,1,1,
L1-seq_000-c6-10-001710,1,camera_6,1915,1916,63.833,1,496.0 139.0 590.0 446.0,1,0,0.9535,0.9535,1,1,1,0,0,,,1,1,1,1,
L1-seq_000-c6-10-001710,1,camera_6,1916,1917,63.867,1,496.0 140.0 591.0 446.0,1,0,0.9492,0.9492,1,1,1,0,0,,,1,1,1,1,
L1-seq_000-c6-10-001710,1,camera_6,1917,1918,63.9,1,496.0 140.0 591.0 446.0,1,0,0.9618,0.9618,1,1,1,0,0,,,1,1,1,1,
L1-seq_000-c6-10-001710,1,camera_6,1918,1919,63.933,1,495.0 140.0 592.0 446.0,1,0,0.99,0.99,1,1,1,0,0,,,1,1,1,1,
L1-seq_000-c6-10-001710,1,camera_6,1919,1920,63.967,1,495.0 140.0 592.0 447.0,1,0,0.9791,0.9791,1,1,1,0,0,,,1,1,1,1,
L1-seq_000-c6-10-001710,1,camera_6,1920,1921,64.0,1,495.0 141.0 592.0 451.0,1,0,0.975,0.975,1,1,1,0,0,,,1,1,1,1,
L1-seq_000-c6-10-001710,1,camera_6,1921,1922,64.033,1,495.0 142.0 591.0 461.0,1,0,0.9661,0.9661,1,1,1,0,0,,,1,1,1,1,
L1-seq_000-c6-10-001710,1,camera_6,1922,1923,64.067,1,496.0 143.0 591.0 468.0,1,0,0.9842,0.9842,1,1,1,0,0,,,1,1,1,1,
L1-seq_000-c6-10-001710,1,camera_6,1923,1924,64.1,1,496.0 144.0 591.0 471.0,1,0,0.9709,0.9709,1,1,1,0,0,,,1,1,1,1,
L1-seq_000-c6-10-001710,1,camera_6,1924,1925,64.133,1,495.0 146.0 589.0 472.0,1,0,0.9637,0.9637,1,1,1,0,0,,,1,1,1,1,
L1-seq_000-c6-10-001710,1,camera_6,1925,1926,64.167,1,495.0 147.0 589.0 475.0,1,0,0.9805,0.9805,1,1,1,0,0,,,1,1,1,1,
L1-seq_000-c6-10-001710,1,camera_6,1926,1927,64.2,1,494.0 149.0 588.0 479.0,1,0,0.9802,0.9802,1,1,1,0,0,,,1,1,1,1,
L1-seq_000-c6-10-001710,1,camera_6,1927,1928,64.233,1,493.0 149.0 588.0 484.0,1,0,0.9595,0.9595,1,1,1,0,0,,,1,1,1,1,
L1-seq_000-c6-10-001710,1,camera_6,1928,1929,64.267,1,492.0 150.0 587.0 487.0,1,0,0.9529,0.9529,1,1,1,0,0,,,1,1,1,1,
L1-seq_000-c6-10-001710,1,camera_6,1929,1930,64.3,1,490.0 150.0 585.0 489.0,1,0,0.9558,0.9558,1,1,1,0,0,,,1,1,1,1,
L1-seq_000-c6-10-001710,1,camera_6,1930,1931,64.333,1,488.0 151.0 583.0 489.0,1,0,0.96,0.96,1,1,1,0,0,,,1,1,1,1,
L1-seq_000-c6-10-001710,1,camera_6,1931,1932,64.367,1,486.0 150.0 582.0 490.0,1,0,0.9599,0.9599,1,1,1,0,0,,,1,1,1,1,
L1-seq_000-c6-10-001710,1,camera_6,1932,1933,64.4,1,484.0 151.0 581.0 490.0,1,0,0.9557,0.9557,1,1,1,0,0,,,1,1,1,1,
L1-seq_000-c6-10-001710,1,camera_6,1933,1934,64.433,1,481.0 151.0 580.0 490.0,1,0,0.9609,0.9609,1,1,1,0,0,,,1,1,1,1,
L1-seq_000-c6-10-001710,1,camera_6,1934,1935,64.467,1,479.0 150.0 580.0 490.0,1,0,0.9557,0.9557,1,1,1,0,0,,,1,1,1,1,
L1-seq_000-c6-10-001710,1,camera_6,1935,1936,64.5,1,477.0 150.0 581.0 490.0,1,0,0.9675,0.9675,1,1,1,0,0,,,1,1,1,1,
L1-seq_000-c6-10-001710,1,camera_6,1936,1937,64.533,1,475.0 150.0 581.0 490.0,1,0,0.974,0.974,1,1,1,0,0,,,1,1,1,1,
L1-seq_000-c6-10-001710,1,camera_6,1937,1938,64.567,1,472.0 152.0 581.0 490.0,1,0,0.9657,0.9657,1,1,1,0,0,,,1,1,1,1,
L1-seq_000-c6-10-001710,1,camera_6,1938,1939,64.6,1,471.0 152.0 581.0 491.0,1,0,0.9732,0.9732,1,1,1,0,0,,,1,1,1,1,
L1-seq_000-c6-10-001710,1,camera_6,1939,1940,64.633,1,470.0 153.0 581.0 502.0,1,0,0.9609,0.9609,1,1,1,0,0,,,1,1,1,1,
L1-seq_000-c6-10-001710,1,camera_6,1940,1941,64.667,1,468.0 155.0 581.0 513.0,1,0,0.9733,0.9733,1,1,1,0,0,,,1,1,1,1,
L1-seq_000-c6-10-001710,1,camera_6,1941,1942,64.7,1,466.0 157.0 581.0 518.0,1,0,0.9645,0.9645,1,1,1,0,0,,,1,1,1,1,
L1-seq_000-c6-10-001710,1,camera_6,1942,1943,64.733,1,464.0 159.0 581.0 519.0,1,0,0.9617,0.9617,1,1,1,0,0,,,1,1,1,1,
L1-seq_000-c6-10-001710,1,camera_6,1943,1944,64.767,1,464.0 162.0 581.0 523.0,1,0,0.9436,0.9436,1,1,1,0,0,,,1,1,1,1,
L1-seq_000-c6-10-001710,1,camera_6,1944,1945,64.8,1,464.0 164.0 580.0 528.0,1,0,0.941,0.941,1,1,1,0,0,,,1,1,1,1,
L1-seq_000-c6-10-001710,1,camera_6,1945,1946,64.833,1,463.0 165.0 580.0 535.0,1,0,0.9637,0.9637,1,1,1,0,0,,,1,1,1,1,
L1-seq_000-c6-10-001710,1,camera_6,1946,1947,64.867,1,463.0 166.0 580.0 538.0,1,0,0.9719,0.9719,1,1,1,0,0,,,1,1,1,1,
L1-seq_000-c6-10-001710,1,camera_6,1947,1948,64.9,1,462.0 167.0 580.0 540.0,1,0,0.9874,0.9874,1,1,1,0,0,,,1,1,1,1,
L1-seq_000-c6-10-001710,1,camera_6,1948,1949,64.933,1,463.0 167.0 580.0 541.0,1,0,0.9715,0.9715,1,1,1,0,0,,,1,1,1,1,
L1-seq_000-c6-10-001710,1,camera_6,1949,1950,64.967,1,464.0 167.0 580.0 541.0,1,0,0.9757,0.9757,1,1,1,0,0,,,1,1,1,1,
L1-seq_000-c6-10-001710,1,camera_6,1950,1951,65.0,1,464.0 167.0 581.0 541.0,1,0,0.9647,0.9647,1,1,1,0,0,,,1,1,1,1,
L1-seq_000-c6-10-001710,1,camera_6,1951,1952,65.033,1,466.0 167.0 582.0 541.0,1,0,0.9832,0.9832,1,1,1,0,0,,,1,1,1,1,
L1-seq_000-c6-10-001710,1,camera_6,1952,1953,65.067,1,466.0 167.0 584.0 542.0,1,0,0.9675,0.9675,1,1,1,0,0,,,1,1,1,1,
L1-seq_000-c6-10-001710,1,camera_6,1953,1954,65.1,1,466.0 168.0 584.0 542.0,1,0,0.9736,0.9736,1,1,1,0,0,,,1,1,1,1,
L1-seq_000-c6-10-001710,1,camera_6,1954,1955,65.133,1,466.0 169.0 586.0 542.0,1,0,0.9814,0.9814,1,1,1,0,0,,,1,1,1,1,
L1-seq_000-c6-10-001710,1,camera_6,1955,1956,65.167,1,466.0 169.0 587.0 543.0,1,0,0.979,0.979,1,1,1,0,0,,,1,1,1,1,
L1-seq_000-c6-10-001710,1,camera_6,1956,1957,65.2,1,466.0 170.0 586.0 546.0,1,0,0.9738,0.9738,1,1,1,0,0,,,1,1,1,1,
L1-seq_000-c6-10-001710,1,camera_6,1957,1958,65.233,1,466.0 171.0 586.0 560.0,1,0,0.9702,0.9702,1,1,1,0,0,,,1,1,1,1,
L1-seq_000-c6-10-001710,1,camera_6,1958,1959,65.267,1,466.0 172.0 586.0 572.0,1,0,0.9809,0.9809,1,1,1,0,0,,,1,1,1,1,
L1-seq_000-c6-10-001710,1,camera_6,1959,1960,65.3,1,466.0 174.0 585.0 580.0,1,0,0.9848,0.9848,1,1,1,0,0,,,1,1,1,1,
L1-seq_000-c6-10-001710,1,camera_6,1960,1961,65.333,1,465.0 176.0 584.0 581.0,1,0,0.9749,0.9749,1,1,1,0,0,,,1,1,1,1,
L1-seq_000-c6-10-001710,1,camera_6,1961,1962,65.367,1,464.0 178.0 582.0 586.0,1,0,0.9765,0.9765,1,1,1,0,0,,,1,1,1,1,
L1-seq_000-c6-10-001710,1,camera_6,1962,1963,65.4,1,462.0 180.0 581.0 590.0,1,0,0.9873,0.9873,1,1,1,0,0,,,1,1,1,1,
L1-seq_000-c6-10-001710,1,camera_6,1963,1964,65.433,1,461.0 182.0 580.0 596.0,1,0,0.9802,0.9802,1,1,1,0,0,,,1,1,1,1,
L1-seq_000-c6-10-001710,1,camera_6,1964,1965,65.467,1,458.0 184.0 579.0 601.0,1,0,0.9756,0.9756,1,1,1,0,0,,,1,1,1,1,
L1-seq_000-c6-10-001710,1,camera_6,1965,1966,65.5,1,457.0 186.0 576.0 604.0,1,0,0.9815,0.9815,1,1,1,0,0,,,1,1,1,1,
L1-seq_000-c6-10-001710,1,camera_6,1966,1967,65.533,1,455.0 185.0 574.0 606.0,1,0,0.9843,0.9843,1,1,1,0,0,,,1,1,1,1,
L1-seq_000-c6-10-001710,1,camera_6,1967,1968,65.567,1,453.0 185.0 571.0 606.0,1,0,0.9769,0.9769,1,1,1,0,0,,,1,1,1,1,
L1-seq_000-c6-10-001710,1,camera_6,1968,1969,65.6,1,449.0 185.0 570.0 605.0,1,0,0.9668,0.9668,1,1,1,0,0,,,1,1,1,1,
L1-seq_000-c6-10-001710,1,camera_6,1969,1970,65.633,1,445.0 186.0 570.0 606.0,1,0,0.972,0.972,1,1,1,0,0,,,1,1,1,1,
L1-seq_000-c6-10-001710,1,camera_6,1970,1971,65.667,1,441.0 186.0 569.0 606.0,1,0,0.9652,0.9652,1,1,1,0,0,,,1,1,1,1,
L1-seq_000-c6-10-001710,1,camera_6,1971,1972,65.7,1,436.0 186.0 569.0 606.0,1,0,0.9769,0.9769,1,1,1,0,0,,,1,1,1,1,
L1-seq_000-c6-10-001710,1,camera_6,1972,1973,65.733,1,432.0 187.0 570.0 605.0,1,0,0.9718,0.9718,1,1,1,0,0,,,1,1,1,1,
L1-seq_000-c6-10-001710,1,camera_6,1973,1974,65.767,1,427.0 188.0 571.0 606.0,1,0,0.9649,0.9649,1,1,1,0,0,,,1,1,1,1,
L1-seq_000-c6-10-001710,1,camera_6,1974,1975,65.8,1,422.0 189.0 571.0 613.0,1,0,0.9726,0.9726,1,1,1,0,0,,,1,1,1,1,
L1-seq_000-c6-10-001710,1,camera_6,1975,1976,65.833,1,418.0 192.0 571.0 631.0,1,0,0.9777,0.9777,1,1,1,0,0,,,1,1,1,1,
L1-seq_000-c6-10-001710,1,camera_6,1976,1977,65.867,1,416.0 193.0 571.0 644.0,1,0,0.9648,0.9648,1,1,1,0,0,,,1,1,1,1,
L1-seq_000-c6-10-001710,1,camera_6,1977,1978,65.9,1,410.0 195.0 571.0 653.0,1,0,0.9761,0.9761,1,1,1,0,0,,,1,1,1,1,
L1-seq_000-c6-10-001710,1,camera_6,1978,1979,65.933,1,407.0 198.0 571.0 656.0,1,0,0.9772,0.9772,1,1,1,0,0,,,1,1,1,1,
L1-seq_000-c6-10-001710,1,camera_6,1979,1980,65.967,1,405.0 201.0 569.0 661.0,1,0,0.9754,0.9754,1,1,1,0,0,,,1,1,1,1,
L1-seq_000-c6-10-001710,1,camera_6,1980,1981,66.0,1,403.0 203.0 569.0 666.0,1,0,0.9749,0.9749,1,1,1,0,0,,,1,1,1,1,
L1-seq_000-c6-10-001710,1,camera_6,1981,1982,66.033,1,403.0 205.0 567.0 672.0,1,0,0.9542,0.9542,1,1,1,0,0,,,1,1,1,1,
L1-seq_000-c6-10-001710,1,camera_6,1982,1983,66.067,1,403.0 206.0 566.0 677.0,1,0,0.9641,0.9641,1,1,1,0,0,,,1,1,1,1,
L1-seq_000-c6-10-001710,1,camera_6,1983,1984,66.1,1,404.0 207.0 565.0 679.0,1,0,0.9828,0.9828,1,1,1,0,0,,,1,1,1,1,
L1-seq_000-c6-10-001710,1,camera_6,1984,1985,66.133,1,406.0 207.0 564.0 680.0,1,0,0.9736,0.9736,1,1,1,0,0,,,1,1,1,1,
L1-seq_000-c6-10-001710,1,camera_6,1985,1986,66.167,1,407.0 208.0 562.0 680.0,1,0,0.9802,0.9802,1,1,1,0,0,,,1,1,1,1,
L1-seq_000-c6-10-001710,1,camera_6,1986,1987,66.2,1,409.0 209.0 561.0 680.0,1,0,0.9784,0.9784,1,1,1,0,0,,,1,1,1,1,
L1-seq_000-c6-10-001710,1,camera_6,1987,1988,66.233,1,410.0 210.0 558.0 680.0,1,0,0.9781,0.9781,1,1,1,0,0,,,1,1,1,1,
L1-seq_000-c6-10-001710,1,camera_6,1988,1989,66.267,1,410.0 211.0 557.0 680.0,1,0,0.9764,0.9764,1,1,1,0,0,,,1,1,1,1,
L1-seq_000-c6-10-001710,1,camera_6,1989,1990,66.3,1,409.0 212.0 556.0 680.0,1,0,0.9739,0.9739,1,1,1,0,0,,,1,1,1,1,
L1-seq_000-c6-10-001710,1,camera_6,1990,1991,66.333,1,408.0 213.0 556.0 681.0,1,0,0.9895,0.9895,1,1,1,0,0,,,1,1,1,1,
L1-seq_000-c6-10-001710,1,camera_6,1991,1992,66.367,1,408.0 215.0 557.0 681.0,1,0,0.9879,0.9879,1,1,1,0,0,,,1,1,1,1,
L1-seq_000-c6-10-001710,1,camera_6,1992,1993,66.4,1,407.0 217.0 555.0 694.0,1,0,0.9861,0.9861,1,1,1,0,0,,,1,1,1,1,
L1-seq_000-c6-10-001710,1,camera_6,1993,1994,66.433,1,407.0 220.0 554.0 713.0,1,0,0.991,0.991,1,1,1,0,0,,,1,1,1,1,
L1-seq_000-c6-10-001710,1,camera_6,1994,1995,66.467,1,406.0 221.0 554.0 716.0,1,0,0.9798,0.9798,1,1,1,0,0,,,1,1,1,1,
L1-seq_000-c6-10-001710,1,camera_6,1995,1996,66.5,1,405.0 225.0 552.0 714.0,1,0,0.9664,0.9664,1,1,1,0,0,,,1,1,1,1,
L1-seq_000-c6-10-001710,1,camera_6,1996,1997,66.533,1,402.0 228.0 549.0 715.0,1,0,0.9583,0.9583,1,1,1,0,0,,,1,1,1,1,
L1-seq_000-c6-10-001710,1,camera_6,1997,1998,66.567,1,400.0 232.0 547.0 715.0,1,0,0.9632,0.9632,1,1,1,0,0,,,1,1,1,1,
L1-seq_000-c6-10-001710,1,camera_6,1998,1999,66.6,1,397.0 236.0 545.0 716.0,1,0,0.9978,0.9978,1,1,1,0,0,,,1,1,1,1,
L1-seq_000-c6-10-001710,1,camera_6,1999,2000,66.633,1,392.0 239.0 542.0 716.0,1,0,0.9616,0.9616,1,1,1,0,0,,,1,1,1,1,
L1-seq_000-c6-10-001710,1,camera_6,2000,2001,66.667,1,389.0 242.0 540.0 714.0,1,0,0.9814,0.9814,1,1,1,0,0,,,1,1,1,1,
L1-seq_000-c6-10-001710,1,camera_6,2001,2002,66.7,1,385.0 244.0 536.0 716.0,1,0,0.9796,0.9796,1,1,1,0,0,,,1,1,1,1,
L1-seq_000-c6-10-001710,1,camera_6,2002,2003,66.733,1,381.0 245.0 533.0 717.0,1,0,0.9868,0.9868,1,1,1,0,0,,,1,1,1,1,
L1-seq_000-c6-10-001710,1,camera_6,2003,2004,66.767,1,375.0 246.0 528.0 715.0,1,0,0.9773,0.9773,1,1,1,0,0,,,1,1,1,1,
L1-seq_000-c6-10-001710,1,camera_6,2004,2005,66.8,1,369.0 247.0 525.0 716.0,1,0,0.9761,0.9761,1,1,1,0,0,,,1,1,1,1,
L1-seq_000-c6-10-001710,1,camera_6,2005,2006,66.833,1,362.0 248.0 522.0 715.0,1,0,0.9842,0.9842,1,1,1,0,0,,,1,1,1,1,
L1-seq_000-c6-10-001710,1,camera_6,2006,2007,66.867,1,356.0 250.0 521.0 715.0,1,0,0.982,0.982,1,1,1,0,0,,,1,1,1,1,
L1-seq_000-c6-10-001710,1,camera_6,2007,2008,66.9,1,350.0 250.0 522.0 716.0,1,0,0.9698,0.9698,1,1,1,0,0,,,1,1,1,1,
L1-seq_000-c6-10-001710,1,camera_6,2008,2009,66.933,1,345.0 252.0 523.0 715.0,1,0,0.9792,0.9792,1,1,1,0,0,,,1,1,1,1,
L1-seq_000-c6-10-001710,1,camera_6,2009,2010,66.967,1,341.0 253.0 524.0 714.0,1,0,0.9817,0.9817,1,1,1,0,0,,,1,1,1,1,
L1-seq_000-c6-10-001710,1,camera_6,2010,2011,67.0,1,335.0 256.0 525.0 715.0,1,0,0.9795,0.9795,1,1,1,0,0,,,1,1,1,1,
L1-seq_000-c6-10-001710,1,camera_6,2011,2012,67.033,1,330.0 259.0 526.0 715.0,1,0,0.982,0.982,1,1,1,0,0,,,1,1,1,1,
L1-seq_000-c6-10-001710,1,camera_6,2012,2013,67.067,1,325.0 263.0 525.0 714.0,1,0,0.9757,0.9757,1,1,1,0,0,,,1,1,1,1,
L1-seq_000-c6-10-001710,1,camera_6,2013,2014,67.1,1,320.0 266.0 525.0 714.0,1,0,0.9781,0.9781,1,1,1,0,0,,,1,1,1,1,
L1-seq_000-c6-10-001710,1,camera_6,2014,2015,67.133,1,313.0 271.0 525.0 715.0,1,0,0.9846,0.9846,1,1,1,0,0,,,1,1,1,1,
L1-seq_000-c6-10-001710,1,camera_6,2015,2016,67.167,1,308.0 277.0 524.0 714.0,1,0,0.9615,0.9615,1,1,1,0,0,,,1,1,1,1,
L1-seq_000-c6-10-001710,1,camera_6,2016,2017,67.2,1,305.0 281.0 523.0 715.0,1,0,0.9596,0.9596,1,1,1,0,0,,,1,1,1,1,
L1-seq_000-c6-10-001710,1,camera_6,2017,2018,67.233,1,304.0 286.0 521.0 715.0,1,0,0.9688,0.9688,1,1,1,0,0,,,1,1,1,1,
L1-seq_000-c6-10-001710,1,camera_6,2018,2019,67.267,1,303.0 288.0 519.0 715.0,1,0,0.9882,0.9882,1,1,1,0,0,,,1,1,1,1,
L1-seq_000-c6-10-001710,1,camera_6,2019,2020,67.3,1,303.0 290.0 516.0 715.0,1,0,0.992,0.992,1,1,1,0,0,,,1,1,1,1,
L1-seq_000-c6-10-001710,1,camera_6,2020,2021,67.333,1,304.0 292.0 514.0 715.0,1,0,0.9901,0.9901,1,1,1,0,0,,,1,1,1,1,
L1-seq_000-c6-10-001710,1,camera_6,2021,2022,67.367,1,304.0 293.0 511.0 715.0,1,0,0.9873,0.9873,1,1,1,0,0,,,1,1,1,1,
L1-seq_000-c6-10-001710,1,camera_6,2022,2023,67.4,1,303.0 296.0 508.0 714.0,1,0,0.9807,0.9807,1,1,1,0,0,,,1,1,1,1,
L1-seq_000-c6-10-001710,1,camera_6,2023,2024,67.433,1,300.0 299.0 506.0 714.0,1,0,0.9873,0.9873,1,1,1,0,0,,,1,1,1,1,
L1-seq_000-c6-10-001710,1,camera_6,2024,2025,67.467,1,297.0 302.0 504.0 714.0,1,0,0.9923,0.9923,1,1,1,0,0,,,1,1,1,1,
L1-seq_000-c6-10-001710,1,camera_6,2025,2026,67.5,1,295.0 304.0 503.0 714.0,1,0,0.988,0.988,1,1,1,0,0,,,1,1,1,1,
L1-seq_000-c6-10-001710,1,camera_6,2026,2027,67.533,1,294.0 307.0 501.0 714.0,1,0,0.973,0.973,1,1,1,0,0,,,1,1,1,1,
L1-seq_000-c6-10-001710,1,camera_6,2027,2028,67.567,1,293.0 311.0 500.0 714.0,1,0,0.9891,0.9891,1,1,1,0,0,,,1,1,1,1,
L1-seq_000-c6-10-001710,1,camera_6,2028,2029,67.6,1,292.0 315.0 498.0 714.0,1,0,0.9794,0.9794,1,1,1,0,0,,,1,1,1,1,
L1-seq_000-c6-10-001710,1,camera_6,2029,2030,67.633,1,290.0 320.0 496.0 714.0,1,0,0.9657,0.9657,1,1,1,0,0,,,1,1,1,1,
L1-seq_000-c6-10-001710,1,camera_6,2030,2031,67.667,1,288.0 327.0 493.0 714.0,1,0,0.9645,0.9645,1,1,1,0,0,,,1,1,1,1,
L1-seq_000-c6-10-001710,1,camera_6,2031,2032,67.7,1,284.0 332.0 489.0 714.0,1,0,0.9734,0.9734,1,1,1,0,0,,,1,1,1,1,
L1-seq_000-c6-10-001710,1,camera_6,2032,2033,67.733,1,280.0 339.0 485.0 714.0,1,0,0.9751,0.9751,1,1,1,0,0,,,1,1,1,1,
L1-seq_000-c6-10-001710,1,camera_6,2033,2034,67.767,1,274.0 347.0 481.0 715.0,1,0,0.9793,0.9793,1,1,1,0,0,,,1,1,1,1,
L1-seq_000-c6-10-001710,1,camera_6,2034,2035,67.8,1,268.0 354.0 476.0 715.0,1,0,0.9593,0.9593,1,1,1,0,0,,,1,1,1,1,
L1-seq_000-c6-10-001710,1,camera_6,2035,2036,67.833,1,263.0 361.0 470.0 715.0,1,0,0.978,0.978,1,1,1,0,0,,,1,1,1,1,
L1-seq_000-c6-10-001710,1,camera_6,2036,2037,67.867,1,255.0 365.0 464.0 715.0,1,0,0.9816,0.9816,1,1,1,0,0,,,1,1,1,1,
L1-seq_000-c6-10-001710,1,camera_6,2037,2038,67.9,1,246.0 370.0 457.0 715.0,1,0,0.9623,0.9623,1,1,1,0,0,,,1,1,1,1,
L1-seq_000-c6-10-001710,1,camera_6,2038,2039,67.933,1,238.0 374.0 449.0 715.0,1,0,0.9646,0.9646,1,1,1,0,0,,,1,1,1,1,
L1-seq_000-c6-10-001710,1,camera_6,2039,2040,67.967,1,228.0 378.0 443.0 715.0,1,0,0.97,0.97,1,1,1,0,0,,,1,1,1,1,
L1-seq_000-c6-10-001710,1,camera_6,2040,2041,68.0,1,218.0 383.0 437.0 715.0,1,0,0.9747,0.9747,1,1,1,0,0,,,1,1,1,1,
L1-seq_000-c6-10-001710,1,camera_6,2041,2042,68.033,1,208.0 387.0 432.0 715.0,1,0,0.9752,0.9752,1,1,1,0,0,,,1,1,1,1,
L1-seq_000-c6-10-001710,1,camera_6,2042,2043,68.067,1,198.0 390.0 428.0 715.0,1,0,0.9573,0.9573,1,1,1,0,0,,,1,1,1,1,
L1-seq_000-c6-10-001710,1,camera_6,2043,2044,68.1,1,189.0 394.0 426.0 715.0,1,0,0.9808,0.9808,1,1,1,0,0,,,1,1,1,1,
L1-seq_000-c6-10-001710,1,camera_6,2044,2045,68.133,1,180.0 399.0 423.0 715.0,1,0,0.971,0.971,1,1,1,0,0,,,1,1,1,1,
L1-seq_000-c6-10-001710,1,camera_6,2045,2046,68.167,1,172.0 404.0 418.0 715.0,1,0,0.9538,0.9538,1,1,1,0,0,,,1,1,1,1,
L1-seq_000-c6-10-001710,1,camera_6,2046,2047,68.2,1,163.0 410.0 414.0 715.0,1,0,0.984,0.984,1,1,1,0,0,,,1,1,1,1,
L1-seq_000-c6-10-001710,1,camera_6,2047,2048,68.233,1,155.0 418.0 408.0 716.0,1,0,0.9784,0.9784,1,1,1,0,0,,,1,1,1,1,
L1-seq_000-c6-10-001710,1,camera_6,2048,2049,68.267,1,149.0 426.0 404.0 716.0,1,0,0.9897,0.9897,1,1,1,0,0,,,1,1,1,1,
L1-seq_000-c6-10-001710,1,camera_6,2049,2050,68.3,1,142.0 438.0 400.0 716.0,1,0,0.985,0.985,1,1,1,0,0,,,1,1,1,1,
L1-seq_000-c6-10-001710,1,camera_6,2050,2051,68.333,1,136.0 449.0 396.0 715.0,1,0,0.9798,0.9798,1,1,1,0,0,,,1,1,1,1,
L1-seq_000-c6-10-001710,1,camera_6,2051,2052,68.367,1,131.0 461.0 391.0 715.0,1,0,0.9804,0.9804,1,1,1,0,0,,,1,1,1,1,
L1-seq_000-c6-10-001710,1,camera_6,2052,2053,68.4,1,126.0 472.0 376.0 715.0,1,0,0.9722,0.9722,1,1,1,0,0,,,1,1,1,1,
L1-seq_000-c6-10-001710,1,camera_6,2053,2054,68.433,1,121.0 482.0 366.0 715.0,1,0,0.9714,0.9714,1,1,1,0,0,,,1,1,1,1,
L1-seq_000-c6-10-001710,1,camera_6,2054,2055,68.467,1,119.0 490.0 358.0 715.0,1,0,0.968,0.968,1,1,1,0,0,,,1,1,1,1,
L1-seq_000-c6-10-001710,1,camera_6,2055,2056,68.5,1,114.0 495.0 350.0 715.0,1,0,0.9752,0.9752,1,1,1,0,0,,,1,1,1,1,
L1-seq_000-c6-10-001710,1,camera_6,2056,2057,68.533,1,107.0 503.0 340.0 715.0,1,0,0.969,0.969,1,1,1,0,0,,,1,1,1,1,
L1-seq_000-c6-10-001710,1,camera_6,2057,2058,68.567,1,101.0 510.0 331.0 716.0,1,0,0.9698,0.9698,1,1,1,0,0,,,1,1,1,1,
L1-seq_000-c6-10-001710,1,camera_6,2058,2059,68.6,1,93.0 517.0 318.0 716.0,1,0,0.9686,0.9686,1,1,1,0,0,,,1,1,1,1,
L1-seq_000-c6-10-001710,1,camera_6,2059,2060,68.633,1,82.0 525.0 303.0 717.0,1,0,0.9684,0.9684,1,1,1,0,0,,,1,1,1,1,
L1-seq_000-c6-10-001710,1,camera_6,2060,2061,68.667,1,71.0 533.0 291.0 717.0,1,0,0.9821,0.9821,1,1,1,0,0,,,1,1,1,1,
L1-seq_000-c6-10-001710,1,camera_6,2061,2062,68.7,1,61.0 541.0 278.0 718.0,1,0,0.9879,0.9879,1,1,1,0,0,,,1,1,1,1,
L1-seq_000-c6-10-001710,1,camera_6,2062,2063,68.733,1,50.0 550.0 261.0 718.0,1,0,0.9867,0.9867,1,1,1,0,0,,,1,1,1,1,
L1-seq_000-c6-10-001710,1,camera_6,2063,2064,68.767,1,39.0 560.0 241.0 718.0,1,0,0.9725,0.9725,1,1,1,0,0,,,1,1,1,1,
L1-seq_000-c6-10-001710,1,camera_6,2064,2065,68.8,1,28.0 569.0 209.0 718.0,1,0,0.9745,0.9745,1,1,1,0,0,,,1,1,1,1,
L1-seq_000-c6-10-001710,1,camera_6,2065,2066,68.833,1,17.0 579.0 181.0 718.0,1,0,0.9329,0.9329,1,1,1,0,0,,,1,1,1,1,
