seq,fid,cam,tid,layer,want,actual,actual_outcome,E1_choice,E1_outcome,E1_want_score,E2_choice,E2_outcome,E2_want_score,E3_choice,E3_outcome,E3_want_score
seq_000,0,camera_1,0,L0_first,,,開新,,開新,,,開新,,,開新,
seq_000,0,camera_1,1,L1_ghost,,,開新,,開新,,,開新,,,開新,
seq_000,0,camera_2,0,L0_first,,,開新,,開新,,,開新,,,開新,
seq_000,0,camera_2,1,L0_first,,,開新,,開新,,,開新,,,開新,
seq_000,0,camera_3,0,L2_not_in_candidates,1,4,錯,4,錯,,4,錯,,4,錯,
seq_000,0,camera_3,1,L0_first,,4,錯,4,錯,,4,錯,,4,錯,
seq_000,0,camera_3,2,L0_first,,4,錯,4,錯,,4,錯,,4,錯,
seq_000,0,camera_3,3,L3_not_top1,3,4,錯,4,錯,,4,錯,,4,錯,
seq_000,0,camera_4,0,L0_first,,4,錯,4,錯,,4,錯,,4,錯,
seq_000,0,camera_5,0,OK,4,4,對,4,對,5.0,4,對,3.806,4,對,5.0
seq_000,0,camera_5,1,OK,4,4,對,4,對,5.0,4,對,3.806,4,對,5.0
seq_000,0,camera_6,0,L0_first,,4,錯,4,錯,,4,錯,,4,錯,
seq_000,20,camera_1,2,L2_not_in_candidates,4,,開新,,開新,,,開新,,,開新,
seq_000,20,camera_2,2,OK,4,4,對,4,對,5.0,4,對,3.806,4,對,5.0
seq_000,45,camera_6,1,L1_ghost,,4,錯,,開新,,,開新,,,開新,
seq_000,55,camera_5,2,OK,4,4,對,4,對,5.0,4,對,3.806,4,對,5.0
seq_000,90,camera_5,3,L2_not_in_candidates,5,4,錯,4,錯,,4,錯,,4,錯,
seq_000,110,camera_5,4,L1_ghost,,4,錯,,開新,,,開新,,,開新,
seq_000,115,camera_5,5,L1_ghost,,4,錯,,開新,,,開新,,,開新,
seq_000,160,camera_4,1,OK,4,4,對,4,對,3.901,4,對,2.708,4,對,3.901
seq_000,170,camera_1,3,L2_not_in_candidates,4,,開新,,開新,,,開新,-2.413,2,錯,-1.219
seq_000,170,camera_7,0,L2_not_in_candidates,4,,開新,,開新,,,開新,-2.413,,開新,-1.219
seq_000,180,camera_2,3,OK,4,4,對,4,對,4.307,4,對,3.113,4,對,4.307
seq_000,265,camera_3,4,L1_ghost,,4,錯,,開新,,4,錯,,4,錯,
seq_000,270,camera_6,2,OK,4,4,對,4,對,3.208,4,對,2.014,4,對,3.208
seq_000,335,camera_5,6,OK,4,4,對,4,對,5.0,4,對,3.806,4,對,5.0
seq_000,360,camera_2,4,L1_ghost,,4,錯,,開新,,,開新,,,開新,
seq_000,380,camera_6,3,L1_ghost,,4,錯,,開新,,,開新,,,開新,
seq_000,385,camera_7,1,L2_not_in_candidates,4,,開新,,開新,,,開新,-2.418,,開新,-1.224
seq_000,390,camera_3,5,L2_not_in_candidates,6,4,錯,4,錯,,4,錯,,4,錯,
seq_000,430,camera_6,4,L1_ghost,,4,錯,,開新,,,開新,,,開新,
seq_000,470,camera_5,7,OK,4,4,對,4,對,4.307,4,對,3.113,4,對,4.307
seq_000,475,camera_6,5,OK,4,4,對,4,對,3.391,4,對,2.197,4,對,3.391
seq_000,515,camera_5,8,OK,4,4,對,4,對,4.307,4,對,3.113,4,對,4.307
seq_000,570,camera_6,6,L3_not_top1,8,4,錯,4,錯,,4,錯,-2.585,4,錯,-1.391
seq_000,600,camera_6,7,L1_ghost,,4,錯,,開新,,,開新,,,開新,
seq_000,620,camera_7,2,L2_not_in_candidates,4,,開新,,開新,,,開新,-2.357,,開新,-1.164
seq_000,625,camera_5,9,L1_ghost,,4,錯,,開新,,4,錯,,4,錯,
seq_000,655,camera_6,8,L1_ghost,,4,錯,,開新,,4,錯,,4,錯,
seq_000,665,camera_7,3,L2_not_in_candidates,4,,開新,,開新,,,開新,1.279,4,對,2.473
seq_000,730,camera_5,10,L1_ghost,,4,錯,,開新,,4,錯,,4,錯,
seq_000,765,camera_5,11,L1_ghost,,4,錯,,開新,,,開新,,4,錯,
seq_000,770,camera_7,4,L4_below_threshold,7,,開新,,開新,-0.727,,開新,-1.921,,開新,-0.727
seq_000,855,camera_3,6,OK,4,4,對,4,對,3.391,4,對,2.197,4,對,3.391
seq_000,870,camera_4,2,OK,4,4,對,4,對,4.307,4,對,3.113,4,對,4.307
seq_000,925,camera_2,5,OK,4,4,對,4,對,5.0,4,對,3.806,4,對,5.0
seq_000,925,camera_6,9,L2_not_in_candidates,11,4,錯,4,錯,,4,錯,-2.442,4,錯,-1.248
seq_000,930,camera_5,12,L1_ghost,,4,錯,,開新,,,開新,,,開新,
seq_000,935,camera_6,10,L1_ghost,,4,錯,,開新,,,開新,,,開新,
seq_000,950,camera_2,6,OK,4,4,對,4,對,5.0,4,對,3.806,4,對,5.0
seq_000,955,camera_1,4,L1_ghost,,,開新,,開新,,,開新,,,開新,
seq_000,955,camera_7,5,L2_not_in_candidates,10,,開新,,開新,,,開新,-2.1,,開新,-0.906
seq_000,965,camera_6,11,L1_ghost,,4,錯,,開新,,,開新,,,開新,
seq_000,1030,camera_6,12,OK,4,4,對,4,對,3.391,4,對,2.197,4,對,3.391
seq_000,1035,camera_6,13,L2_not_in_candidates,9,4,錯,4,錯,,4,錯,,4,錯,
seq_000,1045,camera_5,13,OK,4,4,對,4,對,5.0,4,對,3.806,4,對,5.0
seq_000,1045,camera_6,14,L1_ghost,,4,錯,,開新,,4,錯,,4,錯,
seq_000,1060,camera_4,3,OK,4,4,對,4,對,4.307,4,對,3.113,4,對,4.307
seq_000,1095,camera_7,6,L2_not_in_candidates,4,,開新,,開新,,,開新,-0.091,9,錯,1.103
seq_000,1100,camera_6,15,L2_not_in_candidates,13,4,錯,4,錯,,4,錯,,4,錯,
seq_000,1115,camera_5,14,OK,4,4,對,4,對,5.0,4,對,3.806,4,對,5.0
seq_000,1115,camera_6,16,L1_ghost,,4,錯,,開新,,,開新,,4,錯,
seq_000,1120,camera_6,17,L1_ghost,,4,錯,,開新,,,開新,,4,錯,
seq_000,1125,camera_4,4,OK,4,4,對,4,對,5.0,4,對,3.806,4,對,5.0
seq_000,1220,camera_5,15,OK,4,4,對,4,對,5.0,4,對,3.806,4,對,5.0
seq_000,1230,camera_6,18,OK,4,4,對,4,對,3.614,4,對,2.42,4,對,3.614
seq_000,1235,camera_2,7,OK,4,4,對,4,對,5.0,4,對,3.806,4,對,5.0
seq_000,1265,camera_1,5,L2_not_in_candidates,4,,開新,,開新,,,開新,-2.413,,開新,-1.219
seq_000,1265,camera_1,6,L1_ghost,,,開新,,開新,,,開新,,,開新,
seq_000,1270,camera_3,7,L2_not_in_candidates,15,4,錯,4,錯,,4,錯,,4,錯,
seq_000,1290,camera_5,16,L1_ghost,,4,錯,,開新,,,開新,,,開新,
seq_000,1310,camera_5,17,OK,4,4,對,4,對,5.0,4,對,3.806,4,對,5.0
seq_000,1320,camera_2,8,OK,4,4,對,4,對,4.307,4,對,3.113,4,對,4.307
seq_000,1335,camera_6,19,L1_ghost,,4,錯,,開新,,,開新,,,開新,
seq_000,1360,camera_4,5,OK,4,4,對,4,對,4.307,4,對,3.113,4,對,4.307
seq_000,1370,camera_7,7,L2_not_in_candidates,4,,開新,,開新,,,開新,1.479,4,對,2.672
seq_000,1410,camera_5,18,L1_ghost,,4,錯,,開新,,,開新,,,開新,
seq_000,1430,camera_2,9,OK,4,4,對,4,對,5.0,4,對,3.806,4,對,5.0
seq_000,1435,camera_5,19,OK,4,4,對,4,對,5.0,4,對,3.806,4,對,5.0
seq_000,1455,camera_6,20,L2_not_in_candidates,14,4,錯,4,錯,,4,錯,,4,錯,
seq_000,1480,camera_4,6,OK,4,4,對,4,對,4.307,4,對,3.113,4,對,4.307
seq_000,1500,camera_6,21,L1_ghost,,4,錯,,開新,,,開新,,,開新,
seq_000,1505,camera_5,20,L1_ghost,,4,錯,,開新,,,開新,,,開新,
seq_000,1520,camera_5,21,L1_ghost,,4,錯,,開新,,4,錯,,4,錯,
seq_000,1525,camera_4,7,OK,4,4,對,4,對,4.307,4,對,3.113,4,對,4.307
seq_000,1585,camera_5,22,OK,4,4,對,4,對,5.0,4,對,3.806,4,對,5.0
seq_000,1595,camera_5,23,L1_ghost,,4,錯,,開新,,,開新,,4,錯,
seq_000,1710,camera_5,24,OK,4,4,對,4,對,5.0,4,對,3.806,4,對,5.0
seq_000,1715,camera_6,22,L2_not_in_candidates,17,4,錯,4,錯,,4,錯,,4,錯,
seq_000,1730,camera_6,23,L1_ghost,,4,錯,,開新,,,開新,,,開新,
seq_000,1825,camera_2,10,OK,4,4,對,4,對,5.0,4,對,3.806,4,對,5.0
seq_000,1840,camera_1,7,L2_not_in_candidates,4,,開新,,開新,,,開新,-2.642,,開新,-1.448
seq_000,1840,camera_3,8,L2_not_in_candidates,18,4,錯,4,錯,,4,錯,,4,錯,
seq_000,1915,camera_7,8,L2_not_in_candidates,4,,開新,,開新,,,開新,1.385,4,對,2.579
seq_000,1975,camera_2,11,OK,4,4,對,4,對,5.0,4,對,3.806,4,對,5.0
seq_000,1980,camera_2,12,OK,4,4,對,4,對,5.0,4,對,3.806,4,對,5.0
seq_000,2035,camera_1,8,L2_not_in_candidates,4,,開新,,開新,,18,錯,-2.427,18,錯,-1.233
seq_000,2050,camera_5,25,OK,4,4,對,4,對,5.0,4,對,3.806,4,對,5.0
seq_000,2065,camera_1,9,L1_ghost,,,開新,,開新,,,開新,,18,錯,
seq_000,2070,camera_5,26,L1_ghost,,4,錯,,開新,,,開新,,,開新,
seq_000,2100,camera_4,8,OK,4,4,對,4,對,4.307,4,對,3.113,4,對,4.307
seq_000,2100,camera_5,27,L2_not_in_candidates,20,4,錯,4,錯,,4,錯,,4,錯,
seq_000,2145,camera_5,28,L3_not_top1,19,4,錯,4,錯,,4,錯,-1.108,4,錯,0.086
seq_000,2155,camera_2,13,OK,4,4,對,4,對,4.307,4,對,3.113,4,對,4.307
seq_000,2200,camera_4,9,OK,4,4,對,4,對,4.307,4,對,3.113,4,對,4.307
seq_000,2210,camera_5,29,L1_ghost,,4,錯,,開新,,,開新,,,開新,
seq_000,2215,camera_5,30,L1_ghost,,4,錯,,開新,,,開新,,,開新,
seq_000,2240,camera_5,31,L1_ghost,,4,錯,,開新,,,開新,,,開新,
seq_000,2250,camera_6,24,OK,4,4,對,4,對,2.921,4,對,1.727,4,對,2.921
seq_000,2255,camera_2,14,OK,4,4,對,4,對,5.0,4,對,3.806,4,對,5.0
seq_000,2260,camera_5,32,L1_ghost,,4,錯,,開新,,,開新,,,開新,
seq_000,2265,camera_5,33,L1_ghost,,4,錯,,開新,,4,錯,,4,錯,
seq_000,2295,camera_5,34,L1_ghost,,4,錯,,開新,,,開新,,4,錯,
seq_000,2300,camera_4,10,OK,4,4,對,4,對,5.0,4,對,3.806,4,對,5.0
seq_000,2325,camera_5,35,OK,4,4,對,4,對,5.0,4,對,3.806,4,對,5.0
seq_000,2330,camera_5,36,OK,4,4,對,4,對,5.0,4,對,3.806,4,對,5.0
seq_000,2330,camera_6,25,L1_ghost,,,開新,,開新,,,開新,,,開新,
seq_000,2355,camera_5,37,OK,4,4,對,4,對,5.0,4,對,3.806,4,對,5.0
seq_000,2360,camera_5,38,L1_ghost,,4,錯,,開新,,4,錯,,4,錯,
seq_000,2380,camera_7,9,L2_not_in_candidates,4,,開新,,開新,,,開新,1.279,22,錯,2.473
seq_000,2395,camera_2,15,OK,4,4,對,4,對,5.0,4,對,3.806,4,對,5.0
seq_000,2430,camera_5,39,L1_ghost,,4,錯,,開新,,,開新,,4,錯,
seq_000,2440,camera_5,40,L1_ghost,,4,錯,,開新,,4,錯,,4,錯,
seq_000,2465,camera_4,11,OK,4,4,對,4,對,5.0,4,對,3.806,4,對,5.0
seq_000,2515,camera_2,16,OK,4,4,對,4,對,5.0,4,對,3.806,4,對,5.0
seq_000,2555,camera_5,41,OK,4,4,對,4,對,5.0,4,對,3.806,4,對,5.0
seq_000,2595,camera_5,42,L1_ghost,,4,錯,,開新,,,開新,,,開新,
seq_000,2620,camera_6,26,OK,4,4,對,4,對,2.921,4,對,1.727,4,對,2.921
seq_000,2645,camera_4,12,OK,4,4,對,4,對,5.0,4,對,3.806,4,對,5.0
seq_000,2685,camera_2,17,OK,4,4,對,4,對,5.0,4,對,3.806,4,對,5.0
seq_000,2730,camera_6,27,L1_ghost,,4,錯,,開新,,,開新,,,開新,
seq_000,2760,camera_7,10,L2_not_in_candidates,4,,開新,,開新,,,開新,-2.413,,開新,-1.219
seq_000,2775,camera_5,43,OK,4,4,對,4,對,5.0,4,對,3.806,4,對,5.0
seq_000,2820,camera_6,28,L2_not_in_candidates,23,4,錯,4,錯,,4,錯,,4,錯,
seq_000,2840,camera_6,29,L1_ghost,,4,錯,,開新,,,開新,,,開新,
seq_000,2855,camera_6,30,L1_ghost,,4,錯,,開新,,,開新,,,開新,
seq_000,2860,camera_5,44,OK,4,4,對,4,對,5.0,4,對,3.806,4,對,5.0
seq_000,2860,camera_5,45,OK,4,4,對,4,對,5.0,4,對,3.806,4,對,5.0
seq_000,2915,camera_5,46,L1_ghost,,4,錯,,開新,,4,錯,,4,錯,
seq_000,2915,camera_7,11,L2_not_in_candidates,24,,開新,,開新,,,開新,-0.565,23,錯,0.628
seq_000,2935,camera_2,18,OK,4,4,對,4,對,5.0,4,對,3.806,4,對,5.0
seq_000,2975,camera_5,47,L1_ghost,,4,錯,,開新,,,開新,,,開新,
seq_000,3015,camera_1,10,L2_not_in_candidates,4,,開新,,開新,,,開新,-2.463,,開新,-1.269
seq_000,3015,camera_5,48,L1_ghost,,4,錯,,開新,,4,錯,,4,錯,
seq_000,3035,camera_2,19,OK,4,4,對,4,對,5.0,4,對,3.806,4,對,5.0
seq_000,3040,camera_3,9,L2_not_in_candidates,26,4,錯,4,錯,,4,錯,,4,錯,
seq_000,3040,camera_5,49,OK,4,4,對,4,對,4.307,4,對,3.113,4,對,4.307
seq_000,3080,camera_1,11,L1_ghost,,,開新,,開新,,,開新,,,開新,
seq_000,3080,camera_1,12,L2_not_in_candidates,4,,開新,,開新,,,開新,-2.427,,開新,-1.233
seq_000,3080,camera_5,50,L1_ghost,,4,錯,,開新,,,開新,,4,錯,
seq_000,3085,camera_5,51,L1_ghost,,4,錯,,開新,,,開新,,,開新,
seq_000,3125,camera_3,10,OK,4,4,對,4,對,4.307,4,對,3.113,4,對,4.307
seq_000,3140,camera_4,13,OK,4,4,對,4,對,4.307,4,對,3.113,4,對,4.307
seq_000,3150,camera_2,20,OK,4,4,對,4,對,5.0,4,對,3.806,4,對,5.0
seq_000,3210,camera_2,21,OK,4,4,對,4,對,5.0,4,對,3.806,4,對,5.0
seq_000,3255,camera_3,11,L2_not_in_candidates,28,4,錯,4,錯,,4,錯,,4,錯,
seq_000,3275,camera_3,12,OK,4,4,對,4,對,5.0,4,對,3.806,4,對,5.0
seq_000,3305,camera_5,52,L1_ghost,,4,錯,,開新,,,開新,,,開新,
seq_000,3340,camera_5,53,L1_ghost,,4,錯,,開新,,4,錯,,4,錯,
seq_000,3340,camera_6,31,OK,4,4,對,4,對,3.614,4,對,2.42,4,對,3.614
seq_000,3345,camera_4,14,OK,4,4,對,4,對,3.614,4,對,2.42,4,對,3.614
seq_000,3395,camera_3,13,OK,4,4,對,4,對,5.0,4,對,3.806,4,對,5.0
seq_000,3415,camera_1,13,L1_ghost,,,開新,,開新,,,開新,,,開新,
seq_000,3420,camera_2,22,OK,4,4,對,4,對,5.0,4,對,3.806,4,對,5.0
seq_000,3440,camera_6,32,L1_ghost,,4,錯,,開新,,,開新,,,開新,
seq_000,3445,camera_5,54,OK,4,4,對,4,對,5.0,4,對,3.806,4,對,5.0
seq_000,3455,camera_1,14,L1_ghost,,,開新,,開新,,,開新,,,開新,
seq_000,3475,camera_6,33,L2_not_in_candidates,25,4,錯,4,錯,,4,錯,,4,錯,
seq_000,3535,camera_5,55,OK,4,4,對,4,對,5.0,4,對,3.806,4,對,5.0
seq_000,3575,camera_5,56,OK,4,4,對,4,對,5.0,4,對,3.806,4,對,5.0
seq_000,3580,camera_7,12,L2_not_in_candidates,4,,開新,,開新,,,開新,1.385,4,對,2.579
seq_000,3655,camera_2,23,OK,4,4,對,4,對,5.0,4,對,3.806,4,對,5.0
seq_000,3785,camera_5,57,OK,4,4,對,4,對,4.307,4,對,3.113,4,對,4.307
seq_000,3795,camera_6,34,OK,4,4,對,4,對,3.614,4,對,2.42,4,對,3.614
seq_000,3805,camera_6,35,L2_not_in_candidates,31,4,錯,4,錯,,4,錯,,4,錯,
seq_000,3820,camera_6,36,L1_ghost,,4,錯,,開新,,,開新,,,開新,
seq_000,3880,camera_6,37,L1_ghost,,4,錯,,開新,,,開新,,4,錯,
seq_000,3890,camera_2,24,OK,4,4,對,4,對,4.307,4,對,3.113,4,對,4.307
seq_000,3895,camera_1,15,L2_not_in_candidates,4,,開新,,開新,,,開新,-2.485,,開新,-1.291
seq_000,3905,camera_6,38,L1_ghost,,4,錯,,開新,,,開新,,4,錯,
seq_000,3910,camera_1,16,L1_ghost,,,開新,,開新,,,開新,,,開新,
seq_000,3925,camera_5,58,L2_not_in_candidates,32,4,錯,4,錯,,4,錯,,4,錯,
seq_000,3930,camera_2,25,OK,4,4,對,4,對,4.307,4,對,3.113,4,對,4.307
seq_000,3935,camera_6,39,OK,4,4,對,4,對,3.614,4,對,2.42,4,對,3.614
seq_000,3945,camera_5,59,L1_ghost,,4,錯,,開新,,,開新,,4,錯,
seq_000,3955,camera_7,13,L2_not_in_candidates,4,,開新,,開新,,,開新,1.424,4,對,2.618
seq_000,3960,camera_1,17,L2_not_in_candidates,4,,開新,,開新,,32,錯,-2.427,32,錯,-1.233
seq_000,3975,camera_4,15,OK,4,4,對,4,對,4.307,4,對,3.113,4,對,4.307
seq_000,3985,camera_5,60,L1_ghost,,4,錯,,開新,,,開新,,,開新,
seq_000,4025,camera_5,61,OK,4,4,對,4,對,5.0,4,對,3.806,4,對,5.0
seq_000,4050,camera_3,14,L2_not_in_candidates,35,4,錯,4,錯,,4,錯,,4,錯,
seq_000,4055,camera_6,40,L1_ghost,,4,錯,,開新,,,開新,,,開新,
seq_000,4065,camera_7,14,L2_not_in_candidates,4,,開新,,開新,,,開新,-2.413,,開新,-1.219
seq_000,4125,camera_2,26,OK,4,4,對,4,對,5.0,4,對,3.806,4,對,5.0
seq_000,4160,camera_4,16,OK,4,4,對,4,對,3.901,4,對,2.708,4,對,3.901
seq_000,4185,camera_5,62,L1_ghost,,4,錯,,開新,,,開新,,,開新,
seq_000,4195,camera_5,63,L1_ghost,,4,錯,,開新,,,開新,,,開新,
seq_000,4225,camera_3,15,L1_ghost,,4,錯,,開新,,,開新,,,開新,
seq_000,4255,camera_6,41,L2_not_in_candidates,34,4,錯,4,錯,,4,錯,,4,錯,
seq_000,4270,camera_6,42,L1_ghost,,4,錯,,開新,,,開新,,,開新,
seq_000,4280,camera_5,64,L1_ghost,,4,錯,,開新,,4,錯,,4,錯,
seq_000,4295,camera_6,43,L1_ghost,,4,錯,,開新,,,開新,,,開新,
seq_000,4330,camera_5,65,L1_ghost,,4,錯,,開新,,,開新,,4,錯,
seq_000,4350,camera_1,18,L2_not_in_candidates,4,,開新,,開新,,,開新,-2.413,,開新,-1.219
seq_000,4370,camera_5,66,L1_ghost,,4,錯,,開新,,4,錯,,4,錯,
seq_000,4400,camera_5,67,OK,4,4,對,4,對,5.0,4,對,3.806,4,對,5.0
seq_000,4430,camera_5,68,L1_ghost,,4,錯,,開新,,,開新,,,開新,
seq_000,4450,camera_5,69,L1_ghost,,4,錯,,開新,,,開新,,,開新,
seq_000,4450,camera_7,15,L3_not_top1,36,,開新,,開新,,,開新,-4.399,,開新,-3.205
seq_000,4470,camera_5,70,OK,4,4,對,4,對,5.0,4,對,3.806,4,對,5.0
seq_000,4585,camera_2,27,OK,4,4,對,4,對,5.0,4,對,3.806,4,對,5.0
seq_000,4585,camera_5,71,OK,4,4,對,4,對,5.0,4,對,3.806,4,對,5.0
seq_000,4630,camera_3,16,L2_not_in_candidates,37,4,錯,4,錯,,4,錯,,4,錯,
seq_000,4630,camera_4,17,OK,4,4,對,4,對,4.307,4,對,3.113,4,對,4.307
seq_000,4640,camera_5,72,OK,4,4,對,4,對,5.0,4,對,3.806,4,對,5.0
seq_000,4700,camera_2,28,OK,4,4,對,4,對,5.0,4,對,3.806,4,對,5.0
seq_000,4755,camera_1,19,L1_ghost,,,開新,,開新,,,開新,,,開新,
seq_000,4780,camera_5,73,L1_ghost,,4,錯,,開新,,4,錯,,4,錯,
seq_000,4785,camera_5,74,L1_ghost,,4,錯,,開新,,4,錯,,4,錯,
seq_000,4790,camera_5,75,OK,4,4,對,4,對,5.0,4,對,3.806,4,對,5.0
seq_000,4835,camera_5,76,L3_not_top1,38,4,錯,4,錯,,4,錯,-0.521,4,錯,0.673
seq_000,4855,camera_5,77,L1_ghost,,4,錯,,開新,,,開新,,,開新,
seq_000,4870,camera_5,78,L1_ghost,,4,錯,,開新,,4,錯,,4,錯,
seq_000,4870,camera_5,79,L1_ghost,,4,錯,,開新,,4,錯,,4,錯,
seq_000,4880,camera_5,80,L1_ghost,,4,錯,,開新,,4,錯,,4,錯,
seq_000,4880,camera_5,81,L1_ghost,,4,錯,,開新,,,開新,,4,錯,
seq_000,4940,camera_4,18,OK,4,4,對,4,對,4.307,4,對,3.113,4,對,4.307
seq_000,4975,camera_5,82,L1_ghost,,4,錯,,開新,,,開新,,4,錯,
seq_000,5010,camera_2,29,OK,4,4,對,4,對,5.0,4,對,3.806,4,對,5.0
seq_000,5040,camera_2,30,OK,4,4,對,4,對,5.0,4,對,3.806,4,對,5.0
seq_000,5060,camera_5,83,OK,4,4,對,4,對,5.0,4,對,3.806,4,對,5.0
seq_000,5100,camera_5,84,OK,4,4,對,4,對,5.0,4,對,3.806,4,對,5.0
seq_000,5115,camera_4,19,OK,4,4,對,4,對,4.307,4,對,3.113,4,對,4.307
seq_000,5155,camera_5,85,OK,4,4,對,4,對,5.0,4,對,3.806,4,對,5.0
seq_000,5215,camera_5,86,L1_ghost,,4,錯,,開新,,,開新,,,開新,
seq_000,5255,camera_4,20,OK,4,4,對,4,對,4.307,4,對,3.113,4,對,4.307
seq_000,5290,camera_4,21,OK,4,4,對,4,對,4.307,4,對,3.113,4,對,4.307
seq_000,5310,camera_5,87,OK,4,4,對,4,對,4.307,4,對,3.113,4,對,4.307
seq_000,5365,camera_5,88,OK,4,4,對,4,對,4.307,4,對,3.113,4,對,4.307
seq_000,5375,camera_5,89,OK,4,4,對,4,對,4.307,4,對,3.113,4,對,4.307
seq_000,5405,camera_5,90,L1_ghost,,4,錯,,開新,,,開新,,,開新,
seq_000,5420,camera_5,91,L1_ghost,,4,錯,,開新,,,開新,,4,錯,
seq_000,5435,camera_5,92,L1_ghost,,4,錯,,開新,,,開新,,4,錯,
seq_000,5460,camera_6,44,L4_below_threshold,4,,開新,4,對,2.602,,開新,1.408,4,對,2.602
seq_000,5465,camera_5,93,L1_ghost,,40,錯,,開新,,4,錯,,4,錯,
seq_000,5510,camera_2,31,OK,4,4,對,4,對,4.307,4,對,3.113,4,對,4.307
seq_000,5550,camera_5,94,L3_not_top1,4,40,錯,40,錯,,40,錯,3.061,40,錯,4.255
seq_000,5555,camera_6,45,L1_ghost,,,開新,,開新,,,開新,,,開新,
seq_000,5610,camera_6,46,L3_not_top1,4,40,錯,40,錯,,40,錯,0.024,40,錯,1.218
seq_000,5615,camera_7,16,L2_not_in_candidates,40,,開新,,開新,,,開新,0.427,40,對,1.621
seq_000,5635,camera_5,95,L1_ghost,,4,錯,,開新,,4,錯,,4,錯,
seq_000,5700,camera_5,96,L1_ghost,,4,錯,,開新,,4,錯,,4,錯,
seq_000,5760,camera_6,47,L1_ghost,,40,錯,,開新,,,開新,,,開新,
seq_000,5790,camera_4,22,L3_not_top1,40,4,錯,4,錯,,4,錯,-2.834,4,錯,-1.64
seq_000,5790,camera_7,17,L2_not_in_candidates,40,,開新,,開新,,,開新,-2.788,,開新,-1.594
seq_000,5840,camera_2,32,OK,4,4,對,4,對,5.0,4,對,3.806,4,對,5.0
seq_000,5925,camera_5,97,L1_ghost,,4,錯,,開新,,,開新,,,開新,
seq_000,5970,camera_7,18,L2_not_in_candidates,43,,開新,,開新,,,開新,-0.815,40,錯,0.378
seq_000,6000,camera_6,48,L2_not_in_candidates,42,40,錯,40,錯,,40,錯,,40,錯,
seq_000,6025,camera_4,23,OK,4,4,對,4,對,4.307,4,對,3.113,4,對,4.307
seq_000,6070,camera_2,33,OK,4,4,對,4,對,5.0,4,對,3.806,4,對,5.0
seq_000,6105,camera_6,49,L2_not_in_candidates,40,4,錯,4,錯,,4,錯,-0.691,4,錯,0.503
seq_000,6125,camera_6,50,L1_ghost,,4,錯,,開新,,,開新,,,開新,
seq_000,6160,camera_5,98,OK,4,4,對,4,對,5.0,4,對,3.806,4,對,5.0
seq_000,6160,camera_6,51,OK,4,4,對,4,對,4.307,4,對,3.113,4,對,4.307
seq_000,6230,camera_5,99,L1_ghost,,4,錯,,開新,,,開新,,,開新,
seq_000,6235,camera_5,100,L3_not_top1,44,4,錯,4,錯,,4,錯,-1.013,4,錯,0.18
seq_000,6245,camera_7,19,L2_not_in_candidates,4,,開新,,開新,,,開新,-2.413,,開新,-1.219
seq_000,6250,camera_7,20,L2_not_in_candidates,4,,開新,,開新,,45,錯,-2.413,45,錯,-1.219
seq_000,6345,camera_7,21,L2_not_in_candidates,46,,開新,,開新,,,開新,0.283,4,錯,1.476
seq_000,6350,camera_2,34,OK,4,4,對,4,對,4.307,4,對,3.113,4,對,4.307
seq_000,6360,camera_1,20,L2_not_in_candidates,4,,開新,,開新,,,開新,-2.492,,開新,-1.298
seq_000,6360,camera_1,21,L1_ghost,,,開新,,開新,,,開新,,,開新,
seq_000,6365,camera_5,101,L1_ghost,,4,錯,,開新,,4,錯,,4,錯,
seq_000,6395,camera_3,17,L2_not_in_candidates,48,4,錯,4,錯,,4,錯,,4,錯,
seq_000,6450,camera_5,102,OK,4,4,對,4,對,4.307,4,對,3.113,4,對,4.307
seq_000,6470,camera_5,103,L1_ghost,,4,錯,,開新,,4,錯,,4,錯,
seq_000,6520,camera_7,22,L1_ghost,,,開新,,開新,,,開新,,42,錯,
seq_000,6560,camera_7,23,L2_not_in_candidates,47,,開新,,開新,,,開新,,42,錯,
seq_000,6640,camera_5,104,L1_ghost,,40,錯,,開新,,,開新,,,開新,
seq_000,6665,camera_1,22,L1_ghost,,,開新,,開新,,,開新,,,開新,
seq_000,6665,camera_6,52,L3_not_top1,4,40,錯,40,錯,,40,錯,-2.887,40,錯,-1.694
seq_000,6700,camera_6,53,L1_ghost,,40,錯,,開新,,40,錯,,40,錯,
seq_000,6765,camera_5,105,OK,4,4,對,4,對,4.307,4,對,3.113,4,對,4.307
seq_000,6770,camera_6,54,L1_ghost,,40,錯,,開新,,,開新,,,開新,
seq_000,6845,camera_5,106,L1_ghost,,4,錯,,開新,,4,錯,,4,錯,
seq_000,6865,camera_1,23,L1_ghost,,,開新,,開新,,,開新,,,開新,
seq_000,6870,camera_5,107,L3_not_top1,40,4,錯,4,錯,,4,錯,-2.413,4,錯,-1.219
seq_000,6905,camera_4,24,OK,4,4,對,4,對,4.307,4,對,3.113,4,對,4.307
seq_000,6995,camera_2,35,OK,4,4,對,4,對,5.0,4,對,3.806,4,對,5.0
seq_000,7005,camera_1,24,L1_ghost,,,開新,,開新,,,開新,,,開新,
seq_000,7090,camera_5,108,OK,4,4,對,4,對,5.0,4,對,3.806,4,對,5.0
seq_000,7145,camera_5,109,L3_not_top1,45,4,錯,4,錯,,4,錯,-0.991,4,錯,0.202
seq_000,7160,camera_5,110,OK,4,4,對,4,對,5.0,4,對,3.806,4,對,5.0
seq_000,7180,camera_2,36,OK,4,4,對,4,對,5.0,4,對,3.806,4,對,5.0
seq_000,7240,camera_4,25,OK,4,4,對,4,對,4.307,4,對,3.113,4,對,4.307
seq_000,7240,camera_5,111,L1_ghost,,4,錯,,開新,,4,錯,,4,錯,
seq_000,7260,camera_5,112,OK,4,4,對,4,對,5.0,4,對,3.806,4,對,5.0
seq_000,7265,camera_3,18,OK,4,4,對,4,對,5.0,4,對,3.806,4,對,5.0
seq_000,7320,camera_1,25,L1_ghost,,,開新,,開新,,,開新,,,開新,
seq_000,7350,camera_5,113,OK,4,4,對,4,對,5.0,4,對,3.806,4,對,5.0
seq_000,7430,camera_5,114,L1_ghost,,4,錯,,開新,,,開新,,4,錯,
seq_000,7455,camera_2,37,OK,4,4,對,4,對,4.307,4,對,3.113,4,對,4.307
seq_000,7455,camera_6,55,OK,4,4,對,4,對,3.054,4,對,1.86,4,對,3.054
seq_000,7470,camera_5,115,L1_ghost,,4,錯,,開新,,4,錯,,4,錯,
seq_000,7480,camera_5,116,L1_ghost,,4,錯,,開新,,,開新,,,開新,
seq_000,7490,camera_5,117,L3_not_top1,51,4,錯,4,錯,,4,錯,-1.678,4,錯,-0.484
seq_000,7510,camera_2,38,OK,4,4,對,4,對,4.307,4,對,3.113,4,對,4.307
seq_000,7530,camera_2,39,OK,4,4,對,4,對,4.307,4,對,3.57,4,對,4.764
seq_000,7625,camera_4,26,OK,4,4,對,4,對,4.307,4,對,3.113,4,對,4.307
seq_000,7655,camera_5,118,OK,4,4,對,4,對,5.0,4,對,3.806,4,對,5.0
seq_000,7665,camera_6,56,L1_ghost,,4,錯,,開新,,,開新,,,開新,
seq_000,7670,camera_6,57,L1_ghost,,4,錯,,開新,,,開新,,,開新,
seq_000,7745,camera_2,40,OK,4,4,對,4,對,5.0,4,對,3.806,4,對,5.0
seq_000,7790,camera_2,41,OK,4,4,對,4,對,5.0,4,對,3.806,4,對,5.0
seq_000,7800,camera_1,26,L2_not_in_candidates,4,,開新,,開新,,,開新,-2.418,,開新,-1.224
seq_000,7805,camera_3,19,L2_not_in_candidates,56,4,錯,4,錯,,4,錯,,4,錯,
seq_000,7985,camera_5,119,OK,4,4,對,4,對,5.0,4,對,3.806,4,對,5.0
seq_000,8005,camera_2,42,OK,4,4,對,4,對,3.901,4,對,2.708,4,對,3.901
seq_000,8025,camera_1,27,L2_not_in_candidates,4,,開新,,開新,,,開新,-2.422,,開新,-1.228
seq_000,8035,camera_1,28,L1_ghost,,,開新,,開新,,,開新,,,開新,
seq_000,8045,camera_3,20,L2_not_in_candidates,57,4,錯,4,錯,,4,錯,,4,錯,
seq_000,8095,camera_3,21,OK,4,4,對,4,對,3.901,4,對,2.708,4,對,3.901
seq_000,8130,camera_6,58,L1_ghost,,4,錯,,開新,,,開新,,,開新,
seq_000,8150,camera_6,59,L1_ghost,,4,錯,,開新,,,開新,,,開新,
seq_000,8155,camera_1,29,L2_not_in_candidates,4,,開新,,開新,,,開新,-2.416,,開新,-1.222
seq_000,8160,camera_5,120,L1_ghost,,4,錯,,開新,,,開新,,,開新,
seq_000,8205,camera_4,27,OK,4,4,對,4,對,4.307,4,對,3.113,4,對,4.307
seq_000,8245,camera_2,43,OK,4,4,對,4,對,5.0,4,對,3.806,4,對,5.0
seq_000,8285,camera_1,30,L2_not_in_candidates,59,,開新,,開新,,,開新,0.762,59,對,1.956
seq_000,8285,camera_3,22,L1_ghost,,4,錯,,開新,,,開新,,,開新,
seq_000,8315,camera_1,31,L1_ghost,,,開新,,開新,,,開新,,,開新,
seq_000,8330,camera_3,23,L1_ghost,,4,錯,,開新,,,開新,,,開新,
seq_000,8355,camera_5,121,OK,4,4,對,4,對,5.0,4,對,3.806,4,對,5.0
seq_000,8420,camera_3,24,L1_ghost,,4,錯,,開新,,,開新,,,開新,
seq_000,8435,camera_2,44,OK,4,4,對,4,對,5.0,4,對,3.806,4,對,5.0
seq_000,8435,camera_2,45,L2_not_in_candidates,60,4,錯,4,錯,,4,錯,,4,錯,
seq_000,8450,camera_1,32,L2_not_in_candidates,4,,開新,,開新,,61,錯,-2.485,61,錯,-1.291
seq_000,8465,camera_3,25,L2_not_in_candidates,62,4,錯,4,錯,,4,錯,,4,錯,
seq_000,8700,camera_3,26,OK,4,4,對,4,對,3.901,4,對,2.708,4,對,3.901
seq_000,8765,camera_2,46,OK,4,4,對,4,對,3.054,4,對,1.86,4,對,3.054
seq_000,8775,camera_2,47,OK,4,4,對,4,對,3.208,4,對,2.014,4,對,3.208
seq_000,8835,camera_1,33,L2_not_in_candidates,4,,開新,,開新,,56,錯,-2.887,56,錯,-1.694
seq_000,8835,camera_2,48,L1_ghost,,4,錯,,開新,,,開新,,4,錯,
seq_000,8870,camera_2,49,OK,4,4,對,4,對,3.208,4,對,2.284,4,對,3.478
seq_000,8880,camera_2,50,L1_ghost,,4,錯,,開新,,,開新,,4,錯,
seq_001,0,camera_1,0,L0_first,,,開新,,開新,,,開新,,,開新,
seq_001,0,camera_2,0,L0_first,,,開新,,開新,,,開新,,,開新,
seq_001,0,camera_2,1,L0_first,,,開新,,開新,,,開新,,,開新,
seq_001,0,camera_2,2,L0_first,,,開新,,開新,,,開新,,,開新,
seq_001,0,camera_3,0,L3_not_top1,2,4,錯,4,錯,,4,錯,,4,錯,
seq_001,0,camera_3,1,L0_first,,4,錯,4,錯,,4,錯,,4,錯,
seq_001,0,camera_3,2,L0_first,,4,錯,4,錯,,4,錯,,4,錯,
seq_001,0,camera_3,3,L2_not_in_candidates,1,4,錯,4,錯,,4,錯,,4,錯,
seq_001,0,camera_3,4,OK,4,4,對,4,對,3.901,4,對,2.708,4,對,3.901
seq_001,0,camera_4,0,L0_first,,4,錯,4,錯,,4,錯,,4,錯,
seq_001,0,camera_4,1,L0_first,,4,錯,4,錯,,4,錯,,4,錯,
seq_001,10,camera_1,1,L1_ghost,,,開新,,開新,,,開新,,,開新,
seq_001,185,camera_3,5,L0_first,,4,錯,4,錯,,4,錯,,4,錯,
seq_001,190,camera_3,6,L3_not_top1,3,4,錯,4,錯,,4,錯,,4,錯,
seq_001,495,camera_4,2,OK,4,4,對,4,對,3.901,4,對,2.708,4,對,3.901
seq_001,1030,camera_2,3,L1_ghost,,4,錯,,開新,,,開新,,,開新,
seq_001,1300,camera_3,7,L1_ghost,,4,錯,,開新,,,開新,,,開新,
seq_001,1565,camera_3,8,L1_ghost,,4,錯,,開新,,,開新,,,開新,
seq_001,1640,camera_3,9,L1_ghost,,4,錯,,開新,,,開新,,,開新,
seq_001,1725,camera_4,3,L1_ghost,,4,錯,,開新,,,開新,,,開新,
seq_001,1745,camera_1,2,L1_ghost,,,開新,,開新,,,開新,,,開新,
seq_001,1965,camera_3,10,L1_ghost,,4,錯,,開新,,,開新,,,開新,
seq_001,1980,camera_3,11,L1_ghost,,4,錯,,開新,,,開新,,,開新,
seq_001,2145,camera_2,4,OK,4,4,對,4,對,3.901,4,對,2.708,4,對,3.901
seq_001,2520,camera_3,12,L1_ghost,,4,錯,,開新,,,開新,,,開新,
seq_001,2620,camera_1,3,L2_not_in_candidates,4,,開新,,開新,,,開新,-4.648,,開新,-3.454
seq_001,2705,camera_4,4,L1_ghost,,4,錯,,開新,,,開新,,,開新,
seq_001,2705,camera_4,5,L1_ghost,,4,錯,,開新,,,開新,,,開新,
seq_001,2835,camera_3,13,OK,4,4,對,4,對,3.901,4,對,2.708,4,對,3.901
seq_001,2915,camera_4,6,OK,4,4,對,4,對,3.901,4,對,2.708,4,對,3.901
seq_001,3235,camera_1,4,L2_not_in_candidates,7,,開新,,開新,,,開新,,,開新,
seq_001,3335,camera_4,7,L1_ghost,,4,錯,,開新,,,開新,,,開新,
seq_001,3350,camera_3,14,L1_ghost,,4,錯,,開新,,,開新,,,開新,
seq_001,3540,camera_5,0,OK,4,4,對,4,對,3.901,4,對,2.708,4,對,3.901
seq_001,3550,camera_4,8,L1_ghost,,4,錯,,開新,,,開新,,,開新,
seq_001,3575,camera_3,15,OK,4,4,對,4,對,5.0,4,對,3.806,4,對,5.0
seq_001,3600,camera_3,16,L1_ghost,,4,錯,,開新,,,開新,,,開新,
seq_001,3840,camera_3,17,OK,4,4,對,4,對,3.901,4,對,2.708,4,對,3.901
seq_001,3860,camera_4,9,OK,4,4,對,4,對,3.901,4,對,2.708,4,對,3.901
seq_001,3865,camera_2,5,OK,4,4,對,4,對,3.614,4,對,2.42,4,對,3.614
seq_002,0,camera_2,0,L0_first,,,開新,,開新,,,開新,,,開新,
seq_002,0,camera_2,1,L0_first,,,開新,,開新,,,開新,,,開新,
seq_002,0,camera_2,2,L0_first,,,開新,,開新,,,開新,,,開新,
seq_002,0,camera_2,3,L1_ghost,,,開新,,開新,,,開新,,,開新,
seq_002,0,camera_3,0,L3_not_top1,2,4,錯,4,錯,,4,錯,,4,錯,
seq_002,0,camera_3,1,L3_not_top1,1,4,錯,4,錯,,4,錯,,4,錯,
seq_002,0,camera_3,2,L0_first,,4,錯,4,錯,,4,錯,,4,錯,
seq_002,0,camera_3,3,L0_first,,4,錯,4,錯,,4,錯,,4,錯,
seq_002,0,camera_3,4,L0_first,,4,錯,4,錯,,4,錯,,4,錯,
seq_002,0,camera_3,5,L1_ghost,,4,錯,,開新,,,開新,,,開新,
seq_002,0,camera_4,0,L0_first,,4,錯,4,錯,,4,錯,,4,錯,
seq_002,0,camera_4,1,L0_first,,4,錯,4,錯,,4,錯,,4,錯,
seq_002,10,camera_3,6,L1_ghost,,4,錯,,開新,,,開新,,,開新,
seq_002,10,camera_3,7,L1_ghost,,4,錯,,開新,,,開新,,,開新,
seq_002,220,camera_4,2,OK,4,4,對,4,對,3.614,4,對,2.42,4,對,3.614
seq_002,245,camera_3,8,L0_first,,4,錯,4,錯,,4,錯,,4,錯,
seq_002,320,camera_3,9,OK,4,4,對,4,對,3.901,4,對,2.708,4,對,3.901
seq_002,350,camera_3,10,L1_ghost,,4,錯,,開新,,4,錯,,4,錯,
seq_002,380,camera_1,0,L2_not_in_candidates,4,,開新,,開新,,,開新,-2.427,,開新,-1.233
seq_002,450,camera_4,3,L1_ghost,,3,錯,,開新,,,開新,,,開新,
seq_002,510,camera_4,4,L3_not_top1,4,3,錯,3,錯,,3,錯,3.228,3,錯,4.422
seq_002,550,camera_3,11,L3_not_top1,4,3,錯,3,錯,,3,錯,-2.184,3,錯,-0.99
seq_002,590,camera_3,12,L1_ghost,,3,錯,,開新,,,開新,,4,錯,
seq_002,625,camera_3,13,L1_ghost,,3,錯,,開新,,,開新,,,開新,
seq_002,715,camera_4,5,OK,3,3,對,3,對,3.901,3,對,2.708,3,對,3.901
seq_002,765,camera_3,14,L1_ghost,,3,錯,,開新,,,開新,,,開新,
seq_002,870,camera_3,15,L1_ghost,,3,錯,,開新,,,開新,,,開新,
seq_002,875,camera_3,16,L2_not_in_candidates,5,3,錯,3,錯,,3,錯,,3,錯,
seq_002,940,camera_4,6,OK,3,3,對,3,對,3.901,3,對,2.708,3,對,3.901
seq_002,1030,camera_4,7,L3_not_top1,4,3,錯,3,錯,,3,錯,-3.577,3,錯,-2.383
seq_002,1035,camera_4,8,L1_ghost,,3,錯,,開新,,,開新,,,開新,
seq_002,1055,camera_2,4,L1_ghost,,4,錯,,開新,,,開新,,,開新,
seq_002,1210,camera_3,17,L3_not_top1,3,4,錯,4,錯,,4,錯,-2.433,4,錯,-1.239
seq_002,1235,camera_3,18,L1_ghost,,4,錯,,開新,,4,錯,,4,錯,
seq_002,1295,camera_4,9,L1_ghost,,4,錯,,開新,,,開新,,,開新,
seq_002,1405,camera_2,5,OK,4,4,對,4,對,3.614,4,對,2.42,4,對,3.614
seq_002,1490,camera_3,19,L1_ghost,,4,錯,,開新,,,開新,,,開新,
seq_002,1610,camera_2,6,L3_not_top1,4,3,錯,3,錯,,3,錯,-0.984,3,錯,0.21
seq_002,1635,camera_1,1,L2_not_in_candidates,3,,開新,,開新,,5,錯,-3.496,5,錯,-2.302
seq_002,1650,camera_4,10,L1_ghost,,3,錯,,開新,,,開新,,,開新,
seq_002,1680,camera_4,11,OK,3,3,對,3,對,3.614,3,對,2.42,3,對,3.614
seq_002,1715,camera_3,20,L1_ghost,,3,錯,,開新,,,開新,,,開新,
seq_002,1765,camera_4,12,L3_not_top1,4,3,錯,3,錯,,3,錯,-2.442,3,錯,-1.248
seq_002,1780,camera_3,21,OK,3,3,對,3,對,3.614,3,對,2.42,3,對,3.614
seq_002,1835,camera_2,7,OK,3,3,對,3,對,3.614,3,對,2.42,3,對,3.614
seq_002,1855,camera_1,2,L2_not_in_candidates,3,,開新,,開新,,,開新,-2.422,,開新,-1.228
seq_002,1865,camera_3,22,OK,3,3,對,3,對,3.901,3,對,2.708,3,對,3.901
seq_002,1945,camera_2,8,L2_not_in_candidates,7,3,錯,3,錯,,3,錯,-2.492,3,錯,-1.298
seq_002,2070,camera_1,3,L3_not_top1,6,,開新,,開新,,,開新,-5.315,,開新,-4.122
seq_002,2080,camera_1,4,L2_not_in_candidates,3,,開新,,開新,,,開新,-2.642,,開新,-1.448
seq_002,2130,camera_4,13,L2_not_in_candidates,9,3,錯,3,錯,,3,錯,,3,錯,
seq_002,2140,camera_3,23,L1_ghost,,3,錯,,開新,,,開新,,,開新,
seq_002,2200,camera_3,24,L2_not_in_candidates,4,3,錯,3,錯,,3,錯,2.186,3,錯,3.38
seq_002,2235,camera_3,25,L1_ghost,,3,錯,,開新,,,開新,,4,錯,
seq_002,2250,camera_4,14,L1_ghost,,3,錯,,開新,,,開新,,,開新,
seq_002,2315,camera_4,15,OK,3,3,對,3,對,3.901,3,對,2.708,3,對,3.901
seq_002,2340,camera_3,26,OK,3,3,對,3,對,3.901,3,對,2.708,3,對,3.901
seq_002,2385,camera_3,27,OK,3,3,對,3,對,3.901,3,對,2.708,3,對,3.901
seq_002,2535,camera_4,16,L1_ghost,,3,錯,,開新,,,開新,,,開新,
seq_002,2545,camera_4,17,L1_ghost,,3,錯,,開新,,,開新,,,開新,
seq_002,2655,camera_3,28,OK,3,3,對,3,對,3.901,3,對,3.93,3,對,5.124
seq_002,2660,camera_4,18,OK,3,3,對,3,對,3.901,3,對,2.708,3,對,3.901
seq_002,2690,camera_4,19,OK,3,3,對,3,對,3.901,3,對,2.708,3,對,3.901
seq_002,2860,camera_3,29,OK,3,3,對,3,對,3.901,3,對,2.708,3,對,3.901
seq_002,2965,camera_4,20,OK,3,3,對,3,對,3.901,3,對,2.708,3,對,3.901
seq_002,2980,camera_4,21,OK,3,3,對,3,對,3.901,3,對,2.708,3,對,3.901
seq_002,2990,camera_4,22,L1_ghost,,3,錯,,開新,,,開新,,,開新,
seq_002,2995,camera_3,30,OK,3,3,對,3,對,3.901,3,對,2.708,3,對,3.901
seq_002,3135,camera_3,31,OK,3,3,對,3,對,3.901,3,對,2.708,3,對,3.901
seq_002,3305,camera_1,5,L1_ghost,,,開新,,開新,,,開新,,,開新,
seq_002,3305,camera_3,32,OK,3,3,對,3,對,4.307,3,對,4.128,3,對,5.322
seq_002,3330,camera_3,33,OK,3,3,對,3,對,4.307,3,對,3.113,3,對,4.307
