sample_id,criteria,seq,cameras,person_id,窗長秒,選定鏡頭逐幀單人,細節,同時段其他鏡頭也拍到此人,全場其他人數,涉及camera_5或6,標註自動核對
L1_01,單人、單鏡頭、連續出現至少 5 秒,seq_025,camera_7,14,8.73,是,連續段數 1;在場 8.73 秒,camera_6,6,否,符合
L1_02,單人、單鏡頭、連續出現至少 5 秒,seq_000,camera_6,9,10.23,是,連續段數 1;在場 10.23 秒,camera_7,7,是,符合
L1_03,單人、單鏡頭、連續出現至少 5 秒,seq_026,camera_5,9,7.47,是,連續段數 1;在場 7.47 秒,camera_2,9,是,符合
L2_01,單人、單鏡頭、離開 1 至 5 秒後重新出現,seq_024,camera_4,10,3.27,是,出現段數 2;離開秒數 [1.1],camera_5,4,否,符合
L2_02,單人、單鏡頭、離開 1 至 5 秒後重新出現,seq_004,camera_7,7,10.7,是,出現段數 2;離開秒數 [2.87],camera_5 camera_6,6,否,符合
L2_03,單人、單鏡頭、離開 1 至 5 秒後重新出現,seq_024,camera_4,7,5.93,是,出現段數 2;離開秒數 [1.2],camera_3 camera_5,5,否,符合
L3_01,單人、跨 2 至 3 支攝影機移動,seq_024,camera_5+camera_6,6,4.83,是,5[13976-14025]; 6[14053-14120],camera_1 camera_2 camera_7,4,是,符合
L3_02,單人、跨 2 至 3 支攝影機移動,seq_000,camera_6+camera_7,9,5.8,是,7[4449-4498]; 6[4449-4622],無,6,是,符合
L3_03,單人、跨 2 至 3 支攝影機移動,seq_004,camera_6+camera_7,7,10.0,是,6[4590-4672]; 7[4772-4889],無,6,是,符合
