loop_i,video_fid,t_sec,camera_id,kind,track_id
0,0,0.0,camera_1,new_track,1
0,0,0.0,camera_1,new_track,2
0,0,0.0,camera_1,new_track,3
0,0,0.0,camera_2,new_track,1
0,0,0.0,camera_3,new_track,1
7,35,1.167,camera_3,new_track,2
10,50,1.667,camera_3,lost_track,2
12,60,2.0,camera_3,reacquired,2
17,85,2.833,camera_3,lost_track,2
20,100,3.333,camera_3,reacquired,2
28,140,4.667,camera_3,removed,-1
31,155,5.167,camera_3,new_track,3
35,175,5.833,camera_3,lost_track,3
36,180,6.0,camera_3,reacquired,3
37,185,6.167,camera_3,lost_track,3
46,230,7.667,camera_3,new_track,4
47,235,7.833,camera_3,lost_track,4
54,270,9.0,camera_3,removed,-1
56,280,9.333,camera_3,new_track,5
59,295,9.833,camera_3,lost_track,2
60,300,10.0,camera_3,reacquired,2
62,310,10.333,camera_1,lost_track,2
62,310,10.333,camera_2,new_track,2
63,315,10.5,camera_1,reacquired,2
63,315,10.5,camera_3,lost_track,2
64,320,10.667,camera_3,reacquired,2
65,325,10.833,camera_3,lost_track,5
66,330,11.0,camera_1,lost_track,2
66,330,11.0,camera_3,reacquired,5
67,335,11.167,camera_3,removed,3
68,340,11.333,camera_3,lost_track,2
68,340,11.333,camera_3,lost_track,5
69,345,11.5,camera_3,reacquired,5
70,350,11.667,camera_2,lost_track,2
71,355,11.833,camera_2,reacquired,2
72,360,12.0,camera_2,lost_track,2
73,365,12.167,camera_2,reacquired,2
74,370,12.333,camera_3,reacquired,2
74,370,12.333,camera_3,removed,-1
75,375,12.5,camera_2,lost_track,2
77,385,12.833,camera_3,lost_track,2
77,385,12.833,camera_3,removed,4
82,410,13.667,camera_1,new_track,4
82,410,13.667,camera_2,new_track,3
82,410,13.667,camera_3,lost_track,5
84,420,14.0,camera_1,lost_track,4
84,420,14.0,camera_3,removed,-1
85,425,14.167,camera_3,reacquired,2
85,425,14.167,camera_3,reacquired,5
86,430,14.333,camera_3,lost_track,5
87,435,14.5,camera_3,reacquired,5
89,445,14.833,camera_3,lost_track,5
93,465,15.5,camera_1,new_track,5
93,465,15.5,camera_2,removed,-1
93,465,15.5,camera_3,new_track,6
95,475,15.833,camera_3,lost_track,6
96,480,16.0,camera_1,removed,2
98,490,16.333,camera_2,removed,-1
98,490,16.333,camera_3,lost_track,2
99,495,16.5,camera_3,reacquired,2
99,495,16.5,camera_3,removed,-1
101,505,16.833,camera_2,reacquired,2
101,505,16.833,camera_2,removed,-1
101,505,16.833,camera_3,new_track,7
101,505,16.833,camera_3,lost_track,2
101,505,16.833,camera_3,removed,-1
101,505,16.833,camera_5,new_track,1
102,510,17.0,camera_2,new_track,4
102,510,17.0,camera_3,new_track,8
104,520,17.333,camera_2,lost_track,3
105,525,17.5,camera_1,lost_track,5
105,525,17.5,camera_2,lost_track,2
106,530,17.667,camera_2,reacquired,2
106,530,17.667,camera_2,reacquired,3
106,530,17.667,camera_3,new_track,9
107,535,17.833,camera_2,lost_track,3
107,535,17.833,camera_3,lost_track,9
107,535,17.833,camera_3,removed,-1
108,540,18.0,camera_2,lost_track,2
108,540,18.0,camera_3,lost_track,8
109,545,18.167,camera_2,reacquired,3
109,545,18.167,camera_3,removed,-1
110,550,18.333,camera_2,reacquired,2
110,550,18.333,camera_2,lost_track,3
110,550,18.333,camera_3,reacquired,8
110,550,18.333,camera_3,lost_track,7
111,555,18.5,camera_3,reacquired,7
111,555,18.5,camera_3,removed,-1
112,560,18.667,camera_3,lost_track,8
112,560,18.667,camera_3,lost_track,7
113,565,18.833,camera_3,new_track,10
114,570,19.0,camera_1,removed,4
114,570,19.0,camera_2,lost_track,4
114,570,19.0,camera_3,reacquired,8
115,575,19.167,camera_2,reacquired,4
115,575,19.167,camera_3,lost_track,8
115,575,19.167,camera_3,lost_track,10
115,575,19.167,camera_3,removed,-1
115,575,19.167,camera_5,new_track,2
115,575,19.167,camera_5,lost_track,1
116,580,19.333,camera_2,lost_track,4
116,580,19.333,camera_3,new_track,11
116,580,19.333,camera_3,reacquired,10
117,585,19.5,camera_3,lost_track,11
117,585,19.5,camera_5,reacquired,1
118,590,19.667,camera_3,new_track,12
118,590,19.667,camera_3,removed,-1
118,590,19.667,camera_5,lost_track,1
119,595,19.833,camera_3,removed,5
120,600,20.0,camera_2,removed,-1
121,605,20.167,camera_3,removed,-1
121,605,20.167,camera_5,new_track,3
122,610,20.333,camera_3,new_track,13
122,610,20.333,camera_3,lost_track,12
123,615,20.5,camera_3,lost_track,10
124,620,20.667,camera_2,lost_track,2
124,620,20.667,camera_5,new_track,4
125,625,20.833,camera_2,new_track,5
125,625,20.833,camera_3,removed,6
125,625,20.833,camera_5,lost_track,2
125,625,20.833,camera_5,lost_track,4
126,630,21.0,camera_3,new_track,14
126,630,21.0,camera_3,reacquired,11
126,630,21.0,camera_5,removed,-1
127,635,21.167,camera_3,lost_track,13
127,635,21.167,camera_3,removed,-1
127,635,21.167,camera_5,reacquired,4
128,640,21.333,camera_2,removed,-1
128,640,21.333,camera_5,lost_track,4
129,645,21.5,camera_3,lost_track,14
129,645,21.5,camera_5,new_track,5
130,650,21.667,camera_1,new_track,6
130,650,21.667,camera_3,new_track,15
130,650,21.667,camera_3,reacquired,13
131,655,21.833,camera_2,reacquired,4
131,655,21.833,camera_2,lost_track,5
131,655,21.833,camera_3,lost_track,13
131,655,21.833,camera_3,removed,2
131,655,21.833,camera_5,lost_track,5
132,660,22.0,camera_2,reacquired,5
132,660,22.0,camera_5,reacquired,2
133,665,22.167,camera_2,lost_track,5
133,665,22.167,camera_5,reacquired,5
133,665,22.167,camera_5,lost_track,3
134,670,22.333,camera_5,reacquired,3
134,670,22.333,camera_5,lost_track,2
134,670,22.333,camera_5,lost_track,5
135,675,22.5,camera_1,removed,5
135,675,22.5,camera_5,reacquired,5
136,680,22.667,camera_5,reacquired,2
137,685,22.833,camera_1,lost_track,6
137,685,22.833,camera_3,reacquired,13
137,685,22.833,camera_3,removed,9
137,685,22.833,camera_5,lost_track,5
138,690,23.0,camera_2,lost_track,4
138,690,23.0,camera_5,new_track,6
139,695,23.167,camera_2,new_track,6
139,695,23.167,camera_3,lost_track,13
139,695,23.167,camera_5,lost_track,3
140,700,23.333,camera_2,lost_track,6
140,700,23.333,camera_2,removed,3
141,705,23.5,camera_2,new_track,8
141,705,23.5,camera_2,new_track,7
141,705,23.5,camera_3,removed,-1
141,705,23.5,camera_5,reacquired,3
141,705,23.5,camera_5,removed,-1
142,710,23.667,camera_3,removed,7
145,725,24.167,camera_2,lost_track,7
145,725,24.167,camera_3,removed,8
145,725,24.167,camera_5,lost_track,6
146,730,24.333,camera_3,lost_track,11
147,735,24.5,camera_5,reacquired,6
148,740,24.667,camera_5,removed,1
149,745,24.833,camera_3,reacquired,11
150,750,25.0,camera_2,reacquired,7
150,750,25.0,camera_5,lost_track,6
151,755,25.167,camera_2,lost_track,7
152,760,25.333,camera_3,lost_track,15
152,760,25.333,camera_3,removed,12
152,760,25.333,camera_5,reacquired,5
153,765,25.5,camera_3,new_track,16
153,765,25.5,camera_3,removed,10
153,765,25.5,camera_5,lost_track,2
153,765,25.5,camera_5,lost_track,5
154,770,25.667,camera_2,new_track,9
154,770,25.667,camera_2,removed,2
154,770,25.667,camera_3,lost_track,16
154,770,25.667,camera_5,new_track,7
156,780,26.0,camera_5,removed,-1
158,790,26.333,camera_5,new_track,8
158,790,26.333,camera_5,removed,4
159,795,26.5,camera_3,lost_track,11
159,795,26.5,camera_3,removed,14
160,800,26.667,camera_3,reacquired,11
160,800,26.667,camera_5,reacquired,2
160,800,26.667,camera_5,lost_track,3
161,805,26.833,camera_3,reacquired,16
161,805,26.833,camera_3,lost_track,11
161,805,26.833,camera_5,lost_track,8
161,805,26.833,camera_5,lost_track,2
162,810,27.0,camera_3,lost_track,16
162,810,27.0,camera_5,reacquired,8
163,815,27.167,camera_2,lost_track,9
163,815,27.167,camera_2,removed,5
163,815,27.167,camera_3,reacquired,16
163,815,27.167,camera_5,lost_track,8
164,820,27.333,camera_2,reacquired,9
164,820,27.333,camera_5,reacquired,3
164,820,27.333,camera_5,lost_track,7
165,825,27.5,camera_2,lost_track,9
166,830,27.667,camera_2,reacquired,9
166,830,27.667,camera_3,lost_track,16
166,830,27.667,camera_5,removed,-1
167,835,27.833,camera_1,removed,6
168,840,28.0,camera_1,new_track,7
168,840,28.0,camera_2,new_track,10
168,840,28.0,camera_2,removed,4
169,845,28.167,camera_2,lost_track,10
169,845,28.167,camera_3,removed,13
170,850,28.333,camera_2,removed,6
171,855,28.5,camera_2,reacquired,10
171,855,28.5,camera_3,removed,-1
171,855,28.5,camera_5,removed,-1
172,860,28.667,camera_2,lost_track,10
173,865,28.833,camera_2,reacquired,10
174,870,29.0,camera_3,removed,-1
174,870,29.0,camera_5,new_track,9
174,870,29.0,camera_5,lost_track,3
175,875,29.167,camera_2,lost_track,8
175,875,29.167,camera_3,new_track,17
175,875,29.167,camera_5,removed,-1
176,880,29.333,camera_2,lost_track,10
177,885,29.5,camera_2,removed,-1
177,885,29.5,camera_5,new_track,10
177,885,29.5,camera_5,removed,-1
180,900,30.0,camera_5,removed,6
181,905,30.167,camera_2,removed,7
182,910,30.333,camera_2,removed,-1
182,910,30.333,camera_3,removed,15
183,915,30.5,camera_5,new_track,11
183,915,30.5,camera_5,lost_track,10
183,915,30.5,camera_5,removed,5
184,920,30.667,camera_1,removed,-1
184,920,30.667,camera_5,reacquired,10
185,925,30.833,camera_5,lost_track,10
187,935,31.167,camera_1,new_track,8
188,940,31.333,camera_1,lost_track,1
188,940,31.333,camera_5,lost_track,11
189,945,31.5,camera_5,reacquired,11
190,950,31.667,camera_1,lost_track,7
191,955,31.833,camera_1,reacquired,7
191,955,31.833,camera_3,removed,11
191,955,31.833,camera_5,lost_track,9
191,955,31.833,camera_5,removed,2
192,960,32.0,camera_1,lost_track,7
192,960,32.0,camera_5,removed,-1
193,965,32.167,camera_5,new_track,12
193,965,32.167,camera_5,removed,8
194,970,32.333,camera_1,reacquired,7
194,970,32.333,camera_3,removed,-1
194,970,32.333,camera_5,removed,7
195,975,32.5,camera_1,lost_track,7
195,975,32.5,camera_5,lost_track,11
196,980,32.667,camera_3,removed,16
196,980,32.667,camera_5,reacquired,11
196,980,32.667,camera_6,new_track,1
197,985,32.833,camera_2,new_track,11
197,985,32.833,camera_3,removed,-1
197,985,32.833,camera_5,lost_track,11
198,990,33.0,camera_3,lost_track,17
198,990,33.0,camera_5,reacquired,11
199,995,33.167,camera_3,reacquired,17
200,1000,33.333,camera_5,lost_track,11
201,1005,33.5,camera_2,lost_track,11
201,1005,33.5,camera_5,reacquired,11
201,1005,33.5,camera_6,lost_track,1
202,1010,33.667,camera_2,reacquired,11
202,1010,33.667,camera_6,new_track,2
202,1010,33.667,camera_6,removed,-1
204,1020,34.0,camera_5,removed,3
205,1025,34.167,camera_2,lost_track,11
205,1025,34.167,camera_2,removed,8
205,1025,34.167,camera_5,lost_track,12
205,1025,34.167,camera_6,removed,-1
206,1030,34.333,camera_2,removed,10
206,1030,34.333,camera_6,new_track,3
207,1035,34.5,camera_2,reacquired,11
207,1035,34.5,camera_3,lost_track,17
208,1040,34.667,camera_2,lost_track,11
208,1040,34.667,camera_6,lost_track,2
209,1045,34.833,camera_6,new_track,4
209,1045,34.833,camera_6,new_track,5
211,1055,35.167,camera_3,new_track,18
211,1055,35.167,camera_5,lost_track,11
211,1055,35.167,camera_6,removed,-1
212,1060,35.333,camera_5,reacquired,11
212,1060,35.333,camera_6,lost_track,3
213,1065,35.5,camera_5,lost_track,11
213,1065,35.5,camera_6,reacquired,3
215,1075,35.833,camera_3,lost_track,18
215,1075,35.833,camera_4,removed,-1
215,1075,35.833,camera_5,removed,10
216,1080,36.0,camera_2,new_track,12
218,1090,36.333,camera_1,removed,1
218,1090,36.333,camera_2,lost_track,12
218,1090,36.333,camera_4,new_track,1
219,1095,36.5,camera_2,new_track,13
220,1100,36.667,camera_6,lost_track,3
221,1105,36.833,camera_2,lost_track,9
221,1105,36.833,camera_2,lost_track,13
221,1105,36.833,camera_5,removed,9
223,1115,37.167,camera_2,reacquired,13
225,1125,37.5,camera_1,new_track,9
225,1125,37.5,camera_1,removed,7
226,1130,37.667,camera_2,lost_track,13
226,1130,37.667,camera_3,new_track,19
227,1135,37.833,camera_2,reacquired,13
228,1140,38.0,camera_3,lost_track,19
229,1145,38.167,camera_3,reacquired,19
231,1155,38.5,camera_6,lost_track,5
231,1155,38.5,camera_6,removed,1
232,1160,38.667,camera_3,lost_track,19
234,1170,39.0,camera_4,removed,-1
234,1170,39.0,camera_6,reacquired,5
235,1175,39.167,camera_3,removed,-1
235,1175,39.167,camera_4,lost_track,1
235,1175,39.167,camera_5,removed,12
236,1180,39.333,camera_4,reacquired,1
236,1180,39.333,camera_4,removed,-1
237,1185,39.5,camera_3,new_track,20
237,1185,39.5,camera_3,removed,17
237,1185,39.5,camera_6,removed,-1
238,1190,39.667,camera_2,removed,11
238,1190,39.667,camera_6,removed,2
239,1195,39.833,camera_3,lost_track,20
240,1200,40.0,camera_3,reacquired,20
240,1200,40.0,camera_6,new_track,6
241,1205,40.167,camera_1,new_track,10
242,1210,40.333,camera_1,lost_track,10
243,1215,40.5,camera_5,removed,11
244,1220,40.667,camera_1,reacquired,10
244,1220,40.667,camera_2,lost_track,13
244,1220,40.667,camera_4,removed,-1
245,1225,40.833,camera_3,removed,18
248,1240,41.333,camera_2,removed,12
248,1240,41.333,camera_6,lost_track,4
249,1245,41.5,camera_3,new_track,21
250,1250,41.667,camera_2,removed,-1
250,1250,41.667,camera_6,removed,3
251,1255,41.833,camera_1,lost_track,10
251,1255,41.833,camera_2,removed,9
251,1255,41.833,camera_4,removed,-1
251,1255,41.833,camera_6,lost_track,5
252,1260,42.0,camera_1,reacquired,10
252,1260,42.0,camera_3,new_track,22
254,1270,42.333,camera_1,lost_track,10
256,1280,42.667,camera_2,new_track,14
256,1280,42.667,camera_6,lost_track,6
257,1285,42.833,camera_6,removed,-1
258,1290,43.0,camera_3,lost_track,20
258,1290,43.0,camera_3,removed,-1
258,1290,43.0,camera_5,new_track,13
259,1295,43.167,camera_3,new_track,23
259,1295,43.167,camera_3,lost_track,21
260,1300,43.333,camera_3,removed,-1
261,1305,43.5,camera_3,lost_track,22
261,1305,43.5,camera_7,new_track,1
262,1310,43.667,camera_3,removed,19
262,1310,43.667,camera_4,removed,-1
262,1310,43.667,camera_7,lost_track,1
263,1315,43.833,camera_5,new_track,14
264,1320,44.0,camera_7,removed,-1
266,1330,44.333,camera_3,removed,-1
267,1335,44.5,camera_3,lost_track,23
267,1335,44.5,camera_7,new_track,2
268,1340,44.667,camera_7,lost_track,2
269,1345,44.833,camera_4,lost_track,1
269,1345,44.833,camera_5,new_track,15
269,1345,44.833,camera_7,reacquired,2
270,1350,45.0,camera_4,new_track,2
271,1355,45.167,camera_4,new_track,3
271,1355,45.167,camera_4,lost_track,2
272,1360,45.333,camera_1,new_track,11
272,1360,45.333,camera_2,lost_track,14
272,1360,45.333,camera_5,lost_track,15
273,1365,45.5,camera_1,lost_track,11
273,1365,45.5,camera_1,removed,-1
274,1370,45.667,camera_1,reacquired,11
274,1370,45.667,camera_2,removed,13
275,1375,45.833,camera_1,lost_track,11
275,1375,45.833,camera_1,removed,-1
275,1375,45.833,camera_2,new_track,15
275,1375,45.833,camera_5,reacquired,15
276,1380,46.0,camera_4,reacquired,2
276,1380,46.0,camera_4,lost_track,3
276,1380,46.0,camera_5,lost_track,15
277,1385,46.167,camera_4,reacquired,3
277,1385,46.167,camera_4,lost_track,2
278,1390,46.333,camera_6,removed,4
280,1400,46.667,camera_2,lost_track,15
281,1405,46.833,camera_3,reacquired,20
281,1405,46.833,camera_3,removed,-1
281,1405,46.833,camera_6,removed,5
284,1420,47.333,camera_1,removed,10
285,1425,47.5,camera_3,new_track,24
286,1430,47.667,camera_3,lost_track,20
286,1430,47.667,camera_6,removed,6
287,1435,47.833,camera_3,reacquired,20
287,1435,47.833,camera_3,lost_track,24
287,1435,47.833,camera_5,lost_track,14
288,1440,48.0,camera_3,lost_track,20
289,1445,48.167,camera_3,reacquired,20
289,1445,48.167,camera_3,removed,21
289,1445,48.167,camera_5,reacquired,14
290,1450,48.333,camera_5,removed,-1
291,1455,48.5,camera_2,removed,-1
291,1455,48.5,camera_3,removed,22
292,1460,48.667,camera_7,removed,1
293,1465,48.833,camera_2,new_track,16
293,1465,48.833,camera_2,new_track,17
293,1465,48.833,camera_5,lost_track,14
294,1470,49.0,camera_5,removed,-1
295,1475,49.167,camera_1,lost_track,9
295,1475,49.167,camera_2,lost_track,16
295,1475,49.167,camera_4,removed,-1
296,1480,49.333,camera_1,reacquired,9
296,1480,49.333,camera_3,new_track,25
297,1485,49.5,camera_3,removed,23
299,1495,49.833,camera_1,lost_track,9
299,1495,49.833,camera_4,removed,1
300,1500,50.0,camera_5,lost_track,13
301,1505,50.167,camera_5,new_track,16
302,1510,50.333,camera_2,removed,14
302,1510,50.333,camera_4,lost_track,3
305,1525,50.833,camera_1,removed,11
305,1525,50.833,camera_5,new_track,17
305,1525,50.833,camera_5,removed,-1
306,1530,51.0,camera_5,removed,15
307,1535,51.167,camera_4,removed,2
307,1535,51.167,camera_5,removed,-1
309,1545,51.5,camera_3,lost_track,25
309,1545,51.5,camera_5,lost_track,16
310,1550,51.667,camera_2,new_track,18
310,1550,51.667,camera_2,removed,15
311,1555,51.833,camera_3,lost_track,20
311,1555,51.833,camera_4,new_track,4
312,1560,52.0,camera_1,new_track,12
313,1565,52.167,camera_1,lost_track,12
313,1565,52.167,camera_3,new_track,26
313,1565,52.167,camera_3,new_track,27
313,1565,52.167,camera_4,new_track,5
314,1570,52.333,camera_2,lost_track,18
315,1575,52.5,camera_2,reacquired,18
315,1575,52.5,camera_4,lost_track,5
315,1575,52.5,camera_5,reacquired,13
315,1575,52.5,camera_5,lost_track,17
316,1580,52.667,camera_4,reacquired,5
317,1585,52.833,camera_3,removed,24
318,1590,53.0,camera_2,lost_track,18
318,1590,53.0,camera_3,lost_track,27
318,1590,53.0,camera_4,lost_track,5
318,1590,53.0,camera_5,new_track,18
320,1600,53.333,camera_5,lost_track,18
323,1615,53.833,camera_4,removed,-1
323,1615,53.833,camera_5,removed,14
325,1625,54.167,camera_2,removed,16
326,1630,54.333,camera_2,lost_track,17
328,1640,54.667,camera_3,reacquired,27
329,1645,54.833,camera_1,removed,9
329,1645,54.833,camera_2,reacquired,17
329,1645,54.833,camera_4,new_track,6
331,1655,55.167,camera_1,removed,-1
332,1660,55.333,camera_4,removed,3
334,1670,55.667,camera_2,new_track,19
334,1670,55.667,camera_3,lost_track,26
334,1670,55.667,camera_4,new_track,7
334,1670,55.667,camera_4,lost_track,6
335,1675,55.833,camera_3,lost_track,27
335,1675,55.833,camera_5,new_track,19
336,1680,56.0,camera_4,lost_track,7
336,1680,56.0,camera_6,removed,-1
337,1685,56.167,camera_6,new_track,7
338,1690,56.333,camera_5,lost_track,13
338,1690,56.333,camera_6,new_track,8
339,1695,56.5,camera_3,removed,25
339,1695,56.5,camera_5,removed,16
340,1700,56.667,camera_6,new_track,9
341,1705,56.833,camera_3,removed,20
341,1705,56.833,camera_5,lost_track,19
341,1705,56.833,camera_6,lost_track,8
341,1705,56.833,camera_6,lost_track,9
342,1710,57.0,camera_3,lost_track,1
342,1710,57.0,camera_6,reacquired,8
342,1710,57.0,camera_6,reacquired,9
343,1715,57.167,camera_1,removed,12
343,1715,57.167,camera_3,removed,-1
343,1715,57.167,camera_4,removed,-1
343,1715,57.167,camera_6,lost_track,8
344,1720,57.333,camera_5,removed,-1
345,1725,57.5,camera_5,removed,17
345,1725,57.5,camera_6,removed,-1
346,1730,57.667,camera_3,new_track,28
346,1730,57.667,camera_5,new_track,20
346,1730,57.667,camera_6,lost_track,7
347,1735,57.833,camera_6,new_track,10
348,1740,58.0,camera_2,removed,18
348,1740,58.0,camera_3,removed,-1
348,1740,58.0,camera_4,removed,5
349,1745,58.167,camera_1,removed,-1
349,1745,58.167,camera_3,lost_track,28
349,1745,58.167,camera_5,lost_track,20
349,1745,58.167,camera_6,reacquired,7
349,1745,58.167,camera_6,reacquired,8
349,1745,58.167,camera_6,lost_track,10
349,1745,58.167,camera_6,removed,-1
350,1750,58.333,camera_3,removed,-1
350,1750,58.333,camera_4,removed,-1
350,1750,58.333,camera_5,removed,18
351,1755,58.5,camera_1,new_track,13
351,1755,58.5,camera_4,new_track,8
352,1760,58.667,camera_2,lost_track,19
352,1760,58.667,camera_3,new_track,29
352,1760,58.667,camera_3,reacquired,28
353,1765,58.833,camera_2,removed,-1
353,1765,58.833,camera_6,reacquired,10
353,1765,58.833,camera_6,lost_track,8
353,1765,58.833,camera_6,removed,-1
354,1770,59.0,camera_7,lost_track,2
355,1775,59.167,camera_6,lost_track,9
355,1775,59.167,camera_7,removed,-1
358,1790,59.667,camera_4,lost_track,4
358,1790,59.667,camera_7,new_track,3
360,1800,60.0,camera_2,lost_track,17
363,1815,60.5,camera_2,removed,-1
363,1815,60.5,camera_7,lost_track,3
364,1820,60.667,camera_1,removed,-1
364,1820,60.667,camera_3,removed,26
364,1820,60.667,camera_4,removed,6
364,1820,60.667,camera_5,removed,-1
364,1820,60.667,camera_7,reacquired,3
365,1825,60.833,camera_3,removed,27
365,1825,60.833,camera_5,new_track,21
365,1825,60.833,camera_6,lost_track,10
365,1825,60.833,camera_7,lost_track,3
366,1830,61.0,camera_2,removed,-1
366,1830,61.0,camera_4,removed,7
366,1830,61.0,camera_6,lost_track,7
367,1835,61.167,camera_3,new_track,30
367,1835,61.167,camera_6,reacquired,7
368,1840,61.333,camera_3,lost_track,30
368,1840,61.333,camera_5,removed,13
370,1850,61.667,camera_2,removed,-1
370,1850,61.667,camera_5,removed,-1
371,1855,61.833,camera_2,new_track,20
371,1855,61.833,camera_4,lost_track,8
371,1855,61.833,camera_4,removed,-1
371,1855,61.833,camera_5,removed,19
372,1860,62.0,camera_3,lost_track,29
372,1860,62.0,camera_3,removed,1
372,1860,62.0,camera_5,removed,-1
374,1870,62.333,camera_3,new_track,31
374,1870,62.333,camera_4,removed,-1
374,1870,62.333,camera_5,new_track,22
374,1870,62.333,camera_5,lost_track,21
374,1870,62.333,camera_6,lost_track,7
375,1875,62.5,camera_5,lost_track,22
375,1875,62.5,camera_5,removed,-1
375,1875,62.5,camera_6,reacquired,7
376,1880,62.667,camera_4,new_track,9
376,1880,62.667,camera_7,removed,-1
378,1890,63.0,camera_5,reacquired,22
379,1895,63.167,camera_3,lost_track,31
379,1895,63.167,camera_5,removed,20
379,1895,63.167,camera_7,new_track,4
380,1900,63.333,camera_5,lost_track,22
380,1900,63.333,camera_6,lost_track,7
381,1905,63.5,camera_6,reacquired,7
382,1910,63.667,camera_2,removed,19
382,1910,63.667,camera_3,removed,-1
382,1910,63.667,camera_5,reacquired,22
383,1915,63.833,camera_6,removed,8
384,1920,64.0,camera_7,removed,2
385,1925,64.167,camera_6,removed,9
388,1940,64.667,camera_2,lost_track,20
388,1940,64.667,camera_4,removed,4
388,1940,64.667,camera_5,lost_track,22
388,1940,64.667,camera_7,lost_track,4
389,1945,64.833,camera_3,new_track,32
389,1945,64.833,camera_5,reacquired,22
389,1945,64.833,camera_7,removed,-1
390,1950,65.0,camera_2,removed,17
390,1950,65.0,camera_5,lost_track,22
392,1960,65.333,camera_5,new_track,23
392,1960,65.333,camera_7,removed,-1
393,1965,65.5,camera_7,new_track,5
394,1970,65.667,camera_7,lost_track,5
395,1975,65.833,camera_1,lost_track,13
395,1975,65.833,camera_6,removed,10
395,1975,65.833,camera_7,removed,3
396,1980,66.0,camera_2,new_track,21
397,1985,66.167,camera_6,lost_track,7
398,1990,66.333,camera_3,removed,30
398,1990,66.333,camera_5,new_track,24
398,1990,66.333,camera_6,removed,-1
398,1990,66.333,camera_7,removed,-1
401,2005,66.833,camera_4,removed,8
401,2005,66.833,camera_7,new_track,6
402,2010,67.0,camera_3,lost_track,32
402,2010,67.0,camera_3,removed,29
403,2015,67.167,camera_3,reacquired,32
403,2015,67.167,camera_7,lost_track,6
404,2020,67.333,camera_5,removed,21
404,2020,67.333,camera_5,removed,-1
404,2020,67.333,camera_7,reacquired,6
408,2040,68.0,camera_6,new_track,11
409,2045,68.167,camera_3,lost_track,32
409,2045,68.167,camera_3,removed,31
409,2045,68.167,camera_5,lost_track,23
410,2050,68.333,camera_3,reacquired,32
412,2060,68.667,camera_3,lost_track,32
416,2080,69.333,camera_2,lost_track,21
417,2085,69.5,camera_2,removed,-1
417,2085,69.5,camera_7,lost_track,6
418,2090,69.667,camera_2,removed,20
418,2090,69.667,camera_7,removed,4
420,2100,70.0,camera_5,removed,22
420,2100,70.0,camera_7,new_track,7
421,2105,70.167,camera_2,removed,-1
423,2115,70.5,camera_2,removed,-1
423,2115,70.5,camera_5,lost_track,24
424,2120,70.667,camera_4,lost_track,9
424,2120,70.667,camera_6,new_track,12
424,2120,70.667,camera_7,removed,5
425,2125,70.833,camera_1,removed,13
426,2130,71.0,camera_2,new_track,22
426,2130,71.0,camera_5,reacquired,24
427,2135,71.167,camera_5,removed,-1
427,2135,71.167,camera_6,removed,7
428,2140,71.333,camera_2,lost_track,22
428,2140,71.333,camera_5,lost_track,24
429,2145,71.5,camera_7,lost_track,7
431,2155,71.833,camera_5,reacquired,24
432,2160,72.0,camera_5,lost_track,24
432,2160,72.0,camera_7,new_track,8
434,2170,72.333,camera_2,new_track,23
435,2175,72.5,camera_6,lost_track,12
436,2180,72.667,camera_4,new_track,10
438,2190,73.0,camera_2,lost_track,23
438,2190,73.0,camera_6,lost_track,11
439,2195,73.167,camera_5,removed,23
439,2195,73.167,camera_6,new_track,13
441,2205,73.5,camera_4,removed,-1
441,2205,73.5,camera_6,new_track,14
441,2205,73.5,camera_6,reacquired,11
442,2210,73.667,camera_3,removed,32
443,2215,73.833,camera_4,removed,-1
443,2215,73.833,camera_6,lost_track,14
444,2220,74.0,camera_6,lost_track,11
445,2225,74.167,camera_6,lost_track,13
446,2230,74.333,camera_2,removed,21
446,2230,74.333,camera_2,removed,-1
446,2230,74.333,camera_4,removed,-1
446,2230,74.333,camera_7,removed,-1
447,2235,74.5,camera_6,removed,-1
447,2235,74.5,camera_7,removed,6
448,2240,74.667,camera_2,new_track,24
448,2240,74.667,camera_6,reacquired,11
448,2240,74.667,camera_6,reacquired,13
449,2245,74.833,camera_3,new_track,33
449,2245,74.833,camera_7,lost_track,8
449,2245,74.833,camera_7,removed,-1
450,2250,75.0,camera_3,removed,-1
450,2250,75.0,camera_5,new_track,25
451,2255,75.167,camera_4,new_track,11
451,2255,75.167,camera_4,new_track,12
451,2255,75.167,camera_6,lost_track,11
452,2260,75.333,camera_4,lost_track,10
452,2260,75.333,camera_6,lost_track,13
453,2265,75.5,camera_7,removed,-1
454,2270,75.667,camera_4,removed,9
454,2270,75.667,camera_7,new_track,9
455,2275,75.833,camera_4,lost_track,11
455,2275,75.833,camera_7,lost_track,9
457,2285,76.167,camera_5,new_track,26
457,2285,76.167,camera_7,removed,-1
458,2290,76.333,camera_2,new_track,25
458,2290,76.333,camera_2,removed,22
458,2290,76.333,camera_6,new_track,15
458,2290,76.333,camera_6,removed,-1
459,2295,76.5,camera_4,lost_track,12
459,2295,76.5,camera_6,lost_track,15
459,2295,76.5,camera_7,removed,7
460,2300,76.667,camera_3,new_track,34
460,2300,76.667,camera_3,lost_track,33
460,2300,76.667,camera_4,removed,-1
460,2300,76.667,camera_6,reacquired,15
461,2305,76.833,camera_3,reacquired,33
461,2305,76.833,camera_3,removed,-1
461,2305,76.833,camera_5,lost_track,25
462,2310,77.0,camera_2,lost_track,24
462,2310,77.0,camera_4,removed,-1
462,2310,77.0,camera_5,reacquired,25
462,2310,77.0,camera_5,removed,24
463,2315,77.167,camera_5,lost_track,25
464,2320,77.333,camera_5,reacquired,25
465,2325,77.5,camera_2,reacquired,24
465,2325,77.5,camera_5,lost_track,25
465,2325,77.5,camera_6,new_track,16
465,2325,77.5,camera_6,lost_track,15
465,2325,77.5,camera_6,removed,12
467,2335,77.833,camera_2,lost_track,24
468,2340,78.0,camera_2,new_track,26
468,2340,78.0,camera_2,removed,23
468,2340,78.0,camera_6,lost_track,16
470,2350,78.333,camera_3,lost_track,34
473,2365,78.833,camera_6,removed,14
474,2370,79.0,camera_2,lost_track,25
475,2375,79.167,camera_3,lost_track,33
475,2375,79.167,camera_5,lost_track,26
476,2380,79.333,camera_2,new_track,27
477,2385,79.5,camera_2,lost_track,26
478,2390,79.667,camera_2,reacquired,26
478,2390,79.667,camera_2,lost_track,27
478,2390,79.667,camera_3,new_track,35
479,2395,79.833,camera_7,removed,8
480,2400,80.0,camera_2,removed,-1
480,2400,80.0,camera_7,removed,-1
481,2405,80.167,camera_6,removed,11
482,2410,80.333,camera_4,removed,10
482,2410,80.333,camera_6,removed,13
482,2410,80.333,camera_7,new_track,10
483,2415,80.5,camera_7,lost_track,10
485,2425,80.833,camera_4,removed,11
485,2425,80.833,camera_7,removed,9
488,2440,81.333,camera_7,removed,-1
489,2445,81.5,camera_4,removed,12
490,2450,81.667,camera_3,lost_track,35
491,2455,81.833,camera_2,removed,-1
491,2455,81.833,camera_3,reacquired,35
491,2455,81.833,camera_7,new_track,11
492,2460,82.0,camera_3,lost_track,35
493,2465,82.167,camera_3,removed,-1
494,2470,82.333,camera_2,new_track,28
495,2475,82.5,camera_2,lost_track,28
495,2475,82.5,camera_5,new_track,27
495,2475,82.5,camera_5,removed,25
495,2475,82.5,camera_6,removed,15
497,2485,82.833,camera_2,removed,24
498,2490,83.0,camera_6,removed,16
499,2495,83.167,camera_2,lost_track,26
499,2495,83.167,camera_4,new_track,13
500,2500,83.333,camera_3,removed,34
501,2505,83.5,camera_5,lost_track,27
504,2520,84.0,camera_2,removed,25
504,2520,84.0,camera_3,removed,-1
505,2525,84.167,camera_3,removed,33
505,2525,84.167,camera_5,removed,26
508,2540,84.667,camera_2,removed,27
508,2540,84.667,camera_3,new_track,36
512,2560,85.333,camera_4,new_track,14
513,2565,85.5,camera_7,removed,10
514,2570,85.667,camera_3,lost_track,36
518,2590,86.333,camera_4,new_track,15
518,2590,86.333,camera_4,lost_track,13
519,2595,86.5,camera_7,lost_track,11
520,2600,86.667,camera_4,removed,-1
522,2610,87.0,camera_3,removed,35
522,2610,87.0,camera_4,removed,-1
523,2615,87.167,camera_4,new_track,16
525,2625,87.5,camera_2,removed,28
526,2630,87.667,camera_4,lost_track,14
527,2635,87.833,camera_4,reacquired,14
528,2640,88.0,camera_4,lost_track,14
529,2645,88.167,camera_2,new_track,29
529,2645,88.167,camera_2,removed,26
530,2650,88.333,camera_4,lost_track,16
531,2655,88.5,camera_4,reacquired,16
531,2655,88.5,camera_5,removed,27
533,2665,88.833,camera_3,new_track,37
537,2685,89.5,camera_1,new_track,14
538,2690,89.667,camera_2,lost_track,29
539,2695,89.833,camera_2,reacquired,29
540,2700,90.0,camera_2,lost_track,29
541,2705,90.167,camera_2,reacquired,29
541,2705,90.167,camera_5,removed,-1
542,2710,90.333,camera_2,lost_track,29
542,2710,90.333,camera_3,lost_track,37
543,2715,90.5,camera_5,new_track,28
544,2720,90.667,camera_3,new_track,38
544,2720,90.667,camera_3,removed,36
548,2740,91.333,camera_4,removed,13
549,2745,91.5,camera_4,lost_track,16
549,2745,91.5,camera_7,removed,11
550,2750,91.667,camera_4,reacquired,16
557,2785,92.833,camera_5,lost_track,28
558,2790,93.0,camera_4,removed,14
560,2800,93.333,camera_5,removed,-1
562,2810,93.667,camera_1,removed,-1
564,2820,94.0,camera_1,removed,-1
565,2825,94.167,camera_3,lost_track,38
565,2825,94.167,camera_5,new_track,29
566,2830,94.333,camera_1,removed,-1
566,2830,94.333,camera_5,lost_track,29
567,2835,94.5,camera_5,reacquired,29
568,2840,94.667,camera_5,lost_track,29
569,2845,94.833,camera_1,lost_track,14
569,2845,94.833,camera_5,reacquired,29
570,2850,95.0,camera_5,new_track,30
572,2860,95.333,camera_2,removed,29
572,2860,95.333,camera_3,removed,37
572,2860,95.333,camera_5,lost_track,30
573,2865,95.5,camera_2,new_track,30
576,2880,96.0,camera_7,new_track,12
578,2890,96.333,camera_2,new_track,31
579,2895,96.5,camera_2,lost_track,31
580,2900,96.667,camera_3,new_track,39
580,2900,96.667,camera_4,lost_track,16
580,2900,96.667,camera_5,lost_track,29
581,2905,96.833,camera_5,reacquired,29
582,2910,97.0,camera_4,removed,-1
583,2915,97.167,camera_5,lost_track,29
583,2915,97.167,camera_5,removed,-1
584,2920,97.333,camera_3,lost_track,39
585,2925,97.5,camera_3,reacquired,39
585,2925,97.5,camera_5,new_track,31
586,2930,97.667,camera_4,removed,-1
587,2935,97.833,camera_3,lost_track,39
587,2935,97.833,camera_5,removed,28
587,2935,97.833,camera_6,new_track,17
589,2945,98.167,camera_6,new_track,18
591,2955,98.5,camera_4,lost_track,15
592,2960,98.667,camera_5,removed,-1
593,2965,98.833,camera_6,lost_track,18
594,2970,99.0,camera_5,removed,-1
594,2970,99.0,camera_6,lost_track,17
595,2975,99.167,camera_1,new_track,15
595,2975,99.167,camera_3,removed,38
596,2980,99.333,camera_6,reacquired,17
596,2980,99.333,camera_6,removed,-1
597,2985,99.5,camera_6,new_track,19
597,2985,99.5,camera_6,lost_track,17
598,2990,99.667,camera_1,removed,-1
598,2990,99.667,camera_5,lost_track,31
599,2995,99.833,camera_1,removed,14
599,2995,99.833,camera_5,reacquired,31
600,3000,100.0,camera_2,lost_track,30
600,3000,100.0,camera_5,new_track,32
600,3000,100.0,camera_5,lost_track,31
601,3005,100.167,camera_2,reacquired,30
601,3005,100.167,camera_5,new_track,33
601,3005,100.167,camera_5,lost_track,32
601,3005,100.167,camera_6,new_track,20
601,3005,100.167,camera_7,lost_track,12
602,3010,100.333,camera_5,reacquired,32
602,3010,100.333,camera_5,removed,30
602,3010,100.333,camera_6,lost_track,20
602,3010,100.333,camera_7,reacquired,12
603,3015,100.5,camera_6,reacquired,20
604,3020,100.667,camera_5,lost_track,32
604,3020,100.667,camera_6,reacquired,18
604,3020,100.667,camera_6,lost_track,20
604,3020,100.667,camera_6,removed,-1
606,3030,101.0,camera_5,reacquired,32
606,3030,101.0,camera_7,lost_track,12
607,3035,101.167,camera_2,lost_track,30
607,3035,101.167,camera_7,reacquired,12
608,3040,101.333,camera_2,reacquired,30
608,3040,101.333,camera_5,lost_track,32
608,3040,101.333,camera_7,lost_track,12
609,3045,101.5,camera_2,removed,31
610,3050,101.667,camera_4,removed,16
610,3050,101.667,camera_5,new_track,34
610,3050,101.667,camera_5,reacquired,32
611,3055,101.833,camera_5,new_track,35
611,3055,101.833,camera_5,lost_track,33
611,3055,101.833,camera_5,lost_track,34
611,3055,101.833,camera_6,lost_track,18
612,3060,102.0,camera_2,lost_track,30
612,3060,102.0,camera_5,reacquired,33
612,3060,102.0,camera_5,lost_track,35
612,3060,102.0,camera_6,lost_track,19
613,3065,102.167,camera_5,lost_track,32
613,3065,102.167,camera_5,lost_track,33
613,3065,102.167,camera_5,removed,29
613,3065,102.167,camera_6,removed,-1
614,3070,102.333,camera_3,removed,-1
614,3070,102.333,camera_4,new_track,17
614,3070,102.333,camera_5,new_track,36
614,3070,102.333,camera_5,removed,-1
615,3075,102.5,camera_5,new_track,37
616,3080,102.667,camera_2,removed,-1
617,3085,102.833,camera_3,removed,39
619,3095,103.167,camera_2,reacquired,30
620,3100,103.333,camera_3,new_track,40
620,3100,103.333,camera_4,new_track,18
620,3100,103.333,camera_4,lost_track,17
620,3100,103.333,camera_5,lost_track,36
621,3105,103.5,camera_2,new_track,32
621,3105,103.5,camera_4,removed,15
621,3105,103.5,camera_5,reacquired,36
621,3105,103.5,camera_5,lost_track,37
622,3110,103.667,camera_2,lost_track,30
622,3110,103.667,camera_2,removed,-1
623,3115,103.833,camera_5,removed,-1
624,3120,104.0,camera_1,lost_track,15
624,3120,104.0,camera_5,new_track,38
625,3125,104.167,camera_1,reacquired,15
625,3125,104.167,camera_5,lost_track,38
626,3130,104.333,camera_1,lost_track,15
627,3135,104.5,camera_4,lost_track,18
627,3135,104.5,camera_6,removed,17
630,3150,105.0,camera_4,new_track,19
630,3150,105.0,camera_5,removed,31
631,3155,105.167,camera_1,removed,-1
631,3155,105.167,camera_7,removed,-1
634,3170,105.667,camera_6,removed,20
634,3170,105.667,camera_7,removed,-1
636,3180,106.0,camera_1,removed,-1
636,3180,106.0,camera_7,removed,-1
637,3185,106.167,camera_4,lost_track,19
638,3190,106.333,camera_7,removed,12
640,3200,106.667,camera_7,new_track,13
641,3205,106.833,camera_5,removed,34
641,3205,106.833,camera_6,removed,18
642,3210,107.0,camera_3,lost_track,40
642,3210,107.0,camera_5,lost_track,36
642,3210,107.0,camera_5,removed,35
642,3210,107.0,camera_6,removed,19
643,3215,107.167,camera_3,reacquired,40
643,3215,107.167,camera_3,removed,-1
643,3215,107.167,camera_5,reacquired,36
643,3215,107.167,camera_5,removed,32
643,3215,107.167,camera_5,removed,33
644,3220,107.333,camera_2,reacquired,30
644,3220,107.333,camera_2,lost_track,32
644,3220,107.333,camera_3,lost_track,40
645,3225,107.5,camera_5,lost_track,36
646,3230,107.667,camera_6,new_track,21
648,3240,108.0,camera_2,lost_track,30
648,3240,108.0,camera_4,new_track,20
648,3240,108.0,camera_7,lost_track,13
650,3250,108.333,camera_4,removed,17
651,3255,108.5,camera_5,removed,37
653,3265,108.833,camera_6,lost_track,21
655,3275,109.167,camera_5,removed,38
656,3280,109.333,camera_1,removed,15
656,3280,109.333,camera_6,removed,-1
657,3285,109.5,camera_2,removed,-1
657,3285,109.5,camera_4,removed,18
657,3285,109.5,camera_6,reacquired,21
658,3290,109.667,camera_6,lost_track,21
659,3295,109.833,camera_6,reacquired,21
660,3300,110.0,camera_2,reacquired,30
660,3300,110.0,camera_2,removed,-1
660,3300,110.0,camera_6,lost_track,21
662,3310,110.333,camera_6,new_track,22
662,3310,110.333,camera_6,reacquired,21
663,3315,110.5,camera_2,lost_track,30
663,3315,110.5,camera_6,lost_track,21
664,3320,110.667,camera_6,reacquired,21
664,3320,110.667,camera_6,lost_track,22
664,3320,110.667,camera_7,new_track,14
666,3330,111.0,camera_6,lost_track,21
666,3330,111.0,camera_6,removed,-1
667,3335,111.167,camera_4,removed,19
667,3335,111.167,camera_6,reacquired,21
669,3345,111.5,camera_3,new_track,41
669,3345,111.5,camera_6,new_track,23
669,3345,111.5,camera_6,lost_track,21
670,3350,111.667,camera_6,removed,-1
673,3365,112.167,camera_4,new_track,21
674,3370,112.333,camera_2,removed,32
674,3370,112.333,camera_3,removed,40
674,3370,112.333,camera_4,lost_track,20
674,3370,112.333,camera_7,lost_track,14
675,3375,112.5,camera_4,removed,-1
675,3375,112.5,camera_5,removed,36
675,3375,112.5,camera_6,reacquired,21
675,3375,112.5,camera_6,removed,-1
675,3375,112.5,camera_7,reacquired,14
675,3375,112.5,camera_7,removed,-1
676,3380,112.667,camera_6,lost_track,23
677,3385,112.833,camera_3,removed,-1
677,3385,112.833,camera_4,lost_track,21
678,3390,113.0,camera_6,reacquired,23
678,3390,113.0,camera_6,lost_track,21
678,3390,113.0,camera_6,removed,-1
678,3390,113.0,camera_7,removed,13
680,3400,113.333,camera_2,new_track,33
681,3405,113.5,camera_3,lost_track,41
681,3405,113.5,camera_6,removed,-1
682,3410,113.667,camera_3,reacquired,41
685,3425,114.167,camera_7,lost_track,14
691,3455,115.167,camera_7,removed,-1
692,3460,115.333,camera_2,lost_track,33
692,3460,115.333,camera_4,new_track,22
692,3460,115.333,camera_7,new_track,15
693,3465,115.5,camera_2,reacquired,33
693,3465,115.5,camera_2,removed,30
694,3470,115.667,camera_6,new_track,24
694,3470,115.667,camera_6,removed,22
695,3475,115.833,camera_4,removed,-1
695,3475,115.833,camera_7,lost_track,15
696,3480,116.0,camera_4,lost_track,22
697,3485,116.167,camera_4,new_track,23
697,3485,116.167,camera_4,reacquired,22
697,3485,116.167,camera_7,reacquired,15
698,3490,116.333,camera_2,removed,-1
698,3490,116.333,camera_4,lost_track,23
699,3495,116.5,camera_2,lost_track,33
699,3495,116.5,camera_7,removed,-1
704,3520,117.333,camera_4,removed,20
705,3525,117.5,camera_5,new_track,39
707,3535,117.833,camera_4,removed,21
707,3535,117.833,camera_5,new_track,40
708,3540,118.0,camera_6,removed,21
709,3545,118.167,camera_7,new_track,16
710,3550,118.333,camera_3,new_track,42
713,3565,118.833,camera_4,reacquired,23
713,3565,118.833,camera_4,lost_track,22
713,3565,118.833,camera_7,lost_track,15
714,3570,119.0,camera_1,removed,-1
714,3570,119.0,camera_3,lost_track,42
714,3570,119.0,camera_5,lost_track,40
714,3570,119.0,camera_6,lost_track,23
715,3575,119.167,camera_7,removed,14
716,3580,119.333,camera_3,lost_track,41
716,3580,119.333,camera_3,removed,-1
716,3580,119.333,camera_5,reacquired,40
716,3580,119.333,camera_6,reacquired,23
717,3585,119.5,camera_4,lost_track,23
717,3585,119.5,camera_5,lost_track,39
718,3590,119.667,camera_5,reacquired,39
719,3595,119.833,camera_5,lost_track,39
720,3600,120.0,camera_7,new_track,17
721,3605,120.167,camera_3,removed,-1
721,3605,120.167,camera_6,lost_track,23
722,3610,120.333,camera_6,lost_track,24
724,3620,120.667,camera_6,reacquired,23
729,3645,121.5,camera_2,removed,33
729,3645,121.5,camera_3,new_track,43
729,3645,121.5,camera_7,lost_track,16
730,3650,121.667,camera_4,reacquired,23
731,3655,121.833,camera_2,new_track,34
731,3655,121.833,camera_4,lost_track,23
732,3660,122.0,camera_2,lost_track,34
733,3665,122.167,camera_2,reacquired,34
733,3665,122.167,camera_6,lost_track,23
733,3665,122.167,camera_7,lost_track,17
734,3670,122.333,camera_3,lost_track,43
734,3670,122.333,camera_5,lost_track,40
734,3670,122.333,camera_7,reacquired,16
734,3670,122.333,camera_7,removed,-1
735,3675,122.5,camera_6,reacquired,23
736,3680,122.667,camera_3,reacquired,43
736,3680,122.667,camera_6,lost_track,23
736,3680,122.667,camera_7,removed,-1
737,3685,122.833,camera_6,reacquired,23
737,3685,122.833,camera_7,new_track,18
739,3695,123.167,camera_7,lost_track,18
740,3700,123.333,camera_5,new_track,41
740,3700,123.333,camera_7,lost_track,16
741,3705,123.5,camera_6,lost_track,23
741,3705,123.5,camera_7,new_track,19
742,3710,123.667,camera_5,new_track,42
742,3710,123.667,camera_7,lost_track,19
743,3715,123.833,camera_4,removed,22
743,3715,123.833,camera_5,lost_track,41
743,3715,123.833,camera_6,reacquired,23
743,3715,123.833,camera_7,removed,15
744,3720,124.0,camera_3,removed,42
744,3720,124.0,camera_5,lost_track,42
744,3720,124.0,camera_7,removed,-1
745,3725,124.167,camera_5,reacquired,41
745,3725,124.167,camera_5,reacquired,42
746,3730,124.333,camera_3,removed,41
746,3730,124.333,camera_6,lost_track,23
746,3730,124.333,camera_7,removed,-1
747,3735,124.5,camera_5,lost_track,42
747,3735,124.5,camera_6,new_track,25
749,3745,124.833,camera_5,removed,39
749,3745,124.833,camera_6,lost_track,25
750,3750,125.0,camera_1,new_track,16
750,3750,125.0,camera_6,removed,-1
750,3750,125.0,camera_7,reacquired,18
751,3755,125.167,camera_2,lost_track,34
751,3755,125.167,camera_7,new_track,20
752,3760,125.333,camera_6,removed,24
753,3765,125.5,camera_7,lost_track,18
754,3770,125.667,camera_3,lost_track,43
754,3770,125.667,camera_7,reacquired,18
755,3775,125.833,camera_3,reacquired,43
756,3780,126.0,camera_7,lost_track,20
757,3785,126.167,camera_2,removed,-1
757,3785,126.167,camera_7,removed,-1
758,3790,126.333,camera_2,new_track,35
761,3805,126.833,camera_2,lost_track,35
761,3805,126.833,camera_4,removed,23
762,3810,127.0,camera_5,lost_track,41
762,3810,127.0,camera_7,lost_track,18
763,3815,127.167,camera_7,removed,17
764,3820,127.333,camera_5,removed,40
764,3820,127.333,camera_7,removed,-1
767,3835,127.833,camera_7,removed,-1
770,3850,128.333,camera_7,removed,16
772,3860,128.667,camera_1,removed,-1
772,3860,128.667,camera_7,removed,19
773,3865,128.833,camera_4,new_track,24
776,3880,129.333,camera_6,removed,23
776,3880,129.333,camera_7,new_track,21
777,3885,129.5,camera_5,removed,42
778,3890,129.667,camera_4,lost_track,24
778,3890,129.667,camera_7,lost_track,21
779,3895,129.833,camera_6,removed,25
780,3900,130.0,camera_7,reacquired,21
781,3905,130.167,camera_2,removed,34
781,3905,130.167,camera_7,new_track,22
783,3915,130.5,camera_3,lost_track,43
784,3920,130.667,camera_6,new_track,26
784,3920,130.667,camera_7,lost_track,22
785,3925,130.833,camera_7,reacquired,22
786,3930,131.0,camera_7,removed,20
789,3945,131.5,camera_7,lost_track,22
790,3950,131.667,camera_7,reacquired,22
791,3955,131.833,camera_2,removed,35
791,3955,131.833,camera_2,removed,-1
791,3955,131.833,camera_7,lost_track,21
792,3960,132.0,camera_5,removed,41
792,3960,132.0,camera_7,reacquired,21
792,3960,132.0,camera_7,removed,18
794,3970,132.333,camera_6,removed,-1
795,3975,132.5,camera_2,new_track,36
795,3975,132.5,camera_7,new_track,23
795,3975,132.5,camera_7,lost_track,21
796,3980,132.667,camera_6,new_track,27
796,3980,132.667,camera_7,reacquired,21
797,3985,132.833,camera_6,lost_track,26
797,3985,132.833,camera_6,lost_track,27
797,3985,132.833,camera_7,lost_track,21
797,3985,132.833,camera_7,lost_track,23
798,3990,133.0,camera_5,new_track,43
798,3990,133.0,camera_6,reacquired,26
798,3990,133.0,camera_7,reacquired,23
799,3995,133.167,camera_7,lost_track,22
799,3995,133.167,camera_7,lost_track,23
800,4000,133.333,camera_6,new_track,28
800,4000,133.333,camera_6,lost_track,26
800,4000,133.333,camera_6,removed,-1
800,4000,133.333,camera_7,reacquired,22
800,4000,133.333,camera_7,reacquired,23
801,4005,133.5,camera_6,reacquired,26
801,4005,133.5,camera_6,lost_track,28
801,4005,133.5,camera_7,removed,-1
802,4010,133.667,camera_6,new_track,29
802,4010,133.667,camera_6,lost_track,26
802,4010,133.667,camera_7,lost_track,23
803,4015,133.833,camera_7,new_track,24
803,4015,133.833,camera_7,reacquired,23
803,4015,133.833,camera_7,lost_track,22
803,4015,133.833,camera_7,removed,-1
804,4020,134.0,camera_3,new_track,44
805,4025,134.167,camera_6,new_track,30
805,4025,134.167,camera_6,reacquired,28
806,4030,134.333,camera_7,lost_track,23
807,4035,134.5,camera_7,reacquired,23
808,4040,134.667,camera_4,removed,24
810,4050,135.0,camera_2,new_track,37
810,4050,135.0,camera_2,lost_track,36
810,4050,135.0,camera_6,lost_track,28
810,4050,135.0,camera_7,lost_track,23
811,4055,135.167,camera_4,new_track,25
811,4055,135.167,camera_6,reacquired,28
811,4055,135.167,camera_6,lost_track,29
812,4060,135.333,camera_2,lost_track,37
812,4060,135.333,camera_6,lost_track,28
812,4060,135.333,camera_7,reacquired,23
813,4065,135.5,camera_2,new_track,38
813,4065,135.5,camera_3,removed,43
813,4065,135.5,camera_6,reacquired,27
813,4065,135.5,camera_6,reacquired,29
813,4065,135.5,camera_6,lost_track,30
813,4065,135.5,camera_7,lost_track,23
814,4070,135.667,camera_2,removed,-1
814,4070,135.667,camera_4,lost_track,25
814,4070,135.667,camera_6,reacquired,30
814,4070,135.667,camera_7,new_track,25
815,4075,135.833,camera_6,removed,-1
816,4080,136.0,camera_6,lost_track,27
816,4080,136.0,camera_6,lost_track,29
816,4080,136.0,camera_7,lost_track,25
817,4085,136.167,camera_6,reacquired,29
817,4085,136.167,camera_7,reacquired,25
818,4090,136.333,camera_6,reacquired,27
818,4090,136.333,camera_6,lost_track,30
818,4090,136.333,camera_7,lost_track,25
819,4095,136.5,camera_1,removed,-1
819,4095,136.5,camera_3,removed,-1
819,4095,136.5,camera_5,lost_track,43
819,4095,136.5,camera_6,removed,-1
820,4100,136.667,camera_1,new_track,17
820,4100,136.667,camera_1,lost_track,16
820,4100,136.667,camera_5,new_track,44
820,4100,136.667,camera_5,reacquired,43
820,4100,136.667,camera_7,reacquired,25
821,4105,136.833,camera_1,lost_track,17
821,4105,136.833,camera_3,new_track,45
821,4105,136.833,camera_6,lost_track,29
822,4110,137.0,camera_1,reacquired,17
822,4110,137.0,camera_3,lost_track,45
823,4115,137.167,camera_6,lost_track,27
823,4115,137.167,camera_7,lost_track,25
824,4120,137.333,camera_3,new_track,46
824,4120,137.333,camera_5,lost_track,44
825,4125,137.5,camera_3,lost_track,44
825,4125,137.5,camera_5,lost_track,43
825,4125,137.5,camera_6,reacquired,27
826,4130,137.667,camera_5,reacquired,44
826,4130,137.667,camera_7,lost_track,24
827,4135,137.833,camera_5,lost_track,44
827,4135,137.833,camera_5,removed,-1
827,4135,137.833,camera_7,reacquired,24
827,4135,137.833,camera_7,removed,21
828,4140,138.0,camera_3,reacquired,45
828,4140,138.0,camera_3,removed,-1
829,4145,138.167,camera_1,removed,-1
829,4145,138.167,camera_5,reacquired,44
829,4145,138.167,camera_7,removed,-1
830,4150,138.333,camera_5,lost_track,44
830,4150,138.333,camera_6,new_track,31
831,4155,138.5,camera_3,lost_track,45
831,4155,138.5,camera_6,lost_track,31
832,4160,138.667,camera_2,new_track,39
832,4160,138.667,camera_5,removed,-1
832,4160,138.667,camera_6,removed,26
832,4160,138.667,camera_7,new_track,26
832,4160,138.667,camera_7,lost_track,24
833,4165,138.833,camera_1,lost_track,17
833,4165,138.833,camera_7,removed,22
834,4170,139.0,camera_3,removed,-1
835,4175,139.167,camera_5,new_track,45
835,4175,139.167,camera_7,lost_track,26
837,4185,139.5,camera_5,new_track,46
837,4185,139.5,camera_7,reacquired,26
838,4190,139.667,camera_1,removed,-1
838,4190,139.667,camera_2,lost_track,38
838,4190,139.667,camera_2,lost_track,39
838,4190,139.667,camera_7,lost_track,26
839,4195,139.833,camera_1,new_track,18
839,4195,139.833,camera_3,lost_track,46
839,4195,139.833,camera_7,removed,-1
840,4200,140.0,camera_2,removed,36
840,4200,140.0,camera_3,removed,-1
841,4205,140.167,camera_3,new_track,47
841,4205,140.167,camera_6,lost_track,27
842,4210,140.333,camera_2,removed,37
842,4210,140.333,camera_6,removed,28
843,4215,140.5,camera_1,lost_track,18
843,4215,140.5,camera_7,removed,23
844,4220,140.667,camera_4,removed,25
844,4220,140.667,camera_5,lost_track,46
846,4230,141.0,camera_7,removed,-1
848,4240,141.333,camera_6,removed,30
848,4240,141.333,camera_7,removed,-1
850,4250,141.667,camera_1,removed,16
851,4255,141.833,camera_6,removed,29
851,4255,141.833,camera_7,new_track,27
853,4265,142.167,camera_7,new_track,28
853,4265,142.167,camera_7,removed,25
855,4275,142.5,camera_3,removed,44
855,4275,142.5,camera_5,removed,43
855,4275,142.5,camera_5,removed,-1
855,4275,142.5,camera_7,lost_track,28
859,4295,143.167,camera_3,lost_track,47
859,4295,143.167,camera_5,lost_track,45
860,4300,143.333,camera_5,removed,44
860,4300,143.333,camera_7,removed,-1
861,4305,143.5,camera_3,new_track,48
861,4305,143.5,camera_3,removed,45
861,4305,143.5,camera_6,removed,31
862,4310,143.667,camera_5,removed,-1
862,4310,143.667,camera_7,removed,24
863,4315,143.833,camera_1,removed,17
863,4315,143.833,camera_1,removed,-1
863,4315,143.833,camera_5,new_track,47
864,4320,144.0,camera_3,lost_track,48
868,4340,144.667,camera_2,removed,38
868,4340,144.667,camera_2,removed,39
868,4340,144.667,camera_7,reacquired,28
868,4340,144.667,camera_7,removed,26
869,4345,144.833,camera_2,new_track,40
869,4345,144.833,camera_3,removed,46
869,4345,144.833,camera_7,lost_track,28
870,4350,145.0,camera_1,removed,-1
871,4355,145.167,camera_4,new_track,26
871,4355,145.167,camera_5,new_track,48
871,4355,145.167,camera_5,lost_track,47
871,4355,145.167,camera_6,removed,27
871,4355,145.167,camera_7,removed,-1
872,4360,145.333,camera_2,new_track,41
873,4365,145.5,camera_1,removed,18
873,4365,145.5,camera_6,removed,-1
874,4370,145.667,camera_5,removed,46
874,4370,145.667,camera_6,new_track,32
874,4370,145.667,camera_6,new_track,33
874,4370,145.667,camera_7,new_track,29
876,4380,146.0,camera_4,lost_track,26
877,4385,146.167,camera_2,lost_track,40
877,4385,146.167,camera_6,lost_track,33
878,4390,146.333,camera_2,new_track,42
878,4390,146.333,camera_2,reacquired,40
878,4390,146.333,camera_7,lost_track,29
879,4395,146.5,camera_2,lost_track,42
879,4395,146.5,camera_7,reacquired,29
880,4400,146.667,camera_2,lost_track,41
881,4405,146.833,camera_2,lost_track,40
882,4410,147.0,camera_6,new_track,34
883,4415,147.167,camera_5,lost_track,48
883,4415,147.167,camera_6,lost_track,32
883,4415,147.167,camera_7,lost_track,29
884,4420,147.333,camera_2,reacquired,40
884,4420,147.333,camera_5,removed,-1
884,4420,147.333,camera_6,removed,-1
884,4420,147.333,camera_7,reacquired,29
884,4420,147.333,camera_7,lost_track,27
885,4425,147.5,camera_6,new_track,35
885,4425,147.5,camera_6,lost_track,34
885,4425,147.5,camera_7,reacquired,27
886,4430,147.667,camera_6,reacquired,34
886,4430,147.667,camera_6,lost_track,35
886,4430,147.667,camera_6,removed,-1
887,4435,147.833,camera_2,reacquired,41
888,4440,148.0,camera_3,new_track,49
888,4440,148.0,camera_7,lost_track,27
889,4445,148.167,camera_2,lost_track,40
889,4445,148.167,camera_2,lost_track,41
889,4445,148.167,camera_3,removed,47
889,4445,148.167,camera_5,removed,45
889,4445,148.167,camera_7,reacquired,27
889,4445,148.167,camera_7,lost_track,29
890,4450,148.333,camera_1,removed,-1
890,4450,148.333,camera_2,reacquired,40
890,4450,148.333,camera_2,reacquired,42
891,4455,148.5,camera_7,removed,-1
892,4460,148.667,camera_2,new_track,43
892,4460,148.667,camera_6,lost_track,34
893,4465,148.833,camera_3,lost_track,49
893,4465,148.833,camera_6,reacquired,34
894,4470,149.0,camera_2,lost_track,42
894,4470,149.0,camera_2,lost_track,43
894,4470,149.0,camera_2,removed,-1
894,4470,149.0,camera_3,removed,48
895,4475,149.167,camera_2,reacquired,43
895,4475,149.167,camera_5,new_track,49
897,4485,149.5,camera_2,lost_track,40
898,4490,149.667,camera_6,lost_track,34
899,4495,149.833,camera_4,removed,-1
899,4495,149.833,camera_7,removed,28
900,4500,150.0,camera_1,removed,-1
900,4500,150.0,camera_6,reacquired,34
900,4500,150.0,camera_7,lost_track,27
901,4505,150.167,camera_5,removed,47
901,4505,150.167,camera_6,lost_track,34
902,4510,150.333,camera_2,lost_track,43
902,4510,150.333,camera_6,reacquired,34
903,4515,150.5,camera_3,removed,-1
903,4515,150.5,camera_6,lost_track,34
904,4520,150.667,camera_2,reacquired,43
904,4520,150.667,camera_3,new_track,50
905,4525,150.833,camera_2,lost_track,43
906,4530,151.0,camera_4,removed,26
907,4535,151.167,camera_6,removed,33
908,4540,151.333,camera_2,reacquired,43
908,4540,151.333,camera_3,reacquired,49
908,4540,151.333,camera_3,lost_track,50
909,4545,151.5,camera_1,removed,-1
909,4545,151.5,camera_2,lost_track,43
909,4545,151.5,camera_3,reacquired,50
909,4545,151.5,camera_3,lost_track,49
910,4550,151.667,camera_1,new_track,19
910,4550,151.667,camera_2,reacquired,43
911,4555,151.833,camera_2,lost_track,43
911,4555,151.833,camera_3,lost_track,50
912,4560,152.0,camera_3,removed,-1
913,4565,152.167,camera_3,reacquired,50
913,4565,152.167,camera_5,removed,48
913,4565,152.167,camera_6,removed,32
914,4570,152.333,camera_2,new_track,44
914,4570,152.333,camera_5,removed,-1
915,4575,152.5,camera_2,lost_track,44
915,4575,152.5,camera_3,new_track,51
916,4580,152.667,camera_2,new_track,45
916,4580,152.667,camera_5,removed,-1
916,4580,152.667,camera_6,removed,35
919,4595,153.167,camera_2,removed,41
919,4595,153.167,camera_4,new_track,27
919,4595,153.167,camera_7,removed,29
920,4600,153.333,camera_5,lost_track,49
921,4605,153.5,camera_3,lost_track,51
921,4605,153.5,camera_6,removed,-1
922,4610,153.667,camera_3,reacquired,51
922,4610,153.667,camera_6,new_track,36
923,4615,153.833,camera_3,lost_track,51
924,4620,154.0,camera_2,removed,42
924,4620,154.0,camera_6,lost_track,36
925,4625,154.167,camera_6,reacquired,36
925,4625,154.167,camera_6,removed,-1
926,4630,154.333,camera_5,new_track,50
927,4635,154.5,camera_2,removed,40
927,4635,154.5,camera_3,reacquired,51
928,4640,154.667,camera_1,removed,-1
928,4640,154.667,camera_3,new_track,52
928,4640,154.667,camera_3,lost_track,51
929,4645,154.833,camera_3,removed,-1
930,4650,155.0,camera_6,new_track,37
930,4650,155.0,camera_7,removed,27
932,4660,155.333,camera_1,new_track,20
932,4660,155.333,camera_6,lost_track,37
933,4665,155.5,camera_3,lost_track,50
933,4665,155.5,camera_6,lost_track,36
933,4665,155.5,camera_6,removed,34
934,4670,155.667,camera_3,reacquired,50
936,4680,156.0,camera_3,lost_track,52
937,4685,156.167,camera_4,lost_track,27
938,4690,156.333,camera_2,reacquired,44
938,4690,156.333,camera_4,removed,-1
939,4695,156.5,camera_3,removed,49
940,4700,156.667,camera_2,lost_track,44
941,4705,156.833,camera_2,removed,43
944,4720,157.333,camera_1,lost_track,3
944,4720,157.333,camera_2,removed,-1
945,4725,157.5,camera_1,reacquired,3
945,4725,157.5,camera_3,new_track,53
947,4735,157.833,camera_5,new_track,51
948,4740,158.0,camera_5,lost_track,50
948,4740,158.0,camera_5,removed,-1
949,4745,158.167,camera_1,lost_track,19
949,4745,158.167,camera_1,lost_track,3
949,4745,158.167,camera_5,lost_track,51
950,4750,158.333,camera_1,reacquired,3
950,4750,158.333,camera_2,new_track,46
950,4750,158.333,camera_5,reacquired,51
950,4750,158.333,camera_5,removed,49
951,4755,158.5,camera_3,lost_track,50
952,4760,158.667,camera_1,lost_track,3
954,4770,159.0,camera_1,reacquired,3
955,4775,159.167,camera_5,lost_track,51
956,4780,159.333,camera_3,lost_track,53
957,4785,159.5,camera_2,lost_track,45
957,4785,159.5,camera_5,reacquired,51
958,4790,159.667,camera_3,reacquired,53
958,4790,159.667,camera_3,removed,51
958,4790,159.667,camera_3,removed,-1
958,4790,159.667,camera_7,removed,-1
959,4795,159.833,camera_2,lost_track,46
959,4795,159.833,camera_3,new_track,54
959,4795,159.833,camera_5,lost_track,51
960,4800,160.0,camera_1,lost_track,3
960,4800,160.0,camera_1,removed,-1
960,4800,160.0,camera_5,reacquired,51
961,4805,160.167,camera_5,lost_track,51
962,4810,160.333,camera_1,removed,-1
962,4810,160.333,camera_2,removed,-1
962,4810,160.333,camera_5,reacquired,51
962,4810,160.333,camera_6,removed,37
962,4810,160.333,camera_7,new_track,30
963,4815,160.5,camera_1,new_track,21
963,4815,160.5,camera_1,reacquired,3
963,4815,160.5,camera_6,removed,36
964,4820,160.667,camera_5,lost_track,51
964,4820,160.667,camera_7,lost_track,30
965,4825,160.833,camera_5,reacquired,51
965,4825,160.833,camera_7,reacquired,30
965,4825,160.833,camera_7,removed,-1
966,4830,161.0,camera_3,removed,52
966,4830,161.0,camera_5,lost_track,51
966,4830,161.0,camera_5,removed,-1
967,4835,161.167,camera_3,lost_track,53
967,4835,161.167,camera_4,removed,27
969,4845,161.5,camera_7,lost_track,30
970,4850,161.667,camera_2,removed,44
971,4855,161.833,camera_4,removed,-1
975,4875,162.5,camera_1,lost_track,20
978,4890,163.0,camera_1,removed,-1
978,4890,163.0,camera_2,new_track,47
978,4890,163.0,camera_5,removed,50
979,4895,163.167,camera_1,removed,19
980,4900,163.333,camera_3,lost_track,54
981,4905,163.5,camera_3,removed,50
981,4905,163.5,camera_4,removed,-1
982,4910,163.667,camera_4,new_track,28
982,4910,163.667,camera_5,new_track,52
984,4920,164.0,camera_1,new_track,22
984,4920,164.0,camera_5,lost_track,52
987,4935,164.5,camera_1,lost_track,22
987,4935,164.5,camera_2,removed,45
987,4935,164.5,camera_5,new_track,53
988,4940,164.667,camera_5,reacquired,52
989,4945,164.833,camera_2,lost_track,47
989,4945,164.833,camera_2,removed,46
989,4945,164.833,camera_3,new_track,55
990,4950,165.0,camera_2,new_track,48
991,4955,165.167,camera_3,lost_track,55
992,4960,165.333,camera_3,reacquired,55
994,4970,165.667,camera_2,new_track,49
995,4975,165.833,camera_1,reacquired,22
995,4975,165.833,camera_1,lost_track,21
995,4975,165.833,camera_1,removed,-1
995,4975,165.833,camera_3,removed,-1
995,4975,165.833,camera_4,removed,-1
996,4980,166.0,camera_1,reacquired,21
996,4980,166.0,camera_1,lost_track,22
996,4980,166.0,camera_2,lost_track,48
996,4980,166.0,camera_4,lost_track,28
996,4980,166.0,camera_5,removed,51
997,4985,166.167,camera_2,reacquired,48
997,4985,166.167,camera_2,lost_track,49
997,4985,166.167,camera_3,new_track,56
997,4985,166.167,camera_3,lost_track,55
997,4985,166.167,camera_3,removed,53
997,4985,166.167,camera_4,new_track,29
998,4990,166.333,camera_1,reacquired,22
998,4990,166.333,camera_1,lost_track,21
998,4990,166.333,camera_3,reacquired,55
998,4990,166.333,camera_4,new_track,30
998,4990,166.333,camera_5,lost_track,53
998,4990,166.333,camera_6,new_track,38
998,4990,166.333,camera_6,removed,-1
999,4995,166.5,camera_1,lost_track,22
999,4995,166.5,camera_2,reacquired,49
999,4995,166.5,camera_5,new_track,54
999,4995,166.5,camera_5,reacquired,53
999,4995,166.5,camera_6,new_track,39
999,4995,166.5,camera_7,removed,30
1000,5000,166.667,camera_1,new_track,23
1000,5000,166.667,camera_3,lost_track,55
1001,5005,166.833,camera_3,reacquired,55
1001,5005,166.833,camera_6,lost_track,38
1002,5010,167.0,camera_5,lost_track,53
1004,5020,167.333,camera_1,lost_track,23
1004,5020,167.333,camera_3,lost_track,56
1004,5020,167.333,camera_5,reacquired,53
1004,5020,167.333,camera_7,new_track,31
1005,5025,167.5,camera_1,removed,20
1005,5025,167.5,camera_2,lost_track,49
1005,5025,167.5,camera_6,lost_track,39
1006,5030,167.667,camera_2,reacquired,49
1006,5030,167.667,camera_3,reacquired,56
1006,5030,167.667,camera_5,lost_track,52
1006,5030,167.667,camera_5,lost_track,53
1006,5030,167.667,camera_6,reacquired,39
1007,5035,167.833,camera_5,new_track,55
1007,5035,167.833,camera_6,lost_track,39
1008,5040,168.0,camera_2,lost_track,48
1008,5040,168.0,camera_5,lost_track,54
1009,5045,168.167,camera_2,reacquired,48
1009,5045,168.167,camera_5,reacquired,54
1009,5045,168.167,camera_5,lost_track,55
1009,5045,168.167,camera_6,reacquired,39
1010,5050,168.333,camera_3,removed,54
1010,5050,168.333,camera_5,lost_track,54
1011,5055,168.5,camera_2,lost_track,48
1011,5055,168.5,camera_3,new_track,57
1011,5055,168.5,camera_5,reacquired,54
1011,5055,168.5,camera_6,lost_track,39
1012,5060,168.667,camera_2,reacquired,48
1012,5060,168.667,camera_2,lost_track,49
1012,5060,168.667,camera_3,lost_track,57
1012,5060,168.667,camera_5,lost_track,54
1013,5065,168.833,camera_3,reacquired,57
1013,5065,168.833,camera_5,reacquired,54
1015,5075,169.167,camera_4,lost_track,29
1015,5075,169.167,camera_5,lost_track,54
1015,5075,169.167,camera_7,lost_track,31
1016,5080,169.333,camera_2,lost_track,48
1016,5080,169.333,camera_3,lost_track,56
1016,5080,169.333,camera_4,removed,-1
1017,5085,169.5,camera_2,removed,-1
1017,5085,169.5,camera_3,reacquired,56
1018,5090,169.667,camera_3,lost_track,57
1019,5095,169.833,camera_2,removed,47
1019,5095,169.833,camera_4,lost_track,30
1020,5100,170.0,camera_3,lost_track,55
1021,5105,170.167,camera_3,removed,-1
1021,5105,170.167,camera_4,reacquired,30
1022,5110,170.333,camera_5,reacquired,54
1022,5110,170.333,camera_5,removed,-1
1023,5115,170.5,camera_2,removed,-1
1024,5120,170.667,camera_5,lost_track,54
1026,5130,171.0,camera_2,new_track,50
1026,5130,171.0,camera_4,removed,28
1027,5135,171.167,camera_1,removed,-1
1027,5135,171.167,camera_4,lost_track,30
1028,5140,171.333,camera_1,removed,21
1029,5145,171.5,camera_1,removed,22
1029,5145,171.5,camera_3,lost_track,56
1030,5150,171.667,camera_5,removed,-1
1031,5155,171.833,camera_3,reacquired,56
1031,5155,171.833,camera_4,removed,-1
1031,5155,171.833,camera_6,removed,38
1032,5160,172.0,camera_3,lost_track,56
1032,5160,172.0,camera_4,new_track,31
1034,5170,172.333,camera_1,removed,23
1034,5170,172.333,camera_3,reacquired,56
1035,5175,172.5,camera_2,lost_track,50
1035,5175,172.5,camera_4,reacquired,30
1036,5180,172.667,camera_2,reacquired,50
1036,5180,172.667,camera_3,lost_track,56
1036,5180,172.667,camera_5,removed,52
1036,5180,172.667,camera_5,removed,53
1037,5185,172.833,camera_3,reacquired,56
1039,5195,173.167,camera_5,removed,55
1040,5200,173.333,camera_2,lost_track,50
1040,5200,173.333,camera_3,lost_track,56
1041,5205,173.5,camera_2,new_track,51
1041,5205,173.5,camera_6,removed,39
1042,5210,173.667,camera_2,removed,49
1045,5225,174.167,camera_4,removed,29
1045,5225,174.167,camera_7,removed,31
1046,5230,174.333,camera_2,removed,48
1047,5235,174.5,camera_2,lost_track,51
1047,5235,174.5,camera_3,new_track,58
1047,5235,174.5,camera_4,lost_track,30
1048,5240,174.667,camera_3,lost_track,58
1048,5240,174.667,camera_3,removed,57
1050,5250,175.0,camera_3,removed,55
1054,5270,175.667,camera_5,removed,54
1055,5275,175.833,camera_4,removed,-1
1058,5290,176.333,camera_1,removed,-1
1061,5305,176.833,camera_4,removed,-1
1063,5315,177.167,camera_4,removed,-1
1065,5325,177.5,camera_4,new_track,32
1066,5330,177.667,camera_4,new_track,33
1070,5350,178.333,camera_2,removed,50
1070,5350,178.333,camera_3,removed,56
1070,5350,178.333,camera_4,lost_track,32
1071,5355,178.5,camera_4,lost_track,31
1072,5360,178.667,camera_4,reacquired,32
1075,5375,179.167,camera_4,new_track,34
1077,5385,179.5,camera_2,removed,51
1077,5385,179.5,camera_4,removed,30
1078,5390,179.667,camera_3,removed,58
1078,5390,179.667,camera_5,new_track,56
1080,5400,180.0,camera_5,new_track,57
1081,5405,180.167,camera_4,lost_track,32
1081,5405,180.167,camera_4,lost_track,33
1082,5410,180.333,camera_4,reacquired,32
1084,5420,180.667,camera_4,reacquired,33
1085,5425,180.833,camera_5,lost_track,56
1086,5430,181.0,camera_5,reacquired,56
1088,5440,181.333,camera_4,lost_track,33
1089,5445,181.5,camera_4,reacquired,33
1092,5460,182.0,camera_1,removed,-1
1092,5460,182.0,camera_5,lost_track,56
1096,5480,182.667,camera_4,lost_track,33
1096,5480,182.667,camera_5,lost_track,57
1097,5485,182.833,camera_5,reacquired,56
1098,5490,183.0,camera_1,removed,-1
1098,5490,183.0,camera_5,reacquired,57
1098,5490,183.0,camera_5,lost_track,56
1101,5505,183.5,camera_4,removed,31
1104,5520,184.0,camera_5,lost_track,57
1124,5620,187.333,camera_1,removed,-1
1126,5630,187.667,camera_4,removed,33
1128,5640,188.0,camera_5,removed,56
1130,5650,188.333,camera_4,lost_track,32
1131,5655,188.5,camera_1,removed,-1
1131,5655,188.5,camera_4,reacquired,32
1134,5670,189.0,camera_5,removed,57
1136,5680,189.333,camera_2,new_track,52
1139,5695,189.833,camera_2,lost_track,52
1140,5700,190.0,camera_2,reacquired,52
1140,5700,190.0,camera_4,lost_track,32
1141,5705,190.167,camera_4,reacquired,32
1142,5710,190.333,camera_4,lost_track,32
1143,5715,190.5,camera_4,reacquired,32
1152,5760,192.0,camera_3,removed,-1
1155,5775,192.5,camera_2,lost_track,52
1156,5780,192.667,camera_1,removed,-1
1156,5780,192.667,camera_2,reacquired,52
1160,5800,193.333,camera_2,lost_track,52
1162,5810,193.667,camera_2,removed,-1
1164,5820,194.0,camera_5,new_track,58
1165,5825,194.167,camera_1,new_track,24
1166,5830,194.333,camera_1,lost_track,8
1167,5835,194.5,camera_1,reacquired,8
1167,5835,194.5,camera_1,lost_track,24
1168,5840,194.667,camera_1,lost_track,8
1169,5845,194.833,camera_1,reacquired,8
1169,5845,194.833,camera_2,removed,-1
1170,5850,195.0,camera_4,removed,-1
1171,5855,195.167,camera_4,new_track,35
1173,5865,195.5,camera_2,new_track,53
1173,5865,195.5,camera_4,lost_track,32
1173,5865,195.5,camera_4,lost_track,35
1176,5880,196.0,camera_1,removed,-1
1176,5880,196.0,camera_3,removed,-1
1177,5885,196.167,camera_5,lost_track,58
1178,5890,196.333,camera_1,new_track,25
1178,5890,196.333,camera_3,removed,-1
1178,5890,196.333,camera_4,reacquired,32
1179,5895,196.5,camera_3,new_track,59
1180,5900,196.667,camera_1,lost_track,25
1182,5910,197.0,camera_1,removed,-1
1182,5910,197.0,camera_2,lost_track,53
1183,5915,197.167,camera_2,reacquired,53
1189,5945,198.167,camera_5,new_track,59
1189,5945,198.167,camera_5,new_track,60
1190,5950,198.333,camera_2,removed,52
1193,5965,198.833,camera_5,lost_track,60
1199,5995,199.833,camera_1,removed,-1
1200,6000,200.0,camera_3,lost_track,59
1200,6000,200.0,camera_5,lost_track,59
1203,6015,200.5,camera_4,removed,35
1204,6020,200.667,camera_2,lost_track,53
1206,6030,201.0,camera_1,new_track,26
1206,6030,201.0,camera_5,removed,-1
1207,6035,201.167,camera_5,removed,58
1208,6040,201.333,camera_2,new_track,54
1208,6040,201.333,camera_5,new_track,61
1209,6045,201.5,camera_3,lost_track,28
1209,6045,201.5,camera_5,removed,-1
1210,6050,201.667,camera_1,removed,25
1211,6055,201.833,camera_3,removed,-1
1211,6055,201.833,camera_5,removed,-1
1213,6065,202.167,camera_2,lost_track,54
1213,6065,202.167,camera_5,new_track,62
1213,6065,202.167,camera_5,new_track,63
1214,6070,202.333,camera_2,removed,-1
1215,6075,202.5,camera_5,lost_track,63
1216,6080,202.667,camera_3,new_track,60
1218,6090,203.0,camera_3,lost_track,60
1219,6095,203.167,camera_3,reacquired,60
1219,6095,203.167,camera_5,lost_track,62
1220,6100,203.333,camera_5,removed,-1
1223,6115,203.833,camera_5,removed,60
1224,6120,204.0,camera_3,lost_track,60
1227,6135,204.5,camera_5,new_track,64
1229,6145,204.833,camera_5,lost_track,64
1230,6150,205.0,camera_1,new_track,27
1230,6150,205.0,camera_3,removed,59
1230,6150,205.0,camera_5,removed,59
1231,6155,205.167,camera_1,lost_track,27
1231,6155,205.167,camera_5,reacquired,64
1231,6155,205.167,camera_5,lost_track,61
1233,6165,205.5,camera_1,reacquired,27
1233,6165,205.5,camera_5,lost_track,64
1234,6170,205.667,camera_1,lost_track,27
1234,6170,205.667,camera_2,removed,53
1236,6180,206.0,camera_5,reacquired,64
1236,6180,206.0,camera_5,removed,-1
1239,6195,206.5,camera_3,removed,28
1241,6205,206.833,camera_2,new_track,55
1243,6215,207.167,camera_2,removed,54
1245,6225,207.5,camera_5,removed,63
1246,6230,207.667,camera_2,lost_track,55
1247,6235,207.833,camera_5,new_track,65
1248,6240,208.0,camera_2,reacquired,55
1249,6245,208.167,camera_5,lost_track,65
1249,6245,208.167,camera_5,removed,62
1251,6255,208.5,camera_5,reacquired,65
1254,6270,209.0,camera_3,removed,60
1254,6270,209.0,camera_5,new_track,66
1255,6275,209.167,camera_5,lost_track,66
1257,6285,209.5,camera_4,lost_track,32
1257,6285,209.5,camera_5,lost_track,64
1258,6290,209.667,camera_4,reacquired,32
1258,6290,209.667,camera_5,lost_track,65
1260,6300,210.0,camera_4,new_track,36
1260,6300,210.0,camera_5,reacquired,64
1261,6305,210.167,camera_5,reacquired,65
1261,6305,210.167,camera_5,removed,61
1262,6310,210.333,camera_4,lost_track,36
1264,6320,210.667,camera_2,lost_track,55
1264,6320,210.667,camera_5,lost_track,65
1265,6325,210.833,camera_1,new_track,28
1265,6325,210.833,camera_2,reacquired,55
1266,6330,211.0,camera_2,lost_track,55
1267,6335,211.167,camera_5,lost_track,64
1268,6340,211.333,camera_2,new_track,56
1268,6340,211.333,camera_2,reacquired,55
1269,6345,211.5,camera_2,lost_track,55
1275,6375,212.5,camera_2,lost_track,56
1276,6380,212.667,camera_2,reacquired,56
1277,6385,212.833,camera_2,lost_track,56
1278,6390,213.0,camera_2,reacquired,56
1280,6400,213.333,camera_1,removed,-1
1280,6400,213.333,camera_4,new_track,37
1281,6405,213.5,camera_1,new_track,29
1282,6410,213.667,camera_4,lost_track,37
1285,6425,214.167,camera_5,removed,66
1286,6430,214.333,camera_3,removed,-1
1287,6435,214.5,camera_3,new_track,61
1290,6450,215.0,camera_3,lost_track,61
1291,6455,215.167,camera_3,reacquired,61
1292,6460,215.333,camera_4,removed,36
1292,6460,215.333,camera_5,removed,-1
1293,6465,215.5,camera_5,new_track,67
1294,6470,215.667,camera_3,lost_track,61
1294,6470,215.667,camera_5,new_track,68
1294,6470,215.667,camera_5,removed,65
1295,6475,215.833,camera_3,reacquired,61
1295,6475,215.833,camera_3,removed,-1
1295,6475,215.833,camera_5,lost_track,67
1296,6480,216.0,camera_5,reacquired,67
1297,6485,216.167,camera_5,lost_track,67
1297,6485,216.167,camera_5,removed,64
1298,6490,216.333,camera_5,reacquired,67
1298,6490,216.333,camera_5,lost_track,68
1299,6495,216.5,camera_2,removed,55
1299,6495,216.5,camera_5,reacquired,68
1300,6500,216.667,camera_5,lost_track,68
1301,6505,216.833,camera_5,lost_track,67
1304,6520,217.333,camera_1,lost_track,3
1304,6520,217.333,camera_2,lost_track,56
1305,6525,217.5,camera_2,reacquired,56
1305,6525,217.5,camera_3,lost_track,61
1305,6525,217.5,camera_4,new_track,38
1305,6525,217.5,camera_4,lost_track,34
1306,6530,217.667,camera_1,reacquired,3
1306,6530,217.667,camera_2,lost_track,56
1306,6530,217.667,camera_3,new_track,62
1306,6530,217.667,camera_4,reacquired,34
1306,6530,217.667,camera_4,lost_track,38
1307,6535,217.833,camera_1,lost_track,3
1307,6535,217.833,camera_4,reacquired,38
1308,6540,218.0,camera_1,reacquired,3
1308,6540,218.0,camera_3,lost_track,62
1309,6545,218.167,camera_1,lost_track,3
1309,6545,218.167,camera_3,reacquired,62
1310,6550,218.333,camera_3,lost_track,62
1311,6555,218.5,camera_1,reacquired,3
1312,6560,218.667,camera_4,removed,37
1313,6565,218.833,camera_1,lost_track,29
1314,6570,219.0,camera_4,lost_track,32
1315,6575,219.167,camera_4,reacquired,32
1316,6580,219.333,camera_1,lost_track,3
1317,6585,219.5,camera_1,new_track,30
1317,6585,219.5,camera_4,lost_track,34
1317,6585,219.5,camera_4,lost_track,38
1318,6590,219.667,camera_1,reacquired,3
1318,6590,219.667,camera_4,reacquired,34
1319,6595,219.833,camera_1,lost_track,3
1319,6595,219.833,camera_2,new_track,57
1320,6600,220.0,camera_2,lost_track,57
1320,6600,220.0,camera_4,new_track,39
1321,6605,220.167,camera_1,lost_track,8
1321,6605,220.167,camera_3,removed,-1
1322,6610,220.333,camera_1,removed,-1
1323,6615,220.5,camera_2,reacquired,57
1323,6615,220.5,camera_3,removed,-1
1324,6620,220.667,camera_1,reacquired,8
1325,6625,220.833,camera_1,lost_track,8
1325,6625,220.833,camera_4,lost_track,32
1326,6630,221.0,camera_3,new_track,63
1326,6630,221.0,camera_4,reacquired,32
1326,6630,221.0,camera_4,lost_track,34
1326,6630,221.0,camera_4,removed,-1
1327,6635,221.167,camera_3,removed,-1
1327,6635,221.167,camera_4,reacquired,34
1328,6640,221.333,camera_1,reacquired,8
1328,6640,221.333,camera_1,removed,-1
1328,6640,221.333,camera_4,lost_track,32
1329,6645,221.5,camera_1,new_track,31
1329,6645,221.5,camera_1,reacquired,3
1329,6645,221.5,camera_1,lost_track,30
1330,6650,221.667,camera_5,removed,68
1331,6655,221.833,camera_3,lost_track,63
1331,6655,221.833,camera_3,removed,-1
1331,6655,221.833,camera_5,removed,67
1332,6660,222.0,camera_3,new_track,64
1332,6660,222.0,camera_3,reacquired,63
1332,6660,222.0,camera_4,lost_track,34
1333,6665,222.167,camera_2,lost_track,57
1333,6665,222.167,camera_4,reacquired,34
1335,6675,222.5,camera_3,removed,61
1336,6680,222.667,camera_2,removed,56
1337,6685,222.833,camera_3,lost_track,63
1338,6690,223.0,camera_1,new_track,32
1339,6695,223.167,camera_3,reacquired,63
1339,6695,223.167,camera_4,lost_track,39
1340,6700,223.333,camera_1,removed,-1
1340,6700,223.333,camera_3,removed,62
1340,6700,223.333,camera_4,removed,-1
1341,6705,223.5,camera_3,lost_track,63
1343,6715,223.833,camera_1,removed,29
1343,6715,223.833,camera_3,reacquired,63
1343,6715,223.833,camera_4,removed,-1
1344,6720,224.0,camera_1,lost_track,31
1346,6730,224.333,camera_1,removed,-1
1347,6735,224.5,camera_4,removed,38
1351,6755,225.167,camera_3,lost_track,63
1352,6760,225.333,camera_3,new_track,65
1353,6765,225.5,camera_1,removed,-1
1354,6770,225.667,camera_2,new_track,58
1354,6770,225.667,camera_3,lost_track,64
1355,6775,225.833,camera_1,new_track,33
1355,6775,225.833,camera_1,removed,-1
1355,6775,225.833,camera_3,reacquired,64
1357,6785,226.167,camera_1,lost_track,33
1357,6785,226.167,camera_2,lost_track,58
1358,6790,226.333,camera_2,reacquired,58
1358,6790,226.333,camera_4,removed,32
1359,6795,226.5,camera_1,reacquired,33
1359,6795,226.5,camera_1,removed,30
1360,6800,226.667,camera_1,lost_track,33
1361,6805,226.833,camera_2,lost_track,58
1362,6810,227.0,camera_1,reacquired,33
1363,6815,227.167,camera_2,removed,57
1363,6815,227.167,camera_4,lost_track,34
1364,6820,227.333,camera_4,removed,-1
1368,6840,228.0,camera_3,lost_track,64
1369,6845,228.167,camera_1,lost_track,33
1369,6845,228.167,camera_4,removed,39
1370,6850,228.333,camera_1,reacquired,33
1370,6850,228.333,camera_1,lost_track,32
1370,6850,228.333,camera_1,removed,-1
1371,6855,228.5,camera_5,new_track,69
1372,6860,228.667,camera_3,removed,-1
1373,6865,228.833,camera_3,reacquired,64
1374,6870,229.0,camera_1,removed,31
1375,6875,229.167,camera_5,removed,-1
1376,6880,229.333,camera_1,removed,-1
1377,6885,229.5,camera_3,lost_track,64
1377,6885,229.5,camera_3,lost_track,65
1377,6885,229.5,camera_3,removed,-1
1378,6890,229.667,camera_5,new_track,70
1379,6895,229.833,camera_3,new_track,66
1379,6895,229.833,camera_5,lost_track,69
1380,6900,230.0,camera_3,reacquired,65
1381,6905,230.167,camera_3,removed,63
1383,6915,230.5,camera_3,reacquired,64
1384,6920,230.667,camera_3,lost_track,64
1384,6920,230.667,camera_3,lost_track,65
1385,6925,230.833,camera_1,removed,-1
1385,6925,230.833,camera_3,reacquired,64
1386,6930,231.0,camera_3,removed,-1
1387,6935,231.167,camera_3,lost_track,64
1388,6940,231.333,camera_1,new_track,34
1389,6945,231.5,camera_1,lost_track,34
1389,6945,231.5,camera_3,new_track,67
1390,6950,231.667,camera_5,lost_track,70
1391,6955,231.833,camera_2,removed,58
1392,6960,232.0,camera_1,reacquired,34
1393,6965,232.167,camera_4,removed,34
1395,6975,232.5,camera_4,new_track,40
1398,6990,233.0,camera_5,new_track,71
1399,6995,233.167,camera_3,lost_track,66
1400,7000,233.333,camera_1,removed,32
1400,7000,233.333,camera_2,removed,-1
1401,7005,233.5,camera_3,lost_track,67
1401,7005,233.5,camera_5,removed,-1
1402,7010,233.667,camera_2,removed,-1
1402,7010,233.667,camera_3,removed,-1
1403,7015,233.833,camera_3,new_track,68
1403,7015,233.833,camera_5,lost_track,71
1404,7020,234.0,camera_2,new_track,59
1404,7020,234.0,camera_3,removed,-1
1406,7030,234.333,camera_3,new_track,69
1407,7035,234.5,camera_5,reacquired,71
1408,7040,234.667,camera_5,new_track,72
1408,7040,234.667,camera_5,lost_track,71
1409,7045,234.833,camera_3,lost_track,68
1409,7045,234.833,camera_3,lost_track,69
1409,7045,234.833,camera_5,removed,69
1410,7050,235.0,camera_4,lost_track,40
1411,7055,235.167,camera_1,lost_track,34
1411,7055,235.167,camera_2,lost_track,59
1412,7060,235.333,camera_1,reacquired,34
1412,7060,235.333,camera_3,reacquired,68
1413,7065,235.5,camera_1,lost_track,34
1414,7070,235.667,camera_3,removed,65
1414,7070,235.667,camera_5,reacquired,71
1416,7080,236.0,camera_4,removed,-1
1417,7085,236.167,camera_3,removed,64
1420,7100,236.667,camera_5,new_track,73
1420,7100,236.667,camera_5,lost_track,72
1420,7100,236.667,camera_5,removed,70
1421,7105,236.833,camera_3,reacquired,69
1421,7105,236.833,camera_4,removed,-1
1422,7110,237.0,camera_1,removed,-1
1422,7110,237.0,camera_4,new_track,41
1423,7115,237.167,camera_2,new_track,60
1423,7115,237.167,camera_3,reacquired,67
1423,7115,237.167,camera_3,lost_track,68
1423,7115,237.167,camera_4,removed,-1
1424,7120,237.333,camera_3,lost_track,69
1424,7120,237.333,camera_3,removed,-1
1427,7135,237.833,camera_1,removed,-1
1427,7135,237.833,camera_4,removed,-1
1428,7140,238.0,camera_3,new_track,70
1429,7145,238.167,camera_2,lost_track,60
1429,7145,238.167,camera_3,removed,66
1430,7150,238.333,camera_2,reacquired,60
1430,7150,238.333,camera_3,lost_track,70
1430,7150,238.333,camera_3,removed,-1
1431,7155,238.5,camera_5,removed,-1
1432,7160,238.667,camera_1,new_track,35
1432,7160,238.667,camera_3,reacquired,70
1432,7160,238.667,camera_4,removed,-1
1433,7165,238.833,camera_3,lost_track,70
1434,7170,239.0,camera_2,new_track,61
1434,7170,239.0,camera_4,lost_track,41
1435,7175,239.167,camera_3,new_track,71
1436,7180,239.333,camera_1,lost_track,33
1436,7180,239.333,camera_3,lost_track,71
1437,7185,239.5,camera_2,lost_track,60
1437,7185,239.5,camera_2,lost_track,61
1438,7190,239.667,camera_1,removed,-1
1438,7190,239.667,camera_2,reacquired,60
1438,7190,239.667,camera_2,reacquired,61
1438,7190,239.667,camera_2,removed,-1
1439,7195,239.833,camera_5,lost_track,73
1440,7200,240.0,camera_3,removed,-1
1440,7200,240.0,camera_4,removed,40
1440,7200,240.0,camera_5,reacquired,73
1441,7205,240.167,camera_1,new_track,36
1441,7205,240.167,camera_2,removed,59
1441,7205,240.167,camera_5,lost_track,71
1442,7210,240.333,camera_3,new_track,72
1442,7210,240.333,camera_5,lost_track,73
1443,7215,240.5,camera_1,removed,34
1444,7220,240.667,camera_1,lost_track,36
1444,7220,240.667,camera_2,removed,-1
1444,7220,240.667,camera_5,reacquired,73
1446,7230,241.0,camera_2,lost_track,60
1446,7230,241.0,camera_5,lost_track,73
1447,7235,241.167,camera_1,lost_track,35
1448,7240,241.333,camera_1,reacquired,35
1450,7250,241.667,camera_5,removed,72
1451,7255,241.833,camera_2,new_track,62
1452,7260,242.0,camera_3,lost_track,67
1452,7260,242.0,camera_4,removed,-1
1453,7265,242.167,camera_3,removed,68
1454,7270,242.333,camera_3,removed,69
1455,7275,242.5,camera_2,lost_track,62
1455,7275,242.5,camera_3,new_track,73
1456,7280,242.667,camera_2,reacquired,62
1457,7285,242.833,camera_2,lost_track,62
1457,7285,242.833,camera_4,removed,-1
1458,7290,243.0,camera_1,lost_track,35
1458,7290,243.0,camera_2,removed,-1
1458,7290,243.0,camera_3,lost_track,72
1458,7290,243.0,camera_4,new_track,42
1459,7295,243.167,camera_1,reacquired,36
1459,7295,243.167,camera_3,reacquired,72
1460,7300,243.333,camera_2,new_track,63
1461,7305,243.5,camera_1,lost_track,36
1461,7305,243.5,camera_2,lost_track,63
1461,7305,243.5,camera_3,lost_track,72
1461,7305,243.5,camera_4,removed,-1
1462,7310,243.667,camera_1,reacquired,36
1462,7310,243.667,camera_3,reacquired,72
1463,7315,243.833,camera_3,reacquired,67
1463,7315,243.833,camera_3,lost_track,73
1463,7315,243.833,camera_3,removed,70
1463,7315,243.833,camera_4,removed,-1
1464,7320,244.0,camera_1,lost_track,36
1464,7320,244.0,camera_4,removed,41
1465,7325,244.167,camera_1,reacquired,36
1465,7325,244.167,camera_5,new_track,74
1466,7330,244.333,camera_1,lost_track,36
1466,7330,244.333,camera_1,removed,33
1466,7330,244.333,camera_3,removed,71
1466,7330,244.333,camera_4,new_track,43
1466,7330,244.333,camera_5,lost_track,74
1467,7335,244.5,camera_1,removed,-1
1468,7340,244.667,camera_3,lost_track,72
1469,7345,244.833,camera_2,lost_track,61
1470,7350,245.0,camera_2,reacquired,63
1470,7350,245.0,camera_3,reacquired,73
1470,7350,245.0,camera_3,lost_track,67
1470,7350,245.0,camera_4,lost_track,43
1471,7355,245.167,camera_2,lost_track,63
1471,7355,245.167,camera_4,new_track,44
1471,7355,245.167,camera_5,new_track,75
1471,7355,245.167,camera_5,removed,71
1473,7365,245.5,camera_4,lost_track,44
1474,7370,245.667,camera_1,removed,-1
1474,7370,245.667,camera_2,new_track,64
1474,7370,245.667,camera_4,new_track,45
1476,7380,246.0,camera_2,reacquired,63
1476,7380,246.0,camera_2,lost_track,64
1476,7380,246.0,camera_2,removed,60
1476,7380,246.0,camera_4,lost_track,45
1476,7380,246.0,camera_5,removed,73
1477,7385,246.167,camera_2,removed,-1
1483,7415,247.167,camera_3,lost_track,73
1484,7420,247.333,camera_2,lost_track,63
1484,7420,247.333,camera_3,reacquired,73
1485,7425,247.5,camera_2,removed,-1
1486,7430,247.667,camera_1,removed,-1
1486,7430,247.667,camera_3,lost_track,73
1486,7430,247.667,camera_4,lost_track,42
1487,7435,247.833,camera_2,removed,62
1487,7435,247.833,camera_3,removed,-1
1487,7435,247.833,camera_4,removed,-1
1488,7440,248.0,camera_1,removed,35
1489,7445,248.167,camera_5,lost_track,75
1496,7480,249.333,camera_1,removed,36
1496,7480,249.333,camera_5,removed,74
1498,7490,249.667,camera_3,removed,72
1499,7495,249.833,camera_2,removed,61
1500,7500,250.0,camera_3,removed,67
1500,7500,250.0,camera_4,removed,43
1503,7515,250.5,camera_4,removed,44
1506,7530,251.0,camera_2,removed,64
1506,7530,251.0,camera_4,removed,45
1507,7535,251.167,camera_1,removed,-1
1507,7535,251.167,camera_4,new_track,46
1510,7550,251.667,camera_1,removed,-1
1514,7570,252.333,camera_2,removed,63
1516,7580,252.667,camera_3,removed,73
1516,7580,252.667,camera_4,removed,42
1517,7585,252.833,camera_1,removed,-1
1518,7590,253.0,camera_4,lost_track,46
1519,7595,253.167,camera_5,removed,75
1521,7605,253.5,camera_6,new_track,40
1526,7630,254.333,camera_4,new_track,47
1528,7640,254.667,camera_5,new_track,76
1533,7665,255.5,camera_4,lost_track,47
1534,7670,255.667,camera_6,new_track,41
1536,7680,256.0,camera_6,lost_track,41
1537,7685,256.167,camera_4,new_track,48
1537,7685,256.167,camera_6,lost_track,40
1537,7685,256.167,camera_6,removed,-1
1538,7690,256.333,camera_2,removed,-1
1540,7700,256.667,camera_2,removed,-1
1543,7715,257.167,camera_1,removed,-1
1543,7715,257.167,camera_4,lost_track,48
1548,7740,258.0,camera_4,removed,46
1549,7745,258.167,camera_5,lost_track,76
1552,7760,258.667,camera_5,removed,-1
1553,7765,258.833,camera_5,new_track,77
1553,7765,258.833,camera_6,new_track,42
1554,7770,259.0,camera_6,lost_track,42
1555,7775,259.167,camera_5,lost_track,77
1555,7775,259.167,camera_5,removed,-1
1555,7775,259.167,camera_6,reacquired,41
1555,7775,259.167,camera_6,reacquired,42
1558,7790,259.667,camera_5,removed,-1
1559,7795,259.833,camera_5,new_track,78
1559,7795,259.833,camera_6,lost_track,41
1563,7815,260.5,camera_4,removed,47
1567,7835,261.167,camera_6,removed,40
1568,7840,261.333,camera_7,removed,-1
1569,7845,261.5,camera_5,lost_track,78
1571,7855,261.833,camera_6,lost_track,42
1571,7855,261.833,camera_7,removed,-1
1572,7860,262.0,camera_6,removed,-1
1572,7860,262.0,camera_7,new_track,32
1573,7865,262.167,camera_4,removed,48
1573,7865,262.167,camera_6,new_track,43
1577,7885,262.833,camera_4,removed,-1
1578,7890,263.0,camera_4,new_track,49
1579,7895,263.167,camera_5,removed,76
1580,7900,263.333,camera_5,removed,-1
1582,7910,263.667,camera_7,lost_track,32
1583,7915,263.833,camera_4,lost_track,49
1584,7920,264.0,camera_5,new_track,79
1584,7920,264.0,camera_7,removed,-1
1585,7925,264.167,camera_5,removed,77
1589,7945,264.833,camera_6,reacquired,41
1589,7945,264.833,camera_6,removed,-1
1590,7950,265.0,camera_5,removed,-1
1592,7960,265.333,camera_6,lost_track,41
1592,7960,265.333,camera_6,lost_track,43
1594,7970,265.667,camera_6,removed,-1
1595,7975,265.833,camera_1,removed,-1
1598,7990,266.333,camera_5,removed,-1
1599,7995,266.5,camera_5,removed,78
1600,8000,266.667,camera_5,new_track,80
1601,8005,266.833,camera_5,lost_track,80
1601,8005,266.833,camera_6,removed,42
1603,8015,267.167,camera_2,new_track,65
1606,8030,267.667,camera_2,lost_track,65
1609,8045,268.167,camera_5,lost_track,79
1612,8060,268.667,camera_7,removed,32
1613,8065,268.833,camera_4,removed,49
1613,8065,268.833,camera_5,removed,-1
1616,8080,269.333,camera_5,reacquired,80
1616,8080,269.333,camera_5,removed,-1
1617,8085,269.5,camera_5,lost_track,80
1618,8090,269.667,camera_5,new_track,81
1620,8100,270.0,camera_5,new_track,82
1622,8110,270.333,camera_6,removed,41
1622,8110,270.333,camera_6,removed,43
1623,8115,270.5,camera_5,lost_track,82
1624,8120,270.667,camera_5,new_track,83
1625,8125,270.833,camera_5,lost_track,81
1626,8130,271.0,camera_5,reacquired,81
1627,8135,271.167,camera_5,lost_track,81
1628,8140,271.333,camera_5,lost_track,83
1629,8145,271.5,camera_1,removed,-1
1631,8155,271.833,camera_7,new_track,33
1632,8160,272.0,camera_2,new_track,66
1632,8160,272.0,camera_2,new_track,67
1636,8180,272.667,camera_2,removed,65
1639,8195,273.167,camera_5,removed,79
1642,8210,273.667,camera_2,lost_track,67
1643,8215,273.833,camera_2,reacquired,67
1645,8225,274.167,camera_2,lost_track,66
1647,8235,274.5,camera_2,reacquired,66
1647,8235,274.5,camera_5,removed,80
1650,8250,275.0,camera_5,removed,-1
1652,8260,275.333,camera_5,new_track,84
1653,8265,275.5,camera_5,removed,82
1656,8280,276.0,camera_5,lost_track,84
1657,8285,276.167,camera_2,lost_track,66
1657,8285,276.167,camera_2,lost_track,67
1657,8285,276.167,camera_5,removed,81
1657,8285,276.167,camera_7,lost_track,33
1658,8290,276.333,camera_5,removed,83
1659,8295,276.5,camera_5,removed,-1
1659,8295,276.5,camera_7,reacquired,33
1663,8315,277.167,camera_2,new_track,68
1663,8315,277.167,camera_3,new_track,74
1663,8315,277.167,camera_4,new_track,50
1663,8315,277.167,camera_5,removed,-1
1665,8325,277.5,camera_2,lost_track,68
1665,8325,277.5,camera_5,new_track,85
1666,8330,277.667,camera_2,reacquired,68
1667,8335,277.833,camera_6,removed,-1
1668,8340,278.0,camera_2,lost_track,68
1668,8340,278.0,camera_3,lost_track,74
1669,8345,278.167,camera_6,new_track,44
1669,8345,278.167,camera_6,new_track,45
1672,8360,278.667,camera_6,lost_track,44
1674,8370,279.0,camera_1,new_track,37
1676,8380,279.333,camera_2,removed,-1
1678,8390,279.667,camera_2,removed,-1
1679,8395,279.833,camera_4,removed,-1
1680,8400,280.0,camera_3,removed,-1
1680,8400,280.0,camera_4,new_track,51
1681,8405,280.167,camera_3,new_track,75
1681,8405,280.167,camera_4,lost_track,50
1682,8410,280.333,camera_2,removed,-1
1682,8410,280.333,camera_4,lost_track,51
1685,8425,280.833,camera_2,new_track,69
1685,8425,280.833,camera_2,removed,-1
1686,8430,281.0,camera_2,new_track,70
1686,8430,281.0,camera_5,removed,84
1687,8435,281.167,camera_2,lost_track,70
1687,8435,281.167,camera_2,removed,66
1687,8435,281.167,camera_2,removed,67
1687,8435,281.167,camera_5,lost_track,85
1688,8440,281.333,camera_1,removed,-1
1688,8440,281.333,camera_2,reacquired,70
1688,8440,281.333,camera_2,lost_track,69
1693,8465,282.167,camera_6,lost_track,45
1694,8470,282.333,camera_1,removed,-1
1696,8480,282.667,camera_7,lost_track,33
1697,8485,282.833,camera_2,lost_track,70
1698,8490,283.0,camera_2,reacquired,70
1698,8490,283.0,camera_2,removed,68
1698,8490,283.0,camera_3,removed,74
1699,8495,283.167,camera_2,lost_track,70
1701,8505,283.5,camera_4,removed,-1
1702,8510,283.667,camera_5,new_track,86
1702,8510,283.667,camera_6,removed,44
1703,8515,283.833,camera_4,new_track,52
1703,8515,283.833,camera_5,lost_track,86
1706,8530,284.333,camera_3,lost_track,75
1707,8535,284.5,camera_3,reacquired,75
1710,8550,285.0,camera_3,lost_track,75
1710,8550,285.0,camera_4,new_track,53
1711,8555,285.167,camera_4,removed,50
1712,8560,285.333,camera_1,new_track,38
1712,8560,285.333,camera_3,new_track,76
1712,8560,285.333,camera_4,removed,51
1713,8565,285.5,camera_4,lost_track,52
